rank,finalWorth,category,personName,age,country,city,source,industries,countryOfCitizenship,organization,selfMade,status,gender,birthDate,lastName,firstName,title,date,state,residenceStateRegion,birthYear,birthMonth,birthDay,cpi_country,cpi_change_country,gdp_country,gross_tertiary_education_enrollment,gross_primary_education_enrollment_country,life_expectancy_country,tax_revenue_country_country,total_tax_rate_country,population_country,latitude_country,longitude_country,associated_companies,number_of_companies
1,211000,Fashion & Retail,Bernard Arnault & family,74.0,France,Paris,LVMH,Fashion & Retail,France,LVMH Moët Hennessy Louis Vuitton,False,U,M,3/5/1949 0:00,Arnault,Bernard,Chairman & CEO,4/4/2023 5:01,,,1949.0,3.0,5.0,110.05,1.1,"$2,715,518,274,227 ",65.6,102.5,82.5,24.2,60.7,67059887.0,46.227638,2.213749,"LVMH (Louis Vuitton, Dior, Givenchy, Tiffany & Co., Moët & Chandon, Sephora, Bulgari, Hublot)",75
2,180000,Automotive,Elon Musk,51.0,United States,Austin,"Tesla, SpaceX",Automotive,United States,Tesla,True,D,M,6/28/1971 0:00,Musk,Elon,"CEO, Founder & Engineer",4/4/2023 5:01,Texas,South,1971.0,6.0,28.0,117.24,7.5,"$21,427,700,000,000 ",88.2,101.8,78.5,9.6,36.6,328239523.0,37.09024,-95.712891,"Tesla, SpaceX, X (Twitter), Starlink, The Boring Company, Neuralink, xAI, SolarCity",7
3,114000,Technology,Jeff Bezos,59.0,United States,Medina,Amazon,Technology,United States,Amazon,True,D,M,1/12/1964 0:00,Bezos,Jeff,Executive Chair & Founder,4/4/2023 5:01,Washington,West,1964.0,1.0,12.0,117.24,7.5,"$21,427,700,000,000 ",88.2,101.8,78.5,9.6,36.6,328239523.0,37.09024,-95.712891,"Amazon, Blue Origin, The Washington Post, Bezos Expeditions, Altos Labs, Nash Holdings",100
4,107000,Technology,Larry Ellison,78.0,United States,Lanai,Oracle,Technology,United States,Oracle,True,U,M,8/17/1944 0:00,Ellison,Larry,"Chairman, CTO & Cofounder",4/4/2023 5:01,Hawaii,West,1944.0,8.0,17.0,117.24,7.5,"$21,427,700,000,000 ",88.2,101.8,78.5,9.6,36.6,328239523.0,37.09024,-95.712891,"Oracle, Tesla (stake), NetSuite, Sensei Ag, Paramount Global",5
5,106000,Finance & Investments,Warren Buffett,92.0,United States,Omaha,Berkshire Hathaway,Finance & Investments,United States,Berkshire Hathaway Inc. (Cl A),True,D,M,8/30/1930 0:00,Buffett,Warren,Chairman & CEO,4/4/2023 5:01,Nebraska,Midwest,1930.0,8.0,30.0,117.24,7.5,"$21,427,700,000,000 ",88.2,101.8,78.5,9.6,36.6,328239523.0,37.09024,-95.712891,"Berkshire Hathaway (GEICO, Duracell, Dairy Queen, BNSF Railway, Fruit of the Loom, Kraft Heinz)",60
6,104000,Technology,Bill Gates,67.0,United States,Medina,Microsoft,Technology,United States,Bill & Melinda Gates Foundation,True,D,M,10/28/1955 0:00,Gates,Bill,Cofounder & Co-chair,4/4/2023 5:01,Washington,West,1955.0,10.0,28.0,117.24,7.5,"$21,427,700,000,000 ",88.2,101.8,78.5,9.6,36.6,328239523.0,37.09024,-95.712891,"Microsoft, Cascade Investment, TerraPower, Breakthrough Energy, Waste Management, Deere & Co.",20
7,94500,Media & Entertainment,Michael Bloomberg,81.0,United States,New York,Bloomberg LP,Media & Entertainment,United States,Bloomberg,True,U,M,2/14/1942 0:00,Bloomberg,Michael,Founder & Owner,4/4/2023 5:01,New York,Northeast,1942.0,2.0,14.0,117.24,7.5,"$21,427,700,000,000 ",88.2,101.8,78.5,9.6,36.6,328239523.0,37.09024,-95.712891,"Bloomberg LP (Bloomberg News, Bloomberg Radio, Bloomberg Businessweek, BloombergNEF, CityLab)",10
8,93000,Telecom,Carlos Slim Helu & family,83.0,Mexico,Mexico City,Telecom,Telecom,Mexico,América Móvil,True,U,M,1/28/1940 0:00,Slim Helu,Carlos,Honorary Chairman & Founder,4/4/2023 5:01,,,1940.0,1.0,28.0,141.54,3.6,"$1,258,286,717,125 ",40.2,105.8,75.0,13.1,55.1,126014024.0,23.634501,-102.552784,"América Móvil, Grupo Carso, Telmex, Sanborns, Minera Frisco, Inbursa",6
9,83400,Diversified,Mukesh Ambani,65.0,India,Mumbai,Diversified,Diversified,India,Reliance Industries,False,D,M,4/19/1957 0:00,Ambani,Mukesh,Chairman & Managing Director,4/4/2023 5:01,,,1957.0,4.0,19.0,180.44,7.7,"$2,611,000,000,000 ",28.1,113.0,69.4,11.2,49.7,1366417754.0,20.593684,78.96288,"Reliance Industries (Jio Platforms, Reliance Retail, Network18, Mumbai Indians, Hamleys, Radisys)",15
10,80700,Technology,Steve Ballmer,67.0,United States,Hunts Point,Microsoft,Technology,United States,Los Angeles Clippers,True,D,M,3/24/1956 0:00,Ballmer,Steve,Owner,4/4/2023 5:01,Washington,West,1956.0,3.0,24.0,117.24,7.5,"$21,427,700,000,000 ",88.2,101.8,78.5,9.6,36.6,328239523.0,37.09024,-95.712891,"Microsoft, Los Angeles Clippers, The Ballmer Group, Forum (Inglewood)",3
11,80500,Fashion & Retail,Francoise Bettencourt Meyers & family,69.0,France,Paris,L'Oréal,Fashion & Retail,France,,False,U,F,7/10/1953 0:00,Bettencourt Meyers,Francoise,Vice Chair & President,4/4/2023 5:01,,,1953.0,7.0,10.0,110.05,1.1,"$2,715,518,274,227 ",65.6,102.5,82.5,24.2,60.7,67059887.0,46.227638,2.213749,L'Oréal,1
12,79200,Technology,Larry Page,50.0,United States,Palo Alto,Google,Technology,United States,Alphabet,True,D,M,3/26/1973 0:00,Page,Larry,Cofounder & Board Member,4/4/2023 5:01,California,West,1973.0,3.0,26.0,117.24,7.5,"$21,427,700,000,000 ",88.2,101.8,78.5,9.6,36.6,328239523.0,37.09024,-95.712891,"Alphabet, Google",2
13,77300,Fashion & Retail,Amancio Ortega,87.0,Spain,La Coruna,Zara,Fashion & Retail,Spain,,True,U,M,3/28/1936 0:00,Ortega,Amancio,Founder & Former Chairman,4/4/2023 5:01,,,1936.0,3.0,28.0,110.96,0.7,"$1,394,116,310,769 ",88.9,102.7,83.3,14.2,47.0,47076781.0,40.463667,-3.74922,Zara,1
14,76000,Technology,Sergey Brin,49.0,United States,Los Altos,Google,Technology,United States,Alphabet,True,D,M,8/21/1973 0:00,Brin,Sergey,Cofounder & Board Member,4/4/2023 5:01,California,West,1973.0,8.0,21.0,117.24,7.5,"$21,427,700,000,000 ",88.2,101.8,78.5,9.6,36.6,328239523.0,37.09024,-95.712891,"Alphabet, Google",2
15,68000,Food & Beverage,Zhong Shanshan,68.0,China,Hangzhou,"Beverages, pharmaceuticals",Food & Beverage,China,,True,U,M,12/1/1954 0:00,Zhong,Shanshan,Founder & Chairman,4/4/2023 5:01,,,1954.0,12.0,1.0,125.08,2.9,"$19,910,000,000,000 ",50.6,100.2,77.0,9.4,59.2,1397715000.0,35.86166,104.195397,"Beverages, pharmaceuticals",2
16,64400,Technology,Mark Zuckerberg,38.0,United States,Palo Alto,Facebook,Technology,United States,Meta Platforms,True,D,M,5/14/1984 0:00,Zuckerberg,Mark,"Founder, Chairman & CEO",4/4/2023 5:01,California,West,1984.0,5.0,14.0,117.24,7.5,"$21,427,700,000,000 ",88.2,101.8,78.5,9.6,36.6,328239523.0,37.09024,-95.712891,"Facebook, Meta Platforms",2
17,59000,Diversified,Charles Koch & family,87.0,United States,Wichita,Koch Industries,Diversified,United States,"Koch Industries, Inc.",False,D,M,11/1/1935 0:00,Koch,Charles,Chairman & Co-CEO,4/4/2023 5:01,Kansas,Midwest,1935.0,11.0,1.0,117.24,7.5,"$21,427,700,000,000 ",88.2,101.8,78.5,9.6,36.6,328239523.0,37.09024,-95.712891,"Koch Industries, Koch Industries, Inc.",2
17,59000,Diversified,Julia Koch & family,60.0,United States,New York,Koch Industries,Diversified,United States,,False,D,F,4/12/1962 0:00,Koch,Julia,Board Member & Owner,4/4/2023 5:01,New York,Northeast,1962.0,4.0,12.0,117.24,7.5,"$21,427,700,000,000 ",88.2,101.8,78.5,9.6,36.6,328239523.0,37.09024,-95.712891,Koch Industries,1
19,58800,Fashion & Retail,Jim Walton,74.0,United States,Bentonville,Walmart,Fashion & Retail,United States,"Arvest Bank Group, Inc.",False,D,M,6/7/1948 0:00,Walton,Jim,Chairman & CEO,4/4/2023 5:01,Arkansas,South,1948.0,6.0,7.0,117.24,7.5,"$21,427,700,000,000 ",88.2,101.8,78.5,9.6,36.6,328239523.0,37.09024,-95.712891,"Arvest Bank Group, Inc., Walmart",2
20,57600,Fashion & Retail,Rob Walton & family,78.0,United States,Bentonville,Walmart,Fashion & Retail,United States,Walmart,False,D,M,10/27/1944 0:00,Walton,Rob,Former Chairman,4/4/2023 5:01,Arkansas,South,1944.0,10.0,27.0,117.24,7.5,"$21,427,700,000,000 ",88.2,101.8,78.5,9.6,36.6,328239523.0,37.09024,-95.712891,Walmart,1
21,56700,Fashion & Retail,Alice Walton,73.0,United States,Fort Worth,Walmart,Fashion & Retail,United States,Crystal Bridges Museum of American Art,False,D,F,10/7/1949 0:00,Walton,Alice,Chairman,4/4/2023 5:01,Texas,South,1949.0,10.0,7.0,117.24,7.5,"$21,427,700,000,000 ",88.2,101.8,78.5,9.6,36.6,328239523.0,37.09024,-95.712891,"Crystal Bridges Museum of American Art, Walmart",2
22,54400,Media & Entertainment,David Thomson & family,65.0,Canada,Toronto,Media,Media & Entertainment,Canada,Thomson Reuters Corporation,False,U,M,6/12/1957 0:00,Thomson,David,Chairman,4/4/2023 5:01,,,1957.0,6.0,12.0,116.76,1.9,"$1,736,425,629,520 ",68.9,100.9,81.9,12.8,24.5,36991981.0,56.130366,-106.346771,"Media, Thomson Reuters Corporation",2
23,50100,Technology,Michael Dell,58.0,United States,Austin,Dell Technologies,Technology,United States,Dell Inc.,True,D,M,2/23/1965 0:00,Dell,Michael,Chairman & CEO,4/4/2023 5:01,Texas,South,1965.0,2.0,23.0,117.24,7.5,"$21,427,700,000,000 ",88.2,101.8,78.5,9.6,36.6,328239523.0,37.09024,-95.712891,"Dell Inc., Dell Technologies",2
24,47200,Diversified,Gautam Adani,60.0,India,Ahmedabad,"Infrastructure, commodities",Diversified,India,,True,D,M,6/24/1962 0:00,Adani,Gautam,Chairman & Founder & Adani Group,4/4/2023 5:01,,,1962.0,6.0,24.0,180.44,7.7,"$2,611,000,000,000 ",28.1,113.0,69.4,11.2,49.7,1366417754.0,20.593684,78.96288,"Infrastructure, commodities",2
25,45100,Fashion & Retail,Phil Knight & family,85.0,United States,Hillsboro,Nike,Fashion & Retail,United States,Nike,True,D,M,2/24/1938 0:00,Knight,Phil,Cofounder & Chairman Emeritus,4/4/2023 5:01,Oregon,West,1938.0,2.0,24.0,117.24,7.5,"$21,427,700,000,000 ",88.2,101.8,78.5,9.6,36.6,328239523.0,37.09024,-95.712891,Nike,1
26,45000,Technology,Zhang Yiming,39.0,China,Beijing,TikTok,Technology,China,ByteDance,True,D,M,1/1/1984 0:00,Zhang,Yiming,Founder,4/4/2023 5:01,,,1984.0,1.0,1.0,125.08,2.9,"$19,910,000,000,000 ",50.6,100.2,77.0,9.4,59.2,1397715000.0,35.86166,104.195397,"ByteDance, TikTok",2
27,42900,Fashion & Retail,Dieter Schwarz,83.0,Germany,Neckarsulm,Retail,Fashion & Retail,Germany,,False,D,M,9/24/1939 0:00,Schwarz,Dieter,Owner,4/4/2023 5:01,,,1939.0,9.0,24.0,112.85,1.4,"$3,845,630,030,824 ",70.2,104.0,80.9,11.5,48.8,83132799.0,51.165691,10.451526,Retail,1
28,40100,Fashion & Retail,François Pinault & family,86.0,France,Paris,Luxury goods,Fashion & Retail,France,,True,D,M,8/21/1936 0:00,Pinault,François,Controlling Shareholder & (Family Estate),4/4/2023 5:01,,,1936.0,8.0,21.0,110.05,1.1,"$2,715,518,274,227 ",65.6,102.5,82.5,24.2,60.7,67059887.0,46.227638,2.213749,Luxury goods,1
29,39100,Logistics,Klaus-Michael Kuehne,85.0,Switzerland,Schindellegi,Shipping,Logistics,Germany,,False,U,M,6/2/1937 0:00,Kuehne,Klaus-Michael,Heir & Major Shareholder,4/4/2023 5:01,,,1937.0,6.0,2.0,99.55,0.4,"$703,082,435,360 ",59.6,105.2,83.6,10.1,28.8,8574832.0,46.818188,8.227512,Shipping,1
30,38900,Food & Beverage,Giovanni Ferrero,58.0,Belgium,Brussels,"Nutella, chocolates",Food & Beverage,Italy,,False,U,M,9/21/1964 0:00,Ferrero,Giovanni,Heir & Major Shareholder & Nutella,4/4/2023 5:01,,,1964.0,9.0,21.0,117.11,1.4,"$529,606,710,418 ",79.7,103.9,81.6,24.0,55.4,11484055.0,50.503887,4.469936,"Nutella, chocolates",2
31,38300,Food & Beverage,Jacqueline Mars,83.0,United States,The Plains,"Candy, pet food",Food & Beverage,United States,,False,U,F,10/10/1939 0:00,Mars,Jacqueline,Heir & Major Shareholder & Candy & pet,4/4/2023 5:01,Virginia,South,1939.0,10.0,10.0,117.24,7.5,"$21,427,700,000,000 ",88.2,101.8,78.5,9.6,36.6,328239523.0,37.09024,-95.712891,"Candy, pet food",2
31,38300,Food & Beverage,John Mars,87.0,United States,Jackson,"Candy, pet food",Food & Beverage,United States,,False,U,M,10/15/1935 0:00,Mars,John,Heir & Major Shareholder & Candy & pet,4/4/2023 5:01,Wyoming,South,1935.0,10.0,15.0,117.24,7.5,"$21,427,700,000,000 ",88.2,101.8,78.5,9.6,36.6,328239523.0,37.09024,-95.712891,"Candy, pet food",2
33,38000,Diversified,Li Ka-shing,94.0,Hong Kong,,Diversified,Diversified,Hong Kong,CK Hutchison Holdings,True,U,M,6/13/1928 0:00,Li,Ka-shing,Founder & Lead Investor,4/4/2023 5:01,,,1928.0,6.0,13.0,,,,,,,,,,,,"CK Hutchison Holdings, Diversified",10
34,35300,Technology,Ma Huateng,51.0,China,Shenzhen,Internet media,Technology,China,Tencent Holdings,True,D,M,10/29/1971 0:00,Ma,Huateng,Chairman and CEO,4/4/2023 5:01,,,1971.0,10.0,29.0,125.08,2.9,"$19,910,000,000,000 ",50.6,100.2,77.0,9.4,59.2,1397715000.0,35.86166,104.195397,"Internet media, Tencent Holdings",2
35,35000,Gambling & Casinos,Miriam Adelson & family,77.0,United States,Las Vegas,Casinos,Gambling & Casinos,United States,,False,U,F,10/10/1945 0:00,Adelson,Miriam,Controlling Shareholder & (Family Estate),4/4/2023 5:01,Nevada,West,1945.0,10.0,10.0,117.24,7.5,"$21,427,700,000,000 ",88.2,101.8,78.5,9.6,36.6,328239523.0,37.09024,-95.712891,Casinos,1
35,35000,Finance & Investments,Ken Griffin,54.0,United States,Miami,Hedge funds,Finance & Investments,United States,Citadel LLC,True,U,M,10/15/1968 0:00,Griffin,Ken,Founder & CEO,4/4/2023 5:01,Florida,South,1968.0,10.0,15.0,117.24,7.5,"$21,427,700,000,000 ",88.2,101.8,78.5,9.6,36.6,328239523.0,37.09024,-95.712891,"Citadel LLC, Hedge funds",2
37,34700,Food & Beverage,Mark Mateschitz,30.0,Austria,Salzburg,Red Bull,Food & Beverage,Austria,,False,N,M,5/7/1992 0:00,Mateschitz,Mark,Heir & Major Shareholder & Red,4/4/2023 5:01,,,1992.0,5.0,7.0,118.06,1.5,"$446,314,739,528 ",85.1,103.1,81.6,25.4,51.4,8877067.0,47.516231,14.550072,Red Bull,1
38,33400,Automotive,Robin Zeng,54.0,China,Ningde,Batteries,Automotive,Hong Kong,,True,D,M,1/1/1969 0:00,Zeng,Robin,Founder & Entrepreneur,4/4/2023 5:01,,,1969.0,1.0,1.0,125.08,2.9,"$19,910,000,000,000 ",50.6,100.2,77.0,9.4,59.2,1397715000.0,35.86166,104.195397,Batteries,1
39,32600,Fashion & Retail,Tadashi Yanai & family,74.0,Japan,Tokyo,Fashion retail,Fashion & Retail,Japan,,True,U,M,2/7/1949 0:00,Yanai,Tadashi,Controlling Shareholder & (Family Estate),4/4/2023 5:01,,,1949.0,2.0,7.0,105.48,0.5,"$5,081,769,542,380 ",63.2,98.8,84.2,11.9,46.7,126226568.0,36.204824,138.252924,Fashion retail,1
40,32100,Diversified,Len Blavatnik,65.0,United Kingdom,London,"Music, chemicals",Diversified,United States,,True,D,M,6/1/1957 0:00,Blavatnik,Len,Founder & Entrepreneur & Music,4/4/2023 5:01,,,1957.0,6.0,1.0,119.62,1.7,"$2,827,113,184,696 ",60.0,101.2,81.3,25.5,30.6,66834405.0,55.378051,-3.435973,"Music, chemicals",2
41,31600,Fashion & Retail,Alain Wertheimer,74.0,United States,New York,Chanel,Fashion & Retail,France,,False,U,M,8/28/1948 0:00,Wertheimer,Alain,Heir & Major Shareholder,4/4/2023 5:01,New York,Northeast,1948.0,8.0,28.0,117.24,7.5,"$21,427,700,000,000 ",88.2,101.8,78.5,9.6,36.6,328239523.0,37.09024,-95.712891,Chanel,1
41,31600,Fashion & Retail,Gerard Wertheimer,72.0,United States,New York,Chanel,Fashion & Retail,France,,False,U,M,1/9/1951 0:00,Wertheimer,Gerard,Heir & Major Shareholder,4/4/2023 5:01,New York,Northeast,1951.0,1.0,9.0,117.24,7.5,"$21,427,700,000,000 ",88.2,101.8,78.5,9.6,36.6,328239523.0,37.09024,-95.712891,Chanel,1
43,31200,Logistics,Gianluigi Aponte,82.0,Switzerland,Geneva,Shipping,Logistics,Switzerland,,True,Split Family Fortune,M,6/27/1940 0:00,Aponte,Gianluigi,Founder & Entrepreneur,4/4/2023 5:01,,,1940.0,6.0,27.0,99.55,0.4,"$703,082,435,360 ",59.6,105.2,83.6,10.1,28.8,8574832.0,46.818188,8.227512,Shipping,1
43,31200,Logistics,Rafaela Aponte-Diamant,78.0,Switzerland,Geneva,Shipping,Logistics,Switzerland,,True,Split Family Fortune,F,3/26/1945 0:00,Aponte-Diamant,Rafaela,Founder & Entrepreneur,4/4/2023 5:01,,,1945.0,3.0,26.0,99.55,0.4,"$703,082,435,360 ",59.6,105.2,83.6,10.1,28.8,8574832.0,46.818188,8.227512,Shipping,1
45,30200,Technology,Colin Zheng Huang,43.0,China,Shanghai,E-commerce,Technology,China,,True,U,M,2/2/1980 0:00,Huang,Colin Zheng,Founder & Entrepreneur,4/4/2023 5:01,,,1980.0,2.0,2.0,125.08,2.9,"$19,910,000,000,000 ",50.6,100.2,77.0,9.4,59.2,1397715000.0,35.86166,104.195397,E-commerce,1
46,29700,Manufacturing,Reinhold Wuerth & family,87.0,Germany,Kuenzelsau,Fasteners,Manufacturing,Germany,,True,U,M,4/20/1935 0:00,Wuerth,Reinhold,Controlling Shareholder & (Family Estate),4/4/2023 5:01,,,1935.0,4.0,20.0,112.85,1.4,"$3,845,630,030,824 ",70.2,104.0,80.9,11.5,48.8,83132799.0,51.165691,10.451526,Fasteners,1
47,29500,Real Estate,Lee Shau Kee,95.0,Hong Kong,Hong Kong,Real estate,Real Estate,Hong Kong,,True,D,M,1/29/1928 0:00,Lee,Shau Kee,Founder & Entrepreneur,4/4/2023 5:01,,,1928.0,1.0,29.0,,,,,,,,,,,,Real estate,1
48,28500,Finance & Investments,Jeff Yass,64.0,United States,Haverford,"Trading, investments",Finance & Investments,United States,,True,U,M,7/17/1958 0:00,Yass,Jeff,Founder & Entrepreneur & Trading,4/4/2023 5:01,Pennsylvania,Northeast,1958.0,7.0,17.0,117.24,7.5,"$21,427,700,000,000 ",88.2,101.8,78.5,9.6,36.6,328239523.0,37.09024,-95.712891,"Trading, investments",2
49,28100,Finance & Investments,Jim Simons,84.0,United States,East Setauket,Hedge funds,Finance & Investments,United States,Renaissance Technologies Corp.,True,D,M,4/25/1938 0:00,Simons,Jim,Founder,4/4/2023 5:01,New York,Northeast,1938.0,4.0,25.0,117.24,7.5,"$21,427,700,000,000 ",88.2,101.8,78.5,9.6,36.6,328239523.0,37.09024,-95.712891,"Hedge funds, Renaissance Technologies Corp.",2
50,27800,Finance & Investments,Stephen Schwarzman,76.0,United States,New York,Investments,Finance & Investments,United States,Blackstone Group,True,D,M,2/14/1947 0:00,Schwarzman,Stephen,Chairman and CEO,4/4/2023 5:01,New York,Northeast,1947.0,2.0,14.0,117.24,7.5,"$21,427,700,000,000 ",88.2,101.8,78.5,9.6,36.6,328239523.0,37.09024,-95.712891,"Blackstone Group, Investments",2
51,27400,Automotive,Susanne Klatten,60.0,Germany,Bad Homburg,"BMW, pharmaceuticals",Automotive,Germany,,False,U,F,4/28/1962 0:00,Klatten,Susanne,Heir & Major Shareholder & BMW,4/4/2023 5:01,,,1962.0,4.0,28.0,112.85,1.4,"$3,845,630,030,824 ",70.2,104.0,80.9,11.5,48.8,83132799.0,51.165691,10.451526,"BMW, pharmaceuticals",2
52,27000,Metals & Mining,Gina Rinehart,69.0,Australia,Perth,Mining,Metals & Mining,Australia,Hancock Prospecting,False,D,F,2/9/1954 0:00,Rinehart,Gina,Executive Chairman,4/4/2023 5:01,,,1954.0,2.0,9.0,119.8,1.6,"$1,392,680,589,329 ",113.1,100.3,82.7,23.0,47.4,25766605.0,-25.274398,133.775136,"Hancock Prospecting, Mining",2
53,26700,Technology,William Ding,51.0,China,Hangzhou,Online games,Technology,China,,True,U,M,10/1/1971 0:00,Ding,William,Founder & Entrepreneur,4/4/2023 5:01,,,1971.0,10.0,1.0,125.08,2.9,"$19,910,000,000,000 ",50.6,100.2,77.0,9.4,59.2,1397715000.0,35.86166,104.195397,Online games,1
54,26600,Metals & Mining,Germán Larrea Mota Velasco & family,69.0,Mexico,Mexico City,Mining,Metals & Mining,Mexico,,False,D,M,10/26/1953 0:00,Larrea Mota Velasco,Germán,Controlling Shareholder & (Family Estate),4/4/2023 5:01,,,1953.0,10.0,26.0,141.54,3.6,"$1,258,286,717,125 ",40.2,105.8,75.0,13.1,55.1,126014024.0,23.634501,-102.552784,Mining,1
55,25600,Technology,Shiv Nadar,77.0,India,Delhi,software services,Technology,India,,True,D,M,7/18/1945 0:00,Nadar,Shiv,Founder & Entrepreneur,4/4/2023 5:01,,,1945.0,7.0,18.0,180.44,7.7,"$2,611,000,000,000 ",28.1,113.0,69.4,11.2,49.7,1366417754.0,20.593684,78.96288,software services,1
56,25500,Energy,Low Tuck Kwong,74.0,Indonesia,Jakarta,Coal,Energy,Indonesia,,True,U,M,4/17/1948 0:00,Low Tuck,Kwong,Founder & Entrepreneur,4/4/2023 5:01,,,1948.0,4.0,17.0,151.18,3.0,"$1,119,190,780,753 ",36.3,106.4,71.5,10.2,30.1,270203917.0,-0.789275,113.921327,Coal,1
57,25300,Finance & Investments,Thomas Peterffy,78.0,United States,Palm Beach,Discount brokerage,Finance & Investments,United States,,True,U,M,9/30/1944 0:00,Peterffy,Thomas,Founder & Entrepreneur,4/4/2023 5:01,Florida,South,1944.0,9.0,30.0,117.24,7.5,"$21,427,700,000,000 ",88.2,101.8,78.5,9.6,36.6,328239523.0,37.09024,-95.712891,Discount brokerage,1
58,25200,Metals & Mining,Andrey Melnichenko & family,51.0,United Arab Emirates,Ras Al Khaimah,"Fertilizers, coal",Metals & Mining,Russia,,True,U,M,3/8/1972 0:00,Melnichenko,Andrey,Controlling Shareholder & Fertilizers & (Family Estate),4/4/2023 5:01,,,1972.0,3.0,8.0,114.52,-1.9,"$421,142,267,938 ",36.8,108.4,77.8,0.1,15.9,9770529.0,23.424076,53.847818,"Fertilizers, coal",2
59,24600,Automotive,Stefan Quandt,56.0,Germany,Frankfurt,BMW,Automotive,Germany,,False,U,M,5/9/1966 0:00,Quandt,Stefan,Heir & Major Shareholder & BMW,4/4/2023 5:01,,,1966.0,5.0,9.0,112.85,1.4,"$3,845,630,030,824 ",70.2,104.0,80.9,11.5,48.8,83132799.0,51.165691,10.451526,BMW,1
60,24400,Technology,MacKenzie Scott,52.0,United States,Seattle,Amazon,Technology,United States,,False,D,F,4/7/1970 0:00,Scott,MacKenzie,Heir & Major Shareholder,4/4/2023 5:01,Washington,West,1970.0,4.0,7.0,117.24,7.5,"$21,427,700,000,000 ",88.2,101.8,78.5,9.6,36.6,328239523.0,37.09024,-95.712891,Amazon,1
61,24200,Finance & Investments,R. Budi Hartono,82.0,Indonesia,Kudus,"Banking, tobacco",Finance & Investments,Indonesia,,False,U,M,1/1/1941 0:00,Hartono,R. Budi,Heir & Major Shareholder & Banking,4/4/2023 5:01,,,1941.0,1.0,1.0,151.18,3.0,"$1,119,190,780,753 ",36.3,106.4,71.5,10.2,30.1,270203917.0,-0.789275,113.921327,"Banking, tobacco",2
62,23700,Metals & Mining,Vladimir Potanin,62.0,Russia,Moscow,Metals,Metals & Mining,Russia,,True,U,M,1/3/1961 0:00,Potanin,Vladimir,Founder & Entrepreneur,4/4/2023 5:01,,,1961.0,1.0,3.0,180.75,4.5,"$1,699,876,578,871 ",81.9,102.6,72.7,11.4,46.2,144373535.0,61.52401,105.318756,Metals,1
63,23500,Technology,Jack Ma,58.0,China,Hangzhou,E-commerce,Technology,China,,True,U,M,9/10/1964 0:00,Ma,Jack,Founder & Entrepreneur,4/4/2023 5:01,,,1964.0,9.0,10.0,125.08,2.9,"$19,910,000,000,000 ",50.6,100.2,77.0,9.4,59.2,1397715000.0,35.86166,104.195397,E-commerce,1
64,23400,Manufacturing,He Xiangjian & family,80.0,China,Foshan,Home appliances,Manufacturing,China,,True,D,M,8/11/1942 0:00,He,Xiangjian,Controlling Shareholder & (Family Estate),4/4/2023 5:01,,,1942.0,8.0,11.0,125.08,2.9,"$19,910,000,000,000 ",50.6,100.2,77.0,9.4,59.2,1397715000.0,35.86166,104.195397,Home appliances,1
65,23100,Metals & Mining,Iris Fontbona & family,80.0,Chile,Santiago,Mining,Metals & Mining,Chile,,False,U,F,1/1/1943 0:00,Fontbona,Iris,Controlling Shareholder & (Family Estate),4/4/2023 5:01,,,1943.0,1.0,1.0,131.91,2.6,"$282,318,159,745 ",88.5,101.4,80.0,18.2,34.0,18952038.0,-35.675147,-71.542969,Mining,1
65,23100,Manufacturing,Michael Hartono,83.0,Indonesia,Kudus,"Banking, tobacco",Manufacturing,Indonesia,,False,U,M,10/2/1939 0:00,Hartono,Michael,Heir & Major Shareholder & Banking,4/4/2023 5:01,,,1939.0,10.0,2.0,151.18,3.0,"$1,119,190,780,753 ",36.3,106.4,71.5,10.2,30.1,270203917.0,-0.789275,113.921327,"Banking, tobacco",2
67,22900,Manufacturing,James Ratcliffe,70.0,United Kingdom,London,Chemicals,Manufacturing,United Kingdom,,True,U,M,1/1/1953 0:00,Ratcliffe,James,Founder & Entrepreneur,4/4/2023 5:01,,,1953.0,1.0,1.0,119.62,1.7,"$2,827,113,184,696 ",60.0,101.2,81.3,25.5,30.6,66834405.0,55.378051,-3.435973,Chemicals,1
68,22600,Healthcare,Cyrus Poonawalla,81.0,India,Pune,Vaccines,Healthcare,India,,False,D,M,5/11/1941 0:00,Poonawalla,Cyrus,Heir & Major Shareholder,4/4/2023 5:01,,,1941.0,5.0,11.0,180.44,7.7,"$2,611,000,000,000 ",28.1,113.0,69.4,11.2,49.7,1366417754.0,20.593684,78.96288,Vaccines,1
69,22400,Telecom,Masayoshi Son,65.0,Japan,Tokyo,"Internet, telecom",Telecom,Japan,SoftBank Group Corp.,True,U,M,8/11/1957 0:00,Son,Masayoshi,CEO & Internet,4/4/2023 5:01,,,1957.0,8.0,11.0,105.48,0.5,"$5,081,769,542,380 ",63.2,98.8,84.2,11.9,46.7,126226568.0,36.204824,138.252924,"Internet, SoftBank Group Corp., telecom",3
70,22100,Metals & Mining,Vladimir Lisin,66.0,Russia,Moscow,"Steel, transport",Metals & Mining,Russia,,True,U,M,5/7/1956 0:00,Lisin,Vladimir,Founder & Entrepreneur & Steel,4/4/2023 5:01,,,1956.0,5.0,7.0,180.75,4.5,"$1,699,876,578,871 ",81.9,102.6,72.7,11.4,46.2,144373535.0,61.52401,105.318756,"Steel, transport",2
71,22000,Food & Beverage,Emmanuel Besnier,52.0,France,Laval,Cheese,Food & Beverage,France,,False,D,M,9/18/1970 0:00,Besnier,Emmanuel,Heir & Major Shareholder,4/4/2023 5:01,,,1970.0,9.0,18.0,110.05,1.1,"$2,715,518,274,227 ",65.6,102.5,82.5,24.2,60.7,67059887.0,46.227638,2.213749,Cheese,1
72,21600,Finance & Investments,Abigail Johnson,61.0,United States,Milton,Fidelity,Finance & Investments,United States,Fidelity Investments,False,U,F,12/19/1961 0:00,Johnson,Abigail,CEO,4/4/2023 5:01,Massachusetts,Northeast,1961.0,12.0,19.0,117.24,7.5,"$21,427,700,000,000 ",88.2,101.8,78.5,9.6,36.6,328239523.0,37.09024,-95.712891,"Fidelity, Fidelity Investments",2
72,21600,Energy,Leonid Mikhelson & family,67.0,Russia,Moscow,"Gas, chemicals",Energy,Russia,,True,U,M,8/11/1955 0:00,Mikhelson,Leonid,Controlling Shareholder & Gas & (Family Estate),4/4/2023 5:01,,,1955.0,8.0,11.0,180.75,4.5,"$1,699,876,578,871 ",81.9,102.6,72.7,11.4,46.2,144373535.0,61.52401,105.318756,"Gas, chemicals",2
74,21200,Fashion & Retail,Lukas Walton,36.0,United States,Chicago,Walmart,Fashion & Retail,United States,,False,U,M,9/19/1986 0:00,Walton,Lukas,Heir & Major Shareholder,4/4/2023 5:01,Illinois,Midwest,1986.0,9.0,19.0,117.24,7.5,"$21,427,700,000,000 ",88.2,101.8,78.5,9.6,36.6,328239523.0,37.09024,-95.712891,Walmart,1
74,21200,Service,Wang Wei,52.0,China,Shenzhen,Package delivery,Service,China,,True,D,M,10/1/1970 0:00,Wang,Wei,Founder & Entrepreneur,4/4/2023 5:01,,,1970.0,10.0,1.0,125.08,2.9,"$19,910,000,000,000 ",50.6,100.2,77.0,9.4,59.2,1397715000.0,35.86166,104.195397,Package delivery,1
76,21100,Technology,Jensen Huang,60.0,United States,Los Altos,Semiconductors,Technology,United States,Nvidia,True,U,M,2/17/1963 0:00,Huang,Jensen,CEO & President,4/4/2023 5:01,California,West,1963.0,2.0,17.0,117.24,7.5,"$21,427,700,000,000 ",88.2,101.8,78.5,9.6,36.6,328239523.0,37.09024,-95.712891,"Nvidia, Semiconductors",2
77,21000,Fashion & Retail,Leonard Lauder,90.0,United States,New York,Estee Lauder,Fashion & Retail,United States,The Estée Lauder Companies,False,D,M,3/19/1933 0:00,Lauder,Leonard,Chairman Emeritus,4/4/2023 5:01,New York,Northeast,1933.0,3.0,19.0,117.24,7.5,"$21,427,700,000,000 ",88.2,101.8,78.5,9.6,36.6,328239523.0,37.09024,-95.712891,"Estee Lauder, The Estée Lauder Companies",2
77,21000,Manufacturing,Takemitsu Takizaki,77.0,Japan,Osaka,Sensors,Manufacturing,Japan,,True,D,M,6/10/1945 0:00,Takizaki,Takemitsu,Founder & Entrepreneur,4/4/2023 5:01,,,1945.0,6.0,10.0,105.48,0.5,"$5,081,769,542,380 ",63.2,98.8,84.2,11.9,46.7,126226568.0,36.204824,138.252924,Sensors,1
79,20900,Metals & Mining,Alexey Mordashov & family,57.0,Russia,Moscow,"Steel, investments",Metals & Mining,Russia,,True,U,M,9/26/1965 0:00,Mordashov,Alexey,Controlling Shareholder & Steel & (Family Estate),4/4/2023 5:01,,,1965.0,9.0,26.0,180.75,4.5,"$1,699,876,578,871 ",81.9,102.6,72.7,11.4,46.2,144373535.0,61.52401,105.318756,"Steel, investments",2
80,20500,Energy,Vagit Alekperov,72.0,Russia,Moscow,Oil,Energy,Russia,,True,U,M,9/1/1950 0:00,Alekperov,Vagit,Founder & Entrepreneur & Oil,4/4/2023 5:01,,,1950.0,9.0,1.0,180.75,4.5,"$1,699,876,578,871 ",81.9,102.6,72.7,11.4,46.2,144373535.0,61.52401,105.318756,Oil,1
81,20200,Healthcare,"Thomas Frist, Jr. & family",84.0,United States,Nashville,Hospitals,Healthcare,United States,,True,D,M,8/12/1938 0:00,Frist,Thomas,Controlling Shareholder & (Family Estate),4/4/2023 5:01,Tennessee,South,1938.0,8.0,12.0,117.24,7.5,"$21,427,700,000,000 ",88.2,101.8,78.5,9.6,36.6,328239523.0,37.09024,-95.712891,Hospitals,1
82,19600,Metals & Mining,Andrew Forrest,61.0,Australia,Perth,Mining,Metals & Mining,Australia,,True,U,M,11/18/1961 0:00,Forrest,Andrew,Founder & Entrepreneur,4/4/2023 5:01,,,1961.0,11.0,18.0,119.8,1.6,"$1,392,680,589,329 ",113.1,100.3,82.7,23.0,47.4,25766605.0,-25.274398,133.775136,Mining,1
83,19100,Finance & Investments,Ray Dalio,73.0,United States,Greenwich,Hedge funds,Finance & Investments,United States,Bridgewater Associates,True,D,M,8/8/1949 0:00,Dalio,Ray,Founder & Co-Chief Investment Officer,4/4/2023 5:01,Connecticut,Northeast,1949.0,8.0,8.0,117.24,7.5,"$21,427,700,000,000 ",88.2,101.8,78.5,9.6,36.6,328239523.0,37.09024,-95.712891,"Bridgewater Associates, Hedge funds",2
84,19000,Automotive,Eric Li,59.0,China,Hangzhou,Automobiles,Automotive,China,,True,D,M,6/1/1963 0:00,Li,Eric,Founder & Entrepreneur,4/4/2023 5:01,,,1963.0,6.0,1.0,125.08,2.9,"$19,910,000,000,000 ",50.6,100.2,77.0,9.4,59.2,1397715000.0,35.86166,104.195397,Automobiles,1
84,19000,Metals & Mining,Wang Wenyin,55.0,China,Shenzhen,"Mining, copper products",Metals & Mining,China,,True,U,M,3/1/1968 0:00,Wang,Wenyin,Founder & Entrepreneur & Mining,4/4/2023 5:01,,,1968.0,3.0,1.0,125.08,2.9,"$19,910,000,000,000 ",50.6,100.2,77.0,9.4,59.2,1397715000.0,35.86166,104.195397,"Mining, copper products",2
86,18900,Diversified,Eyal Ofer,72.0,Monaco,Monte Carlo,"Real estate, shipping",Diversified,Israel,,False,U,M,6/2/1950 0:00,Ofer,Eyal,Heir & Major Shareholder & estate,4/4/2023 5:01,,,1950.0,6.0,2.0,,,"$7,184,844,193 ",,,,,,38964.0,43.7384176,7.4246158,"Real estate, shipping",2
86,18900,Food & Beverage,Qin Yinglin,57.0,China,Nanyang,Pig breeding,Food & Beverage,China,,True,D,M,4/17/1965 0:00,Qin,Yinglin,Founder & Entrepreneur & Pig,4/4/2023 5:01,,,1965.0,4.0,17.0,125.08,2.9,"$19,910,000,000,000 ",50.6,100.2,77.0,9.4,59.2,1397715000.0,35.86166,104.195397,Pig breeding,1
88,18700,Automotive,Wang Chuanfu,57.0,China,Shenzhen,"Batteries, automobiles",Automotive,China,,True,D,M,2/15/1966 0:00,Wang,Chuanfu,Founder & Entrepreneur & Batteries,4/4/2023 5:01,,,1966.0,2.0,15.0,125.08,2.9,"$19,910,000,000,000 ",50.6,100.2,77.0,9.4,59.2,1397715000.0,35.86166,104.195397,"Batteries, automobiles",2
89,18500,Energy,Harold Hamm & family,77.0,United States,Oklahoma City,Oil & gas,Energy,United States,Continental Resources Inc. ,True,U,M,12/11/1945 0:00,Hamm,Harold,Chairman and CEO,4/4/2023 5:01,Oklahoma,South,1945.0,12.0,11.0,117.24,7.5,"$21,427,700,000,000 ",88.2,101.8,78.5,9.6,36.6,328239523.0,37.09024,-95.712891,"Continental Resources Inc., Oil & gas",2
89,18500,Finance & Investments,David Tepper,65.0,United States,Palm Beach,Hedge funds,Finance & Investments,United States,Appaloosa Management,True,U,M,9/11/1957 0:00,Tepper,David,President and Founder,4/4/2023 5:01,Florida,South,1957.0,9.0,11.0,117.24,7.5,"$21,427,700,000,000 ",88.2,101.8,78.5,9.6,36.6,328239523.0,37.09024,-95.712891,"Appaloosa Management, Hedge funds",2
89,18500,Energy,Gennady Timchenko,70.0,Russia,Moscow,"Oil, gas",Energy,Russia,,True,U,M,11/9/1952 0:00,Timchenko,Gennady,Founder & Entrepreneur & Oil & gas,4/4/2023 5:01,,,1952.0,11.0,9.0,180.75,4.5,"$1,699,876,578,871 ",81.9,102.6,72.7,11.4,46.2,144373535.0,61.52401,105.318756,"Oil, gas",2
92,18000,Finance & Investments,Daniel Gilbert,61.0,United States,Franklin,Quicken Loans,Finance & Investments,United States,,True,D,M,1/17/1962 0:00,Gilbert,Daniel,Founder & Entrepreneur,4/4/2023 5:01,Michigan,Midwest,1962.0,1.0,17.0,117.24,7.5,"$21,427,700,000,000 ",88.2,101.8,78.5,9.6,36.6,328239523.0,37.09024,-95.712891,Quicken Loans,1
93,17700,Metals & Mining,Lakshmi Mittal,72.0,United Kingdom,London,Steel,Metals & Mining,India,ArcelorMittal (ADR),False,D,M,6/15/1950 0:00,Mittal,Lakshmi,Chairman and CEO,4/4/2023 5:01,,,1950.0,6.0,15.0,119.62,1.7,"$2,827,113,184,696 ",60.0,101.2,81.3,25.5,30.6,66834405.0,55.378051,-3.435973,"ArcelorMittal (ADR), Steel",2
94,17500,Finance & Investments,Steve Cohen,66.0,United States,Greenwich,Hedge funds,Finance & Investments,United States,Point72 Asset Management,True,U,M,6/11/1956 0:00,Cohen,Steve,Founder,4/4/2023 5:01,Connecticut,Northeast,1956.0,6.0,11.0,117.24,7.5,"$21,427,700,000,000 ",88.2,101.8,78.5,9.6,36.6,328239523.0,37.09024,-95.712891,"Hedge funds, Point72 Asset Management",2
94,17500,Finance & Investments,Carl Icahn,87.0,United States,Indian Creek,Investments,Finance & Investments,United States,Icahn Capital Management,True,U,M,2/16/1936 0:00,Icahn,Carl,Founder,4/4/2023 5:01,Florida,South,1936.0,2.0,16.0,117.24,7.5,"$21,427,700,000,000 ",88.2,101.8,78.5,9.6,36.6,328239523.0,37.09024,-95.712891,"Icahn Capital Management, Investments",2
94,17500,Metals & Mining,Savitri Jindal & family,73.0,India,Hisar,Steel,Metals & Mining,India,,False,D,F,3/20/1950 0:00,Jindal,Savitri,Controlling Shareholder & (Family Estate),4/4/2023 5:01,,,1950.0,3.0,20.0,180.44,7.7,"$2,611,000,000,000 ",28.1,113.0,69.4,11.2,49.7,1366417754.0,20.593684,78.96288,Steel,1
97,17400,Real Estate,Donald Bren,90.0,United States,Newport Beach,Real estate,Real Estate,United States,Irvine Company,True,U,M,5/11/1932 0:00,Bren,Donald,Chairman,4/4/2023 5:01,California,West,1932.0,5.0,11.0,117.24,7.5,"$21,427,700,000,000 ",88.2,101.8,78.5,9.6,36.6,328239523.0,37.09024,-95.712891,"Irvine Company, Real estate",2
97,17400,Fashion & Retail,"John Menard, Jr.",83.0,United States,Eau Claire,Home improvement stores,Fashion & Retail,United States,"Menard, Inc.",True,U,M,1/22/1940 0:00,Menard,John,Founder,4/4/2023 5:01,Wisconsin,Midwest,1940.0,1.0,22.0,117.24,7.5,"$21,427,700,000,000 ",88.2,101.8,78.5,9.6,36.6,328239523.0,37.09024,-95.712891,"Home improvement stores, Menard, Inc.",2
99,17100,Media & Entertainment,Rupert Murdoch & family,92.0,United States,New York,"Newspapers, TV network",Media & Entertainment,United States,News Corp Class A,False,D,M,3/11/1931 0:00,Murdoch,Rupert,Chairman and CEO,4/4/2023 5:01,New York,Northeast,1931.0,3.0,11.0,117.24,7.5,"$21,427,700,000,000 ",88.2,101.8,78.5,9.6,36.6,328239523.0,37.09024,-95.712891,"News Corp Class A, Newspapers, TV network",3
100,16700,Finance & Investments,Vicky Safra & family,70.0,Switzerland,Crans-Montana,Banking,Finance & Investments,Brazil,,False,U,F,1/1/1953 0:00,Safra,Vicky,Controlling Shareholder & (Family Estate),4/4/2023 5:01,,,1953.0,1.0,1.0,99.55,0.4,"$703,082,435,360 ",59.6,105.2,83.6,10.1,28.8,8574832.0,46.818188,8.227512,Banking,1
101,16500,Fashion & Retail,"Theo Albrecht, Jr. & family",72.0,Germany,Mulheim an der Ruhr,"Aldi, Trader Joe's",Fashion & Retail,Germany,,False,D,M,1/1/1951 0:00,Albrecht,Theo,Controlling Shareholder & Aldi & (Family Estate),4/4/2023 5:01,,,1951.0,1.0,1.0,112.85,1.4,"$3,845,630,030,824 ",70.2,104.0,80.9,11.5,48.8,83132799.0,51.165691,10.451526,"Aldi, Trader Joe's",2
101,16500,Finance & Investments,Renata Kellnerova & family,55.0,Czech Republic,Prague,"Finance, telecommunications",Finance & Investments,Czech Republic,,False,D,F,7/4/1967 0:00,Kellnerova,Renata,Controlling Shareholder & Finance & (Family Estate),4/4/2023 5:01,,,1967.0,7.0,4.0,116.48,2.8,"$246,489,245,495 ",64.1,100.7,79.0,14.9,46.1,10669709.0,49.817492,15.472962,"Finance, telecommunications",2
103,16300,Healthcare,Li Xiting,72.0,China,Shenzhen,medical devices,Healthcare,Singapore,,True,D,M,1/1/1951 0:00,Li,Xiting,Founder & Entrepreneur,4/4/2023 5:01,,,1951.0,1.0,1.0,125.08,2.9,"$19,910,000,000,000 ",50.6,100.2,77.0,9.4,59.2,1397715000.0,35.86166,104.195397,medical devices,1
104,16200,Fashion & Retail,Stefan Persson,75.0,Sweden,Stockholm,H&M,Fashion & Retail,Sweden,Hennes & Mauritz Unsponsored ADR,False,D,M,10/4/1947 0:00,Persson,Stefan,Chairman & H&M,4/4/2023 5:01,,,1947.0,10.0,4.0,110.51,1.8,"$530,832,908,738 ",67.0,126.6,82.5,27.9,49.1,10285453.0,60.128161,18.643501,"H&M, Hennes & Mauritz Unsponsored ADR",2
104,16200,Technology,Eric Schmidt,67.0,United States,Atherton,Google,Technology,United States,,True,D,M,4/27/1955 0:00,Schmidt,Eric,Founder & Entrepreneur,4/4/2023 5:01,California,West,1955.0,4.0,27.0,117.24,7.5,"$21,427,700,000,000 ",88.2,101.8,78.5,9.6,36.6,328239523.0,37.09024,-95.712891,Google,1
106,16000,Finance & Investments,Michael Platt,55.0,Switzerland,Geneva,Hedge funds,Finance & Investments,United Kingdom,BlueCrest Capital Management,True,U,M,3/18/1968 0:00,Platt,Michael,Founder,4/4/2023 5:01,,,1968.0,3.0,18.0,99.55,0.4,"$703,082,435,360 ",59.6,105.2,83.6,10.1,28.8,8574832.0,46.818188,8.227512,"BlueCrest Capital Management, Hedge funds",2
107,15900,Food & Beverage,Pang Kang,67.0,China,Foshan,Soy sauce,Food & Beverage,China,,True,D,M,1/19/1956 0:00,Pang,Kang,Founder & Entrepreneur & Soy,4/4/2023 5:01,,,1956.0,1.0,19.0,125.08,2.9,"$19,910,000,000,000 ",50.6,100.2,77.0,9.4,59.2,1397715000.0,35.86166,104.195397,Soy sauce,1
108,15800,Fashion & Retail,Karl Albrecht Jr. & family,,Germany,,Supermarkets,Fashion & Retail,Germany,,False,Split Family Fortune,M,,Albrecht Jr.,Karl,Controlling Shareholder & (Family Estate),4/4/2023 5:01,,,,,,112.85,1.4,"$3,845,630,030,824 ",70.2,104.0,80.9,11.5,48.8,83132799.0,51.165691,10.451526,Supermarkets,1
108,15800,Fashion & Retail,Beate Heister,,,,Supermarkets,Fashion & Retail,Germany,,False,Split Family Fortune,F,,Heister,Beate,Heir & Major Shareholder,4/4/2023 5:01,,,,,,,,,,,,,,,,,Supermarkets,1
108,15800,Food & Beverage,Jorge Paulo Lemann & family,83.0,Switzerland,Zurich,Beer,Food & Beverage,Brazil,,True,U,M,8/26/1939 0:00,Lemann,Jorge Paulo,Controlling Shareholder & (Family Estate),4/4/2023 5:01,,,1939.0,8.0,26.0,99.55,0.4,"$703,082,435,360 ",59.6,105.2,83.6,10.1,28.8,8574832.0,46.818188,8.227512,Beer,1
108,15800,Real Estate,Peter Woo,76.0,Hong Kong,Hong Kong,Real estate,Real Estate,Hong Kong,,False,D,M,9/5/1946 0:00,Woo,Peter,Heir & Major Shareholder,4/4/2023 5:01,,,1946.0,9.0,5.0,,,,,,,,,,,,Real estate,1
112,15600,Healthcare,Dilip Shanghvi,67.0,India,Mumbai,Pharmaceuticals,Healthcare,India,,True,E,M,10/1/1955 0:00,Shanghvi,Dilip,Founder & Entrepreneur,4/4/2023 5:01,,,1955.0,10.0,1.0,180.44,7.7,"$2,611,000,000,000 ",28.1,113.0,69.4,11.2,49.7,1366417754.0,20.593684,78.96288,Pharmaceuticals,1
113,15500,Technology,Robert Pera,45.0,United States,San Jose,Wireless networking,Technology,United States,Ubiquiti,True,U,M,3/10/1978 0:00,Pera,Robert,Founder & Lead Investor,4/4/2023 5:01,California,West,1978.0,3.0,10.0,117.24,7.5,"$21,427,700,000,000 ",88.2,101.8,78.5,9.6,36.6,328239523.0,37.09024,-95.712891,"Ubiquiti, Wireless networking",2
114,15300,Fashion & Retail,Radhakishan Damani,68.0,India,Mumbai,"Retail, investments",Fashion & Retail,India,,True,D,M,1/1/1955 0:00,Damani,Radhakishan,Founder & Entrepreneur,4/4/2023 5:01,,,1955.0,1.0,1.0,180.44,7.7,"$2,611,000,000,000 ",28.1,113.0,69.4,11.2,49.7,1366417754.0,20.593684,78.96288,"Retail, investments",2
115,15200,Automotive,Huang Shilin,56.0,China,Ningde,Batteries,Automotive,China,,True,D,M,1/1/1967 0:00,Huang,Shilin,Founder & Entrepreneur,4/4/2023 5:01,,,1967.0,1.0,1.0,125.08,2.9,"$19,910,000,000,000 ",50.6,100.2,77.0,9.4,59.2,1397715000.0,35.86166,104.195397,Batteries,1
116,14900,Diversified,Dhanin Chearavanont,83.0,Thailand,Bangkok,Diversified,Diversified,Thailand,,False,U,M,4/19/1939 0:00,Chearavanont,Dhanin,Heir & Major Shareholder,4/4/2023 5:01,,,1939.0,4.0,19.0,113.27,0.7,"$543,649,976,166 ",49.3,99.8,76.9,14.9,29.5,69625582.0,15.870032,100.992541,Diversified,10
116,14900,Fashion & Retail,David Green & family,81.0,United States,Oklahoma City,Retail,Fashion & Retail,United States,Hobby Lobby,True,U,M,11/13/1941 0:00,Green,David,CEO,4/4/2023 5:01,Oklahoma,South,1941.0,11.0,13.0,117.24,7.5,"$21,427,700,000,000 ",88.2,101.8,78.5,9.6,36.6,328239523.0,37.09024,-95.712891,"Hobby Lobby, Retail",2
118,14800,Food & Beverage,Charoen Sirivadhanabhakdi,78.0,Thailand,Bangkok,"Alcohol, real estate",Food & Beverage,Thailand,,True,U,M,5/2/1944 0:00,Sirivadhanabhakdi,Charoen,Founder & Entrepreneur & Alcohol,4/4/2023 5:01,,,1944.0,5.0,2.0,113.27,0.7,"$543,649,976,166 ",49.3,99.8,76.9,14.9,29.5,69625582.0,15.870032,100.992541,"Alcohol, real estate",2
119,14700,Food & Beverage,Charlene de Carvalho-Heineken & family,68.0,United Kingdom,London,Heineken,Food & Beverage,Netherlands,,False,D,F,6/30/1954 0:00,de Carvalho-Heineken,Charlene,Controlling Shareholder & (Family Estate),4/4/2023 5:01,,,1954.0,6.0,30.0,119.62,1.7,"$2,827,113,184,696 ",60.0,101.2,81.3,25.5,30.6,66834405.0,55.378051,-3.435973,Heineken,1
120,14600,Healthcare,Xu Hang,60.0,China,Shenzhen,Medical devices,Healthcare,Hong Kong,,True,D,M,5/22/1962 0:00,Xu,Hang,Founder & Entrepreneur,4/4/2023 5:01,,,1962.0,5.0,22.0,125.08,2.9,"$19,910,000,000,000 ",50.6,100.2,77.0,9.4,59.2,1397715000.0,35.86166,104.195397,Medical devices,1
121,14500,Automotive,Wei Jianjun & family,59.0,China,Baoding,Automobiles,Automotive,China,,True,D,M,3/1/1964 0:00,Wei,Jianjun,Controlling Shareholder & (Family Estate),4/4/2023 5:01,,,1964.0,3.0,1.0,125.08,2.9,"$19,910,000,000,000 ",50.6,100.2,77.0,9.4,59.2,1397715000.0,35.86166,104.195397,Automobiles,1
122,14400,Metals & Mining,Alisher Usmanov,69.0,Uzbekistan,Tashkent,"Steel, telecom, investments",Metals & Mining,Russia,Metalloinvest,True,U,M,9/9/1953 0:00,Usmanov,Alisher,Founder & Steel & telecom,4/4/2023 5:01,,,1953.0,9.0,9.0,,,"$57,921,286,440 ",10.1,104.2,71.6,14.8,31.6,33580650.0,41.377491,64.585262,"Metalloinvest, Steel, investments, telecom",4
123,14300,Manufacturing,Goh Cheng Liang,95.0,Singapore,Singapore,Paints,Manufacturing,Singapore,,True,U,M,6/27/1927 0:00,Goh,Cheng Liang,Founder & Entrepreneur,4/4/2023 5:01,,,1927.0,6.0,27.0,114.41,0.6,"$372,062,527,489 ",84.8,100.6,83.1,13.1,21.0,5703569.0,1.352083,103.819836,Paints,1
124,14200,Diversified,Kumar Birla,55.0,India,Mumbai,Commodities,Diversified,India,,False,D,M,6/14/1967 0:00,Birla,Kumar,Heir & Major Shareholder,4/4/2023 5:01,,,1967.0,6.0,14.0,180.44,7.7,"$2,611,000,000,000 ",28.1,113.0,69.4,11.2,49.7,1366417754.0,20.593684,78.96288,Commodities,1
124,14200,Manufacturing,Aliko Dangote,65.0,Nigeria,Lagos,"Cement, sugar",Manufacturing,Nigeria,Dangote Group,True,U,M,4/10/1957 0:00,Dangote,Aliko,CEO & Cement,4/4/2023 5:01,,,1957.0,4.0,10.0,267.51,11.4,"$448,120,428,859 ",10.2,84.7,54.3,1.5,34.8,200963599.0,9.081999,8.675277,"Cement, Dangote Group, sugar",3
126,14100,Real Estate,Kwong Siu-hing,93.0,Hong Kong,Hong Kong,Real estate,Real Estate,Hong Kong,,False,U,F,12/2/1929 0:00,Kwong,Siu-hing,Heir & Major Shareholder,4/4/2023 5:01,,,1929.0,12.0,2.0,,,,,,,,,,,,Real estate,1
127,14000,Diversified,Idan Ofer,67.0,United Kingdom,London,Shipping,Diversified,Israel,,False,U,M,10/2/1955 0:00,Ofer,Idan,Heir & Major Shareholder,4/4/2023 5:01,,,1955.0,10.0,2.0,119.62,1.7,"$2,827,113,184,696 ",60.0,101.2,81.3,25.5,30.6,66834405.0,55.378051,-3.435973,Shipping,1
128,13900,Healthcare,Chen Bang,57.0,China,Changsha,Hospitals,Healthcare,China,,True,U,M,9/1/1965 0:00,Chen,Bang,Founder & Entrepreneur,4/4/2023 5:01,,,1965.0,9.0,1.0,125.08,2.9,"$19,910,000,000,000 ",50.6,100.2,77.0,9.4,59.2,1397715000.0,35.86166,104.195397,Hospitals,1
128,13900,Gambling & Casinos,Lui Che Woo,94.0,Hong Kong,Hong Kong,Casinos/hotels,Gambling & Casinos,Hong Kong,,True,U,M,4/1/1929 0:00,Lui,Che Woo,Founder & Entrepreneur,4/4/2023 5:01,,,1929.0,4.0,1.0,,,,,,,,,,,,Casinos/hotels,1
130,13700,Logistics,John Fredriksen,78.0,United Kingdom,London,Shipping,Logistics,Cyprus,,True,U,M,2/1/1945 0:00,Fredriksen,John,Founder & Lead Investor,4/4/2023 5:01,,,1945.0,2.0,1.0,119.62,1.7,"$2,827,113,184,696 ",60.0,101.2,81.3,25.5,30.6,66834405.0,55.378051,-3.435973,Shipping,1
130,13700,Construction & Engineering,Diane Hendricks,76.0,United States,Afton,Building supplies,Construction & Engineering,United States,ABC Supply,True,U,F,3/2/1947 0:00,Hendricks,Diane,Founder & Lead Investor,4/4/2023 5:01,Wisconsin,Midwest,1947.0,3.0,2.0,117.24,7.5,"$21,427,700,000,000 ",88.2,101.8,78.5,9.6,36.6,328239523.0,37.09024,-95.712891,"ABC Supply, Building supplies",2
130,13700,Technology,Jan Koum,47.0,United States,Atherton,WhatsApp,Technology,United States,WhatsApp Inc.,True,U,M,2/24/1976 0:00,Koum,Jan,CEO & cofounder,4/4/2023 5:01,California,West,1976.0,2.0,24.0,117.24,7.5,"$21,427,700,000,000 ",88.2,101.8,78.5,9.6,36.6,328239523.0,37.09024,-95.712891,"WhatsApp, WhatsApp Inc.",2
133,13300,Sports,Jerry Jones,80.0,United States,Dallas,Dallas Cowboys,Sports,United States,Dallas Cowboys,True,U,M,10/13/1942 0:00,Jones,Jerry,Founder & Lead Investor,4/4/2023 5:01,Texas,South,1942.0,10.0,13.0,117.24,7.5,"$21,427,700,000,000 ",88.2,101.8,78.5,9.6,36.6,328239523.0,37.09024,-95.712891,Dallas Cowboys,1
133,13300,Energy,George Kaiser,80.0,United States,Tulsa,"Oil & gas, banking",Energy,United States,BOK Financial Corp.,False,U,M,7/29/1942 0:00,Kaiser,George,Chairman & Oil & gas,4/4/2023 5:01,Oklahoma,South,1942.0,7.0,29.0,117.24,7.5,"$21,427,700,000,000 ",88.2,101.8,78.5,9.6,36.6,328239523.0,37.09024,-95.712891,"BOK Financial Corp., Oil & gas, banking",3
133,13300,Real Estate,Joseph Lau,71.0,Hong Kong,Hong Kong,Real estate,Real Estate,Hong Kong,,True,D,M,7/21/1951 0:00,Lau,Joseph,Founder & Entrepreneur,4/4/2023 5:01,,,1951.0,7.0,21.0,,,,,,,,,,,,Real estate,1
136,13200,Automotive,Lu Xiangyang,60.0,China,Guangzhou,"Automobiles, batteries",Automotive,China,,True,D,M,12/28/1962 0:00,Lu,Xiangyang,Founder & Entrepreneur & Automobiles,4/4/2023 5:01,,,1962.0,12.0,28.0,125.08,2.9,"$19,910,000,000,000 ",50.6,100.2,77.0,9.4,59.2,1397715000.0,35.86166,104.195397,"Automobiles, batteries",2
137,13100,Real Estate,Harry Triguboff,90.0,Australia,Sydney,Real estate,Real Estate,Australia,,True,U,M,3/3/1933 0:00,Triguboff,Harry,Founder & Entrepreneur,4/4/2023 5:01,,,1933.0,3.0,3.0,119.8,1.6,"$1,392,680,589,329 ",113.1,100.3,82.7,23.0,47.4,25766605.0,-25.274398,133.775136,Real estate,1
138,12900,Finance & Investments,Uday Kotak,64.0,India,Mumbai,Banking,Finance & Investments,India,,True,D,M,3/15/1959 0:00,Kotak,Uday,Founder & Entrepreneur,4/4/2023 5:01,,,1959.0,3.0,15.0,180.44,7.7,"$2,611,000,000,000 ",28.1,113.0,69.4,11.2,49.7,1366417754.0,20.593684,78.96288,Banking,1
138,12900,Sports,Stanley Kroenke,75.0,United States,Electra,"Sports, real estate",Sports,United States,,True,U,M,7/29/1947 0:00,Kroenke,Stanley,Founder & Entrepreneur & Sports,4/4/2023 5:01,Texas,South,1947.0,7.0,29.0,117.24,7.5,"$21,427,700,000,000 ",88.2,101.8,78.5,9.6,36.6,328239523.0,37.09024,-95.712891,"Sports, real estate",2
140,12600,Energy,Mikhail Fridman,58.0,United Kingdom,London,"Oil, banking, telecom",Energy,Russia,,True,U,M,4/21/1964 0:00,Fridman,Mikhail,Founder & Entrepreneur & Oil & banking,4/4/2023 5:01,,,1964.0,4.0,21.0,119.62,1.7,"$2,827,113,184,696 ",60.0,101.2,81.3,25.5,30.6,66834405.0,55.378051,-3.435973,"Oil, banking, telecom",3
141,12300,Energy,Sarath Ratanavadi,57.0,Thailand,Bangkok,Energy,Energy,Thailand,,True,U,M,7/12/1965 0:00,Ratanavadi,Sarath,Founder & Entrepreneur,4/4/2023 5:01,,,1965.0,7.0,12.0,113.27,0.7,"$543,649,976,166 ",49.3,99.8,76.9,14.9,29.5,69625582.0,15.870032,100.992541,Energy,1
142,12200,Metals & Mining,Dang Yanbao,50.0,China,Yinchuan,Coal,Metals & Mining,China,,True,D,M,2/1/1973 0:00,Dang,Yanbao,Founder & Entrepreneur,4/4/2023 5:01,,,1973.0,2.0,1.0,125.08,2.9,"$19,910,000,000,000 ",50.6,100.2,77.0,9.4,59.2,1397715000.0,35.86166,104.195397,Coal,1
142,12200,Healthcare,Jiang Rensheng & family,69.0,China,Chongqing,Vaccines,Healthcare,China,,True,D,M,10/8/1953 0:00,Jiang,Rensheng,Controlling Shareholder & (Family Estate),4/4/2023 5:01,,,1953.0,10.0,8.0,125.08,2.9,"$19,910,000,000,000 ",50.6,100.2,77.0,9.4,59.2,1397715000.0,35.86166,104.195397,Vaccines,1
144,12100,Automotive,Shahid Khan,72.0,United States,Naples,Auto parts,Automotive,United States,,True,U,M,7/18/1950 0:00,Khan,Shahid,Founder & Entrepreneur,4/4/2023 5:01,Florida,South,1950.0,7.0,18.0,117.24,7.5,"$21,427,700,000,000 ",88.2,101.8,78.5,9.6,36.6,328239523.0,37.09024,-95.712891,Auto parts,1
145,12000,Technology,Laurene Powell Jobs & family,59.0,United States,Palo Alto,"Apple, Disney",Technology,United States,Emerson Collective,False,D,F,11/6/1963 0:00,Powell Jobs,Laurene,Controlling Shareholder & Apple & (Family Estate),4/4/2023 5:01,California,West,1963.0,11.0,6.0,117.24,7.5,"$21,427,700,000,000 ",88.2,101.8,78.5,9.6,36.6,328239523.0,37.09024,-95.712891,"Apple, Disney, Emerson Collective",3
146,11800,Diversified,Robert Kuok,99.0,Hong Kong,Hong Kong,"Palm oil, shipping, property",Diversified,Malaysia,,True,U,M,10/6/1923 0:00,Kuok,Robert,Founder & Entrepreneur & oil & shipping,4/4/2023 5:01,,,1923.0,10.0,6.0,,,,,,,,,,,,"Palm oil, property, shipping",3
147,11600,Real Estate,Stephen Ross,82.0,United States,New York,Real estate,Real Estate,United States,,True,U,M,5/10/1940 0:00,Ross,Stephen,Founder & Entrepreneur,4/4/2023 5:01,New York,Northeast,1940.0,5.0,10.0,117.24,7.5,"$21,427,700,000,000 ",88.2,101.8,78.5,9.6,36.6,328239523.0,37.09024,-95.712891,Real estate,1
148,11500,Technology,Pavel Durov,38.0,United Arab Emirates,Dubai,Messaging app,Technology,United Arab Emirates,,True,D,M,10/10/1984 0:00,Durov,Pavel,Founder & Entrepreneur & app,4/4/2023 5:01,,,1984.0,10.0,10.0,114.52,-1.9,"$421,142,267,938 ",36.8,108.4,77.8,0.1,15.9,9770529.0,23.424076,53.847818,Messaging app,1
148,11500,Healthcare,Andreas Struengmann & family,73.0,Germany,Tegernsee,Pharmaceuticals,Healthcare,Germany,,True,D,M,2/16/1950 0:00,Struengmann,Andreas,Controlling Shareholder & (Family Estate),4/4/2023 5:01,,,1950.0,2.0,16.0,112.85,1.4,"$3,845,630,030,824 ",70.2,104.0,80.9,11.5,48.8,83132799.0,51.165691,10.451526,Pharmaceuticals,1
148,11500,Healthcare,Thomas Struengmann & family,73.0,Germany,Tegernsee,Pharmaceuticals,Healthcare,Germany,,True,D,M,2/16/1950 0:00,Struengmann,Thomas,Controlling Shareholder & (Family Estate),4/4/2023 5:01,,,1950.0,2.0,16.0,112.85,1.4,"$3,845,630,030,824 ",70.2,104.0,80.9,11.5,48.8,83132799.0,51.165691,10.451526,Pharmaceuticals,1
151,11400,Food & Beverage,Liu Hanyuan,59.0,China,Chengdu,Agribusiness,Food & Beverage,China,,True,D,M,1/1/1964 0:00,Liu,Hanyuan,Founder & Entrepreneur,4/4/2023 5:01,,,1964.0,1.0,1.0,125.08,2.9,"$19,910,000,000,000 ",50.6,100.2,77.0,9.4,59.2,1397715000.0,35.86166,104.195397,Agribusiness,1
151,11400,Fashion & Retail,Michael Rubin,50.0,United States,Bryn Mawr,Online retail,Fashion & Retail,United States,Kynetic,True,U,M,7/21/1972 0:00,Rubin,Michael,CEO,4/4/2023 5:01,Pennsylvania,Northeast,1972.0,7.0,21.0,117.24,7.5,"$21,427,700,000,000 ",88.2,101.8,78.5,9.6,36.6,328239523.0,37.09024,-95.712891,"Kynetic, Online retail",2
153,11300,Finance & Investments,Israel Englander,74.0,United States,New York,Hedge funds,Finance & Investments,United States,"Millennium Management, L.L.C.",True,D,M,9/30/1948 0:00,Englander,Israel,Founder,4/4/2023 5:01,New York,Northeast,1948.0,9.0,30.0,117.24,7.5,"$21,427,700,000,000 ",88.2,101.8,78.5,9.6,36.6,328239523.0,37.09024,-95.712891,"Hedge funds, Millennium Management, L.L.C.",2
153,11300,Manufacturing,Viatcheslav Kantor,69.0,Israel,Herzliya,"Fertilizer, real estate",Manufacturing,Russia,,True,U,M,9/8/1953 0:00,Kantor,Viatcheslav,Founder & Entrepreneur & Fertilizer,4/4/2023 5:01,,,1953.0,9.0,8.0,108.15,0.8,"$395,098,666,122 ",63.4,104.9,82.8,23.1,25.3,9053300.0,31.046051,34.851612,"Fertilizer, real estate",2
153,11300,Manufacturing,Anthony Pratt,62.0,Australia,Melbourne,Manufacturing,Manufacturing,Australia,,False,D,M,4/11/1960 0:00,Pratt,Anthony,Heir & Major Shareholder,4/4/2023 5:01,,,1960.0,4.0,11.0,119.8,1.6,"$1,392,680,589,329 ",113.1,100.3,82.7,23.0,47.4,25766605.0,-25.274398,133.775136,Manufacturing,1
153,11300,Finance & Investments,Mikhail Prokhorov,57.0,Switzerland,Frauenfeld,Investments,Finance & Investments,Russia,,True,U,M,5/3/1965 0:00,Prokhorov,Mikhail,Founder & Entrepreneur,4/4/2023 5:01,,,1965.0,5.0,3.0,99.55,0.4,"$703,082,435,360 ",59.6,105.2,83.6,10.1,28.8,8574832.0,46.818188,8.227512,Investments,1
157,11100,Fashion & Retail,Giorgio Armani,88.0,Italy,Milan,Luxury goods,Fashion & Retail,Italy,,True,U,M,7/11/1934 0:00,Armani,Giorgio,Founder & Entrepreneur,4/4/2023 5:01,,,1934.0,7.0,11.0,110.62,0.6,"$2,001,244,392,042 ",61.9,101.9,82.9,24.3,59.1,60297396.0,41.87194,12.56738,Luxury goods,1
157,11100,Fashion & Retail,Johann Rupert & family,72.0,South Africa,Cape Town,Luxury goods,Fashion & Retail,South Africa,,False,U,M,6/1/1950 0:00,Rupert,Johann,Controlling Shareholder & (Family Estate),4/4/2023 5:01,,,1950.0,6.0,1.0,158.93,4.1,"$351,431,649,241 ",22.4,100.9,63.9,27.5,29.2,58558270.0,-30.559482,22.937506,Luxury goods,1
159,11000,Finance & Investments,Gong Hongjia & family,58.0,Hong Kong,Hong Kong,Video surveillance,Finance & Investments,Hong Kong,,True,D,M,1/1/1965 0:00,Gong,Hongjia,Controlling Shareholder & (Family Estate),4/4/2023 5:01,,,1965.0,1.0,1.0,,,,,,,,,,,,Video surveillance,1
159,11000,Technology,Zhang Zhidong,51.0,China,Shenzhen,Internet media,Technology,China,,True,D,M,1/1/1972 0:00,Zhang,Zhidong,Founder & Entrepreneur,4/4/2023 5:01,,,1972.0,1.0,1.0,125.08,2.9,"$19,910,000,000,000 ",50.6,100.2,77.0,9.4,59.2,1397715000.0,35.86166,104.195397,Internet media,1
161,10900,Finance & Investments,Philip Anschutz,83.0,United States,Denver,"Energy, sports, entertainment",Finance & Investments,United States,,False,E,M,12/28/1939 0:00,Anschutz,Philip,Heir & Major Shareholder & Energy & sports,4/4/2023 5:01,Colorado,West,1939.0,12.0,28.0,117.24,7.5,"$21,427,700,000,000 ",88.2,101.8,78.5,9.6,36.6,328239523.0,37.09024,-95.712891,"Energy, entertainment, sports",3
161,10900,Fashion & Retail,Judy Love & family,85.0,United States,Oklahoma City,Gas stations,Fashion & Retail,United States,Love's Travel Stops and Country Stores,True,U,F,6/17/1937 0:00,Love,Judy,Chairman and CEO,4/4/2023 5:01,Oklahoma,South,1937.0,6.0,17.0,117.24,7.5,"$21,427,700,000,000 ",88.2,101.8,78.5,9.6,36.6,328239523.0,37.09024,-95.712891,"Gas stations, Love's Travel Stops and Country Stores",2
161,10900,Fashion & Retail,Ricardo Salinas Pliego & family,67.0,Mexico,Mexico City,"Retail, media",Fashion & Retail,Mexico,,False,D,M,10/19/1955 0:00,Salinas Pliego,Ricardo,Controlling Shareholder & (Family Estate),4/4/2023 5:01,,,1955.0,10.0,19.0,141.54,3.6,"$1,258,286,717,125 ",40.2,105.8,75.0,13.1,55.1,126014024.0,23.634501,-102.552784,"Retail, media",2
164,10700,Media & Entertainment,Donald Newhouse,93.0,United States,New York,Media,Media & Entertainment,United States,,False,D,M,8/5/1929 0:00,Newhouse,Donald,Heir & Major Shareholder,4/4/2023 5:01,New York,Northeast,1929.0,8.0,5.0,117.24,7.5,"$21,427,700,000,000 ",88.2,101.8,78.5,9.6,36.6,328239523.0,37.09024,-95.712891,Media,1
165,10600,Sports,Robert Kraft,81.0,United States,Brookline,"Manufacturing, New England Patriots",Sports,United States,The Kraft Group,True,U,M,6/5/1941 0:00,Kraft,Robert,Chairman & CEO,4/4/2023 5:01,Massachusetts,Northeast,1941.0,6.0,5.0,117.24,7.5,"$21,427,700,000,000 ",88.2,101.8,78.5,9.6,36.6,328239523.0,37.09024,-95.712891,"Manufacturing, New England Patriots, The Kraft Group",3
165,10600,Food & Beverage,Marcel Herrmann Telles,73.0,Brazil,Sao Paulo,Beer,Food & Beverage,Brazil,,True,U,M,1/1/1950 0:00,Telles,Marcel Herrmann,Founder & Entrepreneur,4/4/2023 5:01,,,1950.0,1.0,1.0,167.4,3.7,"$1,839,758,040,766 ",51.3,115.4,75.7,14.2,65.1,212559417.0,-14.235004,-51.92528,Beer,1
167,10500,Finance & Investments,Suleiman Kerimov & family,57.0,Russia,Moscow,Gold,Finance & Investments,Russia,,True,U,M,3/12/1966 0:00,Kerimov & family,Suleiman,Controlling Shareholder & (Family Estate),4/4/2023 5:01,,,1966.0,3.0,12.0,180.75,4.5,"$1,699,876,578,871 ",81.9,102.6,72.7,11.4,46.2,144373535.0,61.52401,105.318756,Gold,1
167,10500,Fashion & Retail,Sky Xu,39.0,China,Guangzhou,E-commerce,Fashion & Retail,China,,True,U,M,1/1/1984 0:00,Xu,Sky,Founder & Entrepreneur,4/4/2023 5:01,,,1984.0,1.0,1.0,125.08,2.9,"$19,910,000,000,000 ",50.6,100.2,77.0,9.4,59.2,1397715000.0,35.86166,104.195397,E-commerce,1
167,10500,Finance & Investments,Changpeng Zhao,45.0,United Arab Emirates,Dubai,Cryptocurrency exchange,Finance & Investments,Canada,,True,D,M,9/10/1977 0:00,Zhao,Changpeng,Founder & Entrepreneur,4/4/2023 5:01,,,1977.0,9.0,10.0,114.52,-1.9,"$421,142,267,938 ",36.8,108.4,77.8,0.1,15.9,9770529.0,23.424076,53.847818,Cryptocurrency exchange,1
170,10300,Finance & Investments,Andrew Beal,70.0,United States,Dallas,"Banks, real estate",Finance & Investments,United States,,True,U,M,11/29/1952 0:00,Beal,Andrew,Founder & Entrepreneur & Banks,4/4/2023 5:01,Texas,South,1952.0,11.0,29.0,117.24,7.5,"$21,427,700,000,000 ",88.2,101.8,78.5,9.6,36.6,328239523.0,37.09024,-95.712891,"Banks, real estate",2
171,10200,Technology,Mike Cannon-Brookes,43.0,Australia,Sydney,Software,Technology,Australia,,True,D,M,11/17/1979 0:00,Cannon-Brookes,Mike,Founder & Entrepreneur,4/4/2023 5:01,,,1979.0,11.0,17.0,119.8,1.6,"$1,392,680,589,329 ",113.1,100.3,82.7,23.0,47.4,25766605.0,-25.274398,133.775136,Software,1
171,10200,Healthcare,Carl Cook,60.0,United States,Bloomington,Medical devices,Healthcare,United States,,False,D,M,8/19/1962 0:00,Cook,Carl,Heir & Major Shareholder,4/4/2023 5:01,Indiana,Midwest,1962.0,8.0,19.0,117.24,7.5,"$21,427,700,000,000 ",88.2,101.8,78.5,9.6,36.6,328239523.0,37.09024,-95.712891,Medical devices,1
171,10200,Technology,David Duffield,82.0,United States,Incline Village,Business software,Technology,United States,Workday,True,D,M,9/21/1940 0:00,Duffield,David,Chairman and Cofounder,4/4/2023 5:01,Nevada,West,1940.0,9.0,21.0,117.24,7.5,"$21,427,700,000,000 ",88.2,101.8,78.5,9.6,36.6,328239523.0,37.09024,-95.712891,"Business software, Workday",2
171,10200,Energy,Jeffery Hildebrand,64.0,United States,Houston,Oil,Energy,United States,,True,U,M,3/5/1959 0:00,Hildebrand,Jeffery,Founder & Entrepreneur & Oil,4/4/2023 5:01,Texas,South,1959.0,3.0,5.0,117.24,7.5,"$21,427,700,000,000 ",88.2,101.8,78.5,9.6,36.6,328239523.0,37.09024,-95.712891,Oil,1
171,10200,Manufacturing,Viktor Rashnikov,74.0,Russia,Magnitogorsk,Steel,Manufacturing,Russia,,True,U,M,10/13/1948 0:00,Rashnikov,Viktor,Founder & Entrepreneur,4/4/2023 5:01,,,1948.0,10.0,13.0,180.75,4.5,"$1,699,876,578,871 ",81.9,102.6,72.7,11.4,46.2,144373535.0,61.52401,105.318756,Steel,1
171,10200,Technology,Eduardo Saverin,41.0,Singapore,Singapore,Facebook,Technology,Brazil,Meta Platforms,True,D,M,3/19/1982 0:00,Saverin,Eduardo,Founder & Lead Investor,4/4/2023 5:01,,,1982.0,3.0,19.0,114.41,0.6,"$372,062,527,489 ",84.8,100.6,83.1,13.1,21.0,5703569.0,1.352083,103.819836,"Facebook, Meta Platforms",2
171,10200,Automotive,Georg Schaeffler,58.0,Germany,Herzogenaurach,Auto parts,Automotive,Germany,,False,U,M,10/19/1964 0:00,Schaeffler,Georg,Heir & Major Shareholder,4/4/2023 5:01,,,1964.0,10.0,19.0,112.85,1.4,"$3,845,630,030,824 ",70.2,104.0,80.9,11.5,48.8,83132799.0,51.165691,10.451526,Auto parts,1
171,10200,Fashion & Retail,Christy Walton,74.0,United States,Jackson,Walmart,Fashion & Retail,United States,,False,U,F,2/8/1949 0:00,Walton,Christy,Heir & Major Shareholder,4/4/2023 5:01,Wyoming,South,1949.0,2.0,8.0,117.24,7.5,"$21,427,700,000,000 ",88.2,101.8,78.5,9.6,36.6,328239523.0,37.09024,-95.712891,Walmart,1
179,10100,Technology,Scott Farquhar,43.0,Australia,Sydney,Software,Technology,Australia,,True,D,M,12/17/1979 0:00,Farquhar,Scott,Founder & Entrepreneur,4/4/2023 5:01,,,1979.0,12.0,17.0,119.8,1.6,"$1,392,680,589,329 ",113.1,100.3,82.7,23.0,47.4,25766605.0,-25.274398,133.775136,Software,1
179,10100,Diversified,Quek Leng Chan,81.0,Malaysia,Kuala Lumpur,"Banking, property",Diversified,Malaysia,,False,D,M,8/12/1941 0:00,Quek,Leng Chan,Heir & Major Shareholder & Banking,4/4/2023 5:01,,,1941.0,8.0,12.0,121.46,0.7,"$364,701,517,788 ",45.1,105.3,76.0,12.0,38.7,32447385.0,4.210484,101.975766,"Banking, property",2
179,10100,Real Estate,Wu Yajun,59.0,China,Beijing,Real estate,Real Estate,China,,True,D,F,1/1/1964 0:00,Wu,Yajun,Founder & Entrepreneur,4/4/2023 5:01,,,1964.0,1.0,1.0,125.08,2.9,"$19,910,000,000,000 ",50.6,100.2,77.0,9.4,59.2,1397715000.0,35.86166,104.195397,Real estate,1
182,10000,Energy,Autry Stephens,85.0,United States,Midland,Oil,Energy,United States,,True,U,M,3/8/1938 0:00,Stephens,Autry,Founder & Entrepreneur & Oil,4/4/2023 5:01,Texas,South,1938.0,3.0,8.0,117.24,7.5,"$21,427,700,000,000 ",88.2,101.8,78.5,9.6,36.6,328239523.0,37.09024,-95.712891,Oil,1
183,9900,Service,Liu Yongxing,74.0,China,Shanghai,Diversified,Service,China,East Hope Group,True,D,M,6/1/1948 0:00,Liu,Yongxing,Chairman,4/4/2023 5:01,,,1948.0,6.0,1.0,125.08,2.9,"$19,910,000,000,000 ",50.6,100.2,77.0,9.4,59.2,1397715000.0,35.86166,104.195397,"Diversified, East Hope Group",10
184,9800,Diversified,Vinod Adani,74.0,United Arab Emirates,Dubai,"Infrastructure, commodities",Diversified,Cyprus,,True,Split Family Fortune,M,1/10/1949 0:00,Adani,Vinod,Founder & Entrepreneur & Infrastructure,4/4/2023 5:01,,,1949.0,1.0,10.0,114.52,-1.9,"$421,142,267,938 ",36.8,108.4,77.8,0.1,15.9,9770529.0,23.424076,53.847818,"Infrastructure, commodities",2
184,9800,Fashion & Retail,Nicolas Puech,80.0,Switzerland,Martigny,Hermes,Fashion & Retail,France,,False,U,M,1/29/1943 0:00,Puech,Nicolas,Heir & Major Shareholder,4/4/2023 5:01,,,1943.0,1.0,29.0,99.55,0.4,"$703,082,435,360 ",59.6,105.2,83.6,10.1,28.8,8574832.0,46.818188,8.227512,Hermes,1
184,9800,Logistics,"Jacques Saadé, Jr.",51.0,France,Marseille,Shipping,Logistics,France,,False,Split Family Fortune,M,8/10/1971 0:00,Saadé,Jacques,Heir & Major Shareholder,4/4/2023 5:01,,,1971.0,8.0,10.0,110.05,1.1,"$2,715,518,274,227 ",65.6,102.5,82.5,24.2,60.7,67059887.0,46.227638,2.213749,Shipping,1
184,9800,Logistics,Rodolphe Saadé,53.0,France,Marseille,Shipping,Logistics,France,CMA CGM,False,Split Family Fortune,M,3/3/1970 0:00,Saadé,Rodolphe,Chairman and CEO,4/4/2023 5:01,,,1970.0,3.0,3.0,110.05,1.1,"$2,715,518,274,227 ",65.6,102.5,82.5,24.2,60.7,67059887.0,46.227638,2.213749,"CMA CGM, Shipping",2
184,9800,Logistics,Tanya Saadé Zeenny,55.0,France,Marseille,Shipping,Logistics,France,,False,Split Family Fortune,F,2/1/1968 0:00,Saadé Zeenny,Tanya,Heir & Major Shareholder,4/4/2023 5:01,,,1968.0,2.0,1.0,110.05,1.1,"$2,715,518,274,227 ",65.6,102.5,82.5,24.2,60.7,67059887.0,46.227638,2.213749,Shipping,1
184,9800,Finance & Investments,Melker Schorling & family,75.0,Sweden,Stockholm,Investments,Finance & Investments,Sweden,,True,D,M,5/15/1947 0:00,Schorling,Melker,Controlling Shareholder & (Family Estate),4/4/2023 5:01,,,1947.0,5.0,15.0,110.51,1.8,"$530,832,908,738 ",67.0,126.6,82.5,27.9,49.1,10285453.0,60.128161,18.643501,Investments,1
190,9700,Manufacturing,Andrei Guriev & family,63.0,Russia,Moscow,Fertilizers,Manufacturing,Russia,,True,U,M,3/24/1960 0:00,Guriev & family,Andrei,Controlling Shareholder & (Family Estate),4/4/2023 5:01,,,1960.0,3.0,24.0,180.75,4.5,"$1,699,876,578,871 ",81.9,102.6,72.7,11.4,46.2,144373535.0,61.52401,105.318756,Fertilizers,1
190,9700,Finance & Investments,Michael Kim,59.0,South Korea,Seoul,Private equity,Finance & Investments,United States,MBK Partners,True,U,M,10/1/1963 0:00,Kim,Michael,Founder & Entrepreneur,4/4/2023 5:01,,,1963.0,10.0,1.0,115.16,0.4,"$2,029,000,000,000 ",94.3,98.1,82.6,15.6,33.2,51709098.0,35.907757,127.766922,"MBK Partners, Private equity",2
190,9700,Technology,Lei Jun,53.0,China,Beijing,Smartphones,Technology,China,Xiaomi,True,D,M,12/16/1969 0:00,Lei,Jun,Founder and CEO,4/4/2023 5:01,,,1969.0,12.0,16.0,125.08,2.9,"$19,910,000,000,000 ",50.6,100.2,77.0,9.4,59.2,1397715000.0,35.86166,104.195397,"Smartphones, Xiaomi",2
190,9700,Manufacturing,Friedhelm Loh,76.0,Germany,Haiger,Manufacturing,Manufacturing,Germany,,False,U,M,8/15/1946 0:00,Loh,Friedhelm,Heir & Major Shareholder,4/4/2023 5:01,,,1946.0,8.0,15.0,112.85,1.4,"$3,845,630,030,824 ",70.2,104.0,80.9,11.5,48.8,83132799.0,51.165691,10.451526,Manufacturing,1
190,9700,Healthcare,Sun Piaoyang,64.0,China,Lianyungang,Pharmaceuticals,Healthcare,China,,True,D,M,9/1/1958 0:00,Sun,Piaoyang,Founder & Entrepreneur,4/4/2023 5:01,,,1958.0,9.0,1.0,125.08,2.9,"$19,910,000,000,000 ",50.6,100.2,77.0,9.4,59.2,1397715000.0,35.86166,104.195397,Pharmaceuticals,1
195,9600,Technology,Rick Cohen & family,70.0,United States,Keene,Warehouse automation,Technology,United States,C&S Wholesale Grocers,False,N,M,7/25/1952 0:00,Cohen,Rick,Controlling Shareholder & (Family Estate),4/4/2023 5:01,New Hampshire,Northeast,1952.0,7.0,25.0,117.24,7.5,"$21,427,700,000,000 ",88.2,101.8,78.5,9.6,36.6,328239523.0,37.09024,-95.712891,"C&S Wholesale Grocers, Warehouse automation",2
195,9600,Energy,Jin Baofang,70.0,China,Xingtai,Solar panels,Energy,China,,True,D,M,9/1/1952 0:00,Jin,Baofang,Founder & Entrepreneur,4/4/2023 5:01,,,1952.0,9.0,1.0,125.08,2.9,"$19,910,000,000,000 ",50.6,100.2,77.0,9.4,59.2,1397715000.0,35.86166,104.195397,Solar panels,1
195,9600,Manufacturing,Luo Liguo & family,67.0,China,Ningbo,Chemicals,Manufacturing,China,,True,D,M,3/1/1956 0:00,Luo,Liguo,Controlling Shareholder & (Family Estate),4/4/2023 5:01,,,1956.0,3.0,1.0,125.08,2.9,"$19,910,000,000,000 ",50.6,100.2,77.0,9.4,59.2,1397715000.0,35.86166,104.195397,Chemicals,1
195,9600,Food & Beverage,Marijke Mars,58.0,United States,Los Angeles,"Candy, pet food",Food & Beverage,United States,,False,U,F,7/28/1964 0:00,Mars,Marijke,Heir & Major Shareholder & Candy & pet,4/4/2023 5:01,California,West,1964.0,7.0,28.0,117.24,7.5,"$21,427,700,000,000 ",88.2,101.8,78.5,9.6,36.6,328239523.0,37.09024,-95.712891,"Candy, pet food",2
195,9600,Food & Beverage,Pamela Mars,62.0,United States,Alexandria,"Candy, pet food",Food & Beverage,United States,,False,U,F,8/1/1960 0:00,Mars,Pamela,Heir & Major Shareholder & Candy & pet,4/4/2023 5:01,Virginia,South,1960.0,8.0,1.0,117.24,7.5,"$21,427,700,000,000 ",88.2,101.8,78.5,9.6,36.6,328239523.0,37.09024,-95.712891,"Candy, pet food",2
195,9600,Food & Beverage,Valerie Mars,64.0,United States,New York,"Candy, pet food",Food & Beverage,United States,,False,U,F,1/26/1959 0:00,Mars,Valerie,Heir & Major Shareholder & Candy & pet,4/4/2023 5:01,New York,Northeast,1959.0,1.0,26.0,117.24,7.5,"$21,427,700,000,000 ",88.2,101.8,78.5,9.6,36.6,328239523.0,37.09024,-95.712891,"Candy, pet food",2
195,9600,Food & Beverage,Victoria Mars,66.0,United States,Philadelphia,"Candy, pet food",Food & Beverage,United States,,False,U,F,12/15/1956 0:00,Mars,Victoria,Heir & Major Shareholder & Candy & pet,4/4/2023 5:01,Pennsylvania,Northeast,1956.0,12.0,15.0,117.24,7.5,"$21,427,700,000,000 ",88.2,101.8,78.5,9.6,36.6,328239523.0,37.09024,-95.712891,"Candy, pet food",2
202,9500,Finance & Investments,Vincent Bolloré & family,71.0,France,Paris,Investments,Finance & Investments,France,,False,U,M,4/1/1952 0:00,Bolloré,Vincent,Controlling Shareholder & (Family Estate),4/4/2023 5:01,,,1952.0,4.0,1.0,110.05,1.1,"$2,715,518,274,227 ",65.6,102.5,82.5,24.2,60.7,67059887.0,46.227638,2.213749,Investments,1
202,9500,Diversified,Jim Pattison,94.0,Canada,Vancouver,Diversified,Diversified,Canada,Jim Pattison Group,True,D,M,10/1/1928 0:00,Pattison,Jim,Founder & Chairman and CEO,4/4/2023 5:01,,,1928.0,10.0,1.0,116.76,1.9,"$1,736,425,629,520 ",68.9,100.9,81.9,12.8,24.5,36991981.0,56.130366,-106.346771,"Diversified, Jim Pattison Group",10
204,9400,Healthcare,Ernesto Bertarelli,57.0,Switzerland,Gstaad,"Biotech, investments",Healthcare,Switzerland,,False,U,M,9/22/1965 0:00,Bertarelli,Ernesto,Heir & Major Shareholder & Biotech,4/4/2023 5:01,,,1965.0,9.0,22.0,99.55,0.4,"$703,082,435,360 ",59.6,105.2,83.6,10.1,28.8,8574832.0,46.818188,8.227512,"Biotech, investments",2
204,9400,Technology,Wang Xing,44.0,China,Beijing,Food delivery,Technology,China,,True,D,M,2/18/1979 0:00,Wang,Xing,Founder & Entrepreneur,4/4/2023 5:01,,,1979.0,2.0,18.0,125.08,2.9,"$19,910,000,000,000 ",50.6,100.2,77.0,9.4,59.2,1397715000.0,35.86166,104.195397,Food delivery,1
206,9300,Technology,Brian Chesky,41.0,United States,San Francisco,Airbnb,Technology,United States,"Airbnb, Inc.",True,D,M,8/29/1981 0:00,Chesky,Brian,CEO and Cofounder,4/4/2023 5:01,California,West,1981.0,8.0,29.0,117.24,7.5,"$21,427,700,000,000 ",88.2,101.8,78.5,9.6,36.6,328239523.0,37.09024,-95.712891,"Airbnb, Airbnb, Inc.",2
206,9300,Manufacturing,James Dyson,75.0,United Kingdom,Gloucestershire,Vacuums,Manufacturing,United Kingdom,,True,U,M,5/2/1947 0:00,Dyson,James,Founder & Entrepreneur,4/4/2023 5:01,,,1947.0,5.0,2.0,119.62,1.7,"$2,827,113,184,696 ",60.0,101.2,81.3,25.5,30.6,66834405.0,55.378051,-3.435973,Vacuums,1
208,9200,Diversified,Roman Abramovich & family,56.0,Russia,Moscow,"Steel, investments",Diversified,Russia,,True,U,M,10/24/1966 0:00,Abramovich,Roman,Controlling Shareholder & Steel & (Family Estate),4/4/2023 5:01,,,1966.0,10.0,24.0,180.75,4.5,"$1,699,876,578,871 ",81.9,102.6,72.7,11.4,46.2,144373535.0,61.52401,105.318756,"Steel, investments",2
208,9200,Diversified,Antonia Ax:son Johnson & family,79.0,Sweden,Stockholm,Diversified,Diversified,Sweden,,False,U,F,9/6/1943 0:00,Ax:son Johnson,Antonia,Controlling Shareholder & (Family Estate),4/4/2023 5:01,,,1943.0,9.0,6.0,110.51,1.8,"$530,832,908,738 ",67.0,126.6,82.5,27.9,49.1,10285453.0,60.128161,18.643501,Diversified,10
208,9200,Energy,Daniel Kretinsky,47.0,Czech Republic,Prague,"Energy, investments",Energy,Czech Republic,,True,U,M,7/9/1975 0:00,Kretinsky,Daniel,Founder & Entrepreneur & Energy,4/4/2023 5:01,,,1975.0,7.0,9.0,116.48,2.8,"$246,489,245,495 ",64.1,100.7,79.0,14.9,46.1,10669709.0,49.817492,15.472962,"Energy, investments",2
208,9200,Media & Entertainment,John Malone,82.0,United States,Elizabeth,Cable television,Media & Entertainment,United States,,True,U,M,3/7/1941 0:00,Malone,John,Founder & Entrepreneur,4/4/2023 5:01,Colorado,West,1941.0,3.0,7.0,117.24,7.5,"$21,427,700,000,000 ",88.2,101.8,78.5,9.6,36.6,328239523.0,37.09024,-95.712891,Cable television,1
208,9200,Technology,Azim Premji,77.0,India,Bangalore,Software services,Technology,India,Wipro Ltd.,False,D,M,7/24/1945 0:00,Premji,Azim,Founder Chairman,4/4/2023 5:01,,,1945.0,7.0,24.0,180.44,7.7,"$2,611,000,000,000 ",28.1,113.0,69.4,11.2,49.7,1366417754.0,20.593684,78.96288,"Software services, Wipro Ltd.",2
208,9200,Finance & Investments,Charles Schwab,85.0,United States,Woodside,Discount brokerage,Finance & Investments,United States,Charles Schwab Corp.,True,D,M,7/29/1937 0:00,Schwab,Charles,Founder & Lead Investor,4/4/2023 5:01,California,West,1937.0,7.0,29.0,117.24,7.5,"$21,427,700,000,000 ",88.2,101.8,78.5,9.6,36.6,328239523.0,37.09024,-95.712891,"Charles Schwab Corp., Discount brokerage",2
208,9200,Fashion & Retail,Eric Smidt,63.0,United States,Beverly Hills,Hardware stores,Fashion & Retail,United States,,True,U,M,1/1/1960 0:00,Smidt,Eric,Founder & Entrepreneur,4/4/2023 5:01,California,West,1960.0,1.0,1.0,117.24,7.5,"$21,427,700,000,000 ",88.2,101.8,78.5,9.6,36.6,328239523.0,37.09024,-95.712891,Hardware stores,1
215,9000,Technology,David Cheriton,72.0,United States,Palo Alto,Google,Technology,Canada,Stanford University,True,D,M,3/29/1951 0:00,Cheriton,David,Founder & Lead Investor,4/4/2023 5:01,California,West,1951.0,3.0,29.0,117.24,7.5,"$21,427,700,000,000 ",88.2,101.8,78.5,9.6,36.6,328239523.0,37.09024,-95.712891,"Google, Stanford University",2
215,9000,Metals & Mining,Ivan Glasenberg,66.0,Switzerland,Ruschlikon,Mining,Metals & Mining,Switzerland,,True,D,M,1/7/1957 0:00,Glasenberg,Ivan,Founder & Entrepreneur,4/4/2023 5:01,,,1957.0,1.0,7.0,99.55,0.4,"$703,082,435,360 ",59.6,105.2,83.6,10.1,28.8,8574832.0,46.818188,8.227512,Mining,1
215,9000,Real Estate,Alexander Otto,55.0,Germany,Hamburg,Real estate,Real Estate,Germany,,False,D,M,7/7/1967 0:00,Otto,Alexander,Heir & Major Shareholder,4/4/2023 5:01,,,1967.0,7.0,7.0,112.85,1.4,"$3,845,630,030,824 ",70.2,104.0,80.9,11.5,48.8,83132799.0,51.165691,10.451526,Real estate,1
215,9000,Food & Beverage,Anthony von Mandl,73.0,Canada,Vancouver,Alcoholic beverages,Food & Beverage,Canada,,True,U,M,3/10/1950 0:00,von Mandl,Anthony,Founder & Entrepreneur,4/4/2023 5:01,,,1950.0,3.0,10.0,116.76,1.9,"$1,736,425,629,520 ",68.9,100.9,81.9,12.8,24.5,36991981.0,56.130366,-106.346771,Alcoholic beverages,1
215,9000,Manufacturing,Wang Liping & family,57.0,China,Changzhou,Hydraulic machinery,Manufacturing,China,,True,U,M,2/24/1966 0:00,Wang,Liping,Controlling Shareholder & (Family Estate),4/4/2023 5:01,,,1966.0,2.0,24.0,125.08,2.9,"$19,910,000,000,000 ",50.6,100.2,77.0,9.4,59.2,1397715000.0,35.86166,104.195397,Hydraulic machinery,1
220,8900,Food & Beverage,Finn Rausing,68.0,United Kingdom,London,Packaging,Food & Beverage,Sweden,,False,D,M,1/1/1955 0:00,Rausing,Finn,Heir & Major Shareholder,4/4/2023 5:01,,,1955.0,1.0,1.0,119.62,1.7,"$2,827,113,184,696 ",60.0,101.2,81.3,25.5,30.6,66834405.0,55.378051,-3.435973,Packaging,1
220,8900,Food & Beverage,Jorn Rausing,63.0,United Kingdom,Surrey,Packaging,Food & Beverage,Sweden,,False,D,M,1/1/1960 0:00,Rausing,Jorn,Heir & Major Shareholder,4/4/2023 5:01,,,1960.0,1.0,1.0,119.62,1.7,"$2,827,113,184,696 ",60.0,101.2,81.3,25.5,30.6,66834405.0,55.378051,-3.435973,Packaging,1
220,8900,Food & Beverage,Kirsten Rausing,70.0,United Kingdom,Newmarket,Packaging,Food & Beverage,Sweden,,False,D,F,6/6/1952 0:00,Rausing,Kirsten,Heir & Major Shareholder,4/4/2023 5:01,,,1952.0,6.0,6.0,119.62,1.7,"$2,827,113,184,696 ",60.0,101.2,81.3,25.5,30.6,66834405.0,55.378051,-3.435973,Packaging,1
223,8800,Fashion & Retail,Tatyana Bakalchuk,47.0,Russia,Moscow region,Ecommerce,Fashion & Retail,Russia,,True,U,F,10/16/1975 0:00,Bakalchuk,Tatyana,Founder & Entrepreneur,4/4/2023 5:01,,,1975.0,10.0,16.0,180.75,4.5,"$1,699,876,578,871 ",81.9,102.6,72.7,11.4,46.2,144373535.0,61.52401,105.318756,Ecommerce,1
223,8800,Technology,John Doerr,71.0,United States,Woodside,Venture capital,Technology,United States,Kleiner Perkins,True,D,M,6/29/1951 0:00,Doerr,John,Founder & Lead Investor,4/4/2023 5:01,California,West,1951.0,6.0,29.0,117.24,7.5,"$21,427,700,000,000 ",88.2,101.8,78.5,9.6,36.6,328239523.0,37.09024,-95.712891,"Kleiner Perkins, Venture capital",2
223,8800,Technology,Richard Liu,49.0,China,Beijing,E-commerce,Technology,China,,True,D,M,3/10/1974 0:00,Liu,Richard,Founder & Entrepreneur,4/4/2023 5:01,,,1974.0,3.0,10.0,125.08,2.9,"$19,910,000,000,000 ",50.6,100.2,77.0,9.4,59.2,1397715000.0,35.86166,104.195397,E-commerce,1
223,8800,Technology,Dustin Moskovitz,38.0,United States,San Francisco,Facebook,Technology,United States,Asana,True,D,M,5/22/1984 0:00,Moskovitz,Dustin,Founder & Lead Investor,4/4/2023 5:01,California,West,1984.0,5.0,22.0,117.24,7.5,"$21,427,700,000,000 ",88.2,101.8,78.5,9.6,36.6,328239523.0,37.09024,-95.712891,"Asana, Facebook",2
223,8800,Technology,Pierre Omidyar,55.0,United States,Honolulu,"EBay, PayPal",Technology,United States,eBay,True,D,M,6/21/1967 0:00,Omidyar,Pierre,Founder & EBay,4/4/2023 5:01,Hawaii,West,1967.0,6.0,21.0,117.24,7.5,"$21,427,700,000,000 ",88.2,101.8,78.5,9.6,36.6,328239523.0,37.09024,-95.712891,"EBay, PayPal, eBay",3
223,8800,Energy,Pei Zhenhua,64.0,China,Ningde,Batteries,Energy,China,,True,D,M,1/1/1959 0:00,Pei,Zhenhua,Founder & Entrepreneur,4/4/2023 5:01,,,1959.0,1.0,1.0,125.08,2.9,"$19,910,000,000,000 ",50.6,100.2,77.0,9.4,59.2,1397715000.0,35.86166,104.195397,Batteries,1
223,8800,Energy,Carrie Perrodo & family,72.0,United Kingdom,London,Oil,Energy,France,,False,U,F,1/1/1951 0:00,Perrodo,Carrie,Controlling Shareholder & Oil (Family Estate),4/4/2023 5:01,,,1951.0,1.0,1.0,119.62,1.7,"$2,827,113,184,696 ",60.0,101.2,81.3,25.5,30.6,66834405.0,55.378051,-3.435973,Oil,1
230,8700,Manufacturing,Chen Jianhua,52.0,China,Wujiang,Chemicals,Manufacturing,China,,True,U,M,1/1/1971 0:00,Chen,Jianhua,Founder & Entrepreneur,4/4/2023 5:01,,,1971.0,1.0,1.0,125.08,2.9,"$19,910,000,000,000 ",50.6,100.2,77.0,9.4,59.2,1397715000.0,35.86166,104.195397,Chemicals,1
230,8700,Fashion & Retail,Michael Otto,79.0,Germany,Hamburg,"Retail, real estate",Fashion & Retail,Germany,,False,D,M,4/12/1943 0:00,Otto,Michael,Heir & Major Shareholder,4/4/2023 5:01,,,1943.0,4.0,12.0,112.85,1.4,"$3,845,630,030,824 ",70.2,104.0,80.9,11.5,48.8,83132799.0,51.165691,10.451526,"Retail, real estate",2
232,8600,Finance & Investments,Leon Black,71.0,United States,New York,Private equity,Finance & Investments,United States,,True,D,M,7/31/1951 0:00,Black,Leon,Founder & Entrepreneur,4/4/2023 5:01,New York,Northeast,1951.0,7.0,31.0,117.24,7.5,"$21,427,700,000,000 ",88.2,101.8,78.5,9.6,36.6,328239523.0,37.09024,-95.712891,Private equity,1
232,8600,Finance & Investments,Graeme Hart,67.0,New Zealand,Auckland,Investments,Finance & Investments,New Zealand,,True,D,M,6/6/1955 0:00,Hart,Graeme,Founder & Entrepreneur,4/4/2023 5:01,,,1955.0,6.0,6.0,114.24,1.6,"$206,928,765,544 ",82.0,100.0,81.9,29.0,34.6,4841000.0,-40.900557,174.885971,Investments,1
232,8600,Food & Beverage,Ravi Jaipuria,68.0,India,Delhi,"Soft drinks, fast food",Food & Beverage,India,,False,U,M,11/28/1954 0:00,Jaipuria,Ravi,Heir & Major Shareholder & drinks,4/4/2023 5:01,,,1954.0,11.0,28.0,180.44,7.7,"$2,611,000,000,000 ",28.1,113.0,69.4,11.2,49.7,1366417754.0,20.593684,78.96288,"Soft drinks, fast food",2
232,8600,Technology,Hasso Plattner & family,79.0,Germany,Heidelberg,Software,Technology,Germany,,True,U,M,1/21/1944 0:00,Plattner,Hasso,Controlling Shareholder & (Family Estate),4/4/2023 5:01,,,1944.0,1.0,21.0,112.85,1.4,"$3,845,630,030,824 ",70.2,104.0,80.9,11.5,48.8,83132799.0,51.165691,10.451526,Software,1
232,8600,Food & Beverage,Carlos Alberto Sicupira & family,75.0,Switzerland,St. Gallen,Beer,Food & Beverage,Brazil,,True,U,M,1/1/1948 0:00,Sicupira,Carlos Alberto,Controlling Shareholder & (Family Estate),4/4/2023 5:01,,,1948.0,1.0,1.0,99.55,0.4,"$703,082,435,360 ",59.6,105.2,83.6,10.1,28.8,8574832.0,46.818188,8.227512,Beer,1
232,8600,Real Estate,Manuel Villar,73.0,Philippines,Manila,Real estate,Real Estate,Philippines,,True,U,M,12/13/1949 0:00,Villar,Manuel,Founder & Entrepreneur,4/4/2023 5:01,,,1949.0,12.0,13.0,129.61,2.5,"$376,795,508,680 ",35.5,107.5,71.1,14.0,43.1,108116615.0,12.879721,121.774017,Real estate,1
232,8600,Technology,Andreas von Bechtolsheim & family,67.0,United States,Palo Alto,Google,Technology,Germany,Arista Networks,True,D,M,9/30/1955 0:00,von Bechtolsheim,Andreas,Cofounder & Chief Development Officer and Chairman,4/4/2023 5:01,California,West,1955.0,9.0,30.0,117.24,7.5,"$21,427,700,000,000 ",88.2,101.8,78.5,9.6,36.6,328239523.0,37.09024,-95.712891,"Arista Networks, Google",2
239,8500,Finance & Investments,"Chase Coleman, III.",47.0,United States,New York,Investments,Finance & Investments,United States,Tiger Global Management,True,D,M,6/21/1975 0:00,Coleman,Chase,Founder & Lead Investor,4/4/2023 5:01,New York,Northeast,1975.0,6.0,21.0,117.24,7.5,"$21,427,700,000,000 ",88.2,101.8,78.5,9.6,36.6,328239523.0,37.09024,-95.712891,"Investments, Tiger Global Management",2
239,8500,Fashion & Retail,Ann Walton Kroenke,74.0,United States,Electra,Walmart,Fashion & Retail,United States,,False,D,F,12/18/1948 0:00,Kroenke,Ann Walton,Heir & Major Shareholder,4/4/2023 5:01,Texas,South,1948.0,12.0,18.0,117.24,7.5,"$21,427,700,000,000 ",88.2,101.8,78.5,9.6,36.6,328239523.0,37.09024,-95.712891,Walmart,1
239,8500,Manufacturing,Li Zhenguo & family,55.0,China,Xi'an,Solar wafers and modules,Manufacturing,China,,True,D,M,1/1/1968 0:00,Li,Zhenguo,Controlling Shareholder & and  (Family Estate),4/4/2023 5:01,,,1968.0,1.0,1.0,125.08,2.9,"$19,910,000,000,000 ",50.6,100.2,77.0,9.4,59.2,1397715000.0,35.86166,104.195397,Solar wafers and modules,1
242,8400,Media & Entertainment,Jim Kennedy,75.0,United States,Atlanta,"Media, automotive",Media & Entertainment,United States,Cox Enterprises,False,U,M,11/29/1947 0:00,Kennedy,Jim,Chairman Emeritus,4/4/2023 5:01,Georgia,South,1947.0,11.0,29.0,117.24,7.5,"$21,427,700,000,000 ",88.2,101.8,78.5,9.6,36.6,328239523.0,37.09024,-95.712891,"Cox Enterprises, Media, automotive",3
242,8400,Metals & Mining,Nicky Oppenheimer & family,77.0,South Africa,Johannesburg,Diamonds,Metals & Mining,South Africa,,False,D,M,6/8/1945 0:00,Oppenheimer,Nicky,Controlling Shareholder & (Family Estate),4/4/2023 5:01,,,1945.0,6.0,8.0,158.93,4.1,"$351,431,649,241 ",22.4,100.9,63.9,27.5,29.2,58558270.0,-30.559482,22.937506,Diamonds,1
242,8400,Media & Entertainment,Blair Parry-Okeden,72.0,Australia,New South Wales,"Media, automotive",Media & Entertainment,United States,,False,U,F,5/21/1950 0:00,Parry-Okeden,Blair,Heir & Major Shareholder & Media,4/4/2023 5:01,,,1950.0,5.0,21.0,119.8,1.6,"$1,392,680,589,329 ",113.1,100.3,82.7,23.0,47.4,25766605.0,-25.274398,133.775136,"Media, automotive",2
242,8400,Metals & Mining,Zheng Shuliang & family,77.0,China,Binzhou,Aluminum products,Metals & Mining,China,,False,D,F,1/1/1946 0:00,Zheng,Shuliang,Controlling Shareholder & (Family Estate),4/4/2023 5:01,,,1946.0,1.0,1.0,125.08,2.9,"$19,910,000,000,000 ",50.6,100.2,77.0,9.4,59.2,1397715000.0,35.86166,104.195397,Aluminum products,1
246,8300,Fashion & Retail,John Morris,75.0,United States,Springfield,Sporting goods retail,Fashion & Retail,United States,,True,U,M,3/19/1948 0:00,Morris,John,Founder & Entrepreneur,4/4/2023 5:01,Missouri,Midwest,1948.0,3.0,19.0,117.24,7.5,"$21,427,700,000,000 ",88.2,101.8,78.5,9.6,36.6,328239523.0,37.09024,-95.712891,Sporting goods retail,1
246,8300,Fashion & Retail,Stefano Pessina,81.0,Monaco,Monte Carlo,Drugstores,Fashion & Retail,Monaco,,False,D,M,6/4/1941 0:00,Pessina,Stefano,Heir & Major Shareholder,4/4/2023 5:01,,,1941.0,6.0,4.0,,,"$7,184,844,193 ",,,,,,38964.0,43.7384176,7.4246158,Drugstores,1
246,8300,Finance & Investments,Francine von Finck & family,,Switzerland,Thurgau,Investments,Finance & Investments,Germany,,False,D,F,,von Finck,Francine,Controlling Shareholder & (Family Estate),4/4/2023 5:01,,,,,,99.55,0.4,"$703,082,435,360 ",59.6,105.2,83.6,10.1,28.8,8574832.0,46.818188,8.227512,Investments,1
249,8200,Real Estate,Francis Choi,75.0,Hong Kong,Hong Kong,Real estate,Real Estate,Hong Kong,,True,U,M,9/18/1947 0:00,Choi,Francis,Founder & Entrepreneur,4/4/2023 5:01,,,1947.0,9.0,18.0,,,,,,,,,,,,Real estate,1
249,8200,Energy,German Khan,61.0,Russia,Moscow,"Oil, banking, telecom",Energy,Russia,,True,U,M,10/24/1961 0:00,Khan,German,Founder & Entrepreneur & Oil & banking,4/4/2023 5:01,,,1961.0,10.0,24.0,180.75,4.5,"$1,699,876,578,871 ",81.9,102.6,72.7,11.4,46.2,144373535.0,61.52401,105.318756,"Oil, banking, telecom",3
249,8200,Diversified,Abdulsamad Rabiu,62.0,Nigeria,Lagos,"Cement, sugar",Diversified,Nigeria,,False,U,M,8/4/1960 0:00,Rabiu,Abdulsamad,Heir & Major Shareholder & Cement,4/4/2023 5:01,,,1960.0,8.0,4.0,267.51,11.4,"$448,120,428,859 ",10.2,84.7,54.3,1.5,34.8,200963599.0,9.081999,8.675277,"Cement, sugar",2
249,8200,Finance & Investments,George Roberts,79.0,United States,Atherton,Private equity,Finance & Investments,United States,,True,U,M,9/14/1943 0:00,Roberts,George,Founder & Entrepreneur,4/4/2023 5:01,California,West,1943.0,9.0,14.0,117.24,7.5,"$21,427,700,000,000 ",88.2,101.8,78.5,9.6,36.6,328239523.0,37.09024,-95.712891,Private equity,1
249,8200,Real Estate,Kushal Pal Singh,91.0,India,Delhi,Real estate,Real Estate,India,,False,D,M,8/15/1931 0:00,Singh,Kushal Pal,Heir & Major Shareholder,4/4/2023 5:01,,,1931.0,8.0,15.0,180.44,7.7,"$2,611,000,000,000 ",28.1,113.0,69.4,11.2,49.7,1366417754.0,20.593684,78.96288,Real estate,1
249,8200,Real Estate,Wang Jianlin,68.0,China,Beijing,Real estate,Real Estate,China,Dalian Wanda Group,True,D,M,10/1/1954 0:00,Wang,Jianlin,Chairman,4/4/2023 5:01,,,1954.0,10.0,1.0,125.08,2.9,"$19,910,000,000,000 ",50.6,100.2,77.0,9.4,59.2,1397715000.0,35.86166,104.195397,"Dalian Wanda Group, Real estate",2
249,8200,Real Estate,Yang Huiyan & family,41.0,China,Foshan,Real estate,Real Estate,China,,False,D,F,9/27/1981 0:00,Yang,Huiyan,Controlling Shareholder & (Family ),4/4/2023 5:01,,,1981.0,9.0,27.0,125.08,2.9,"$19,910,000,000,000 ",50.6,100.2,77.0,9.4,59.2,1397715000.0,35.86166,104.195397,Real estate,1
256,8100,Diversified,Laurent Dassault,69.0,France,Paris,Diversified,Diversified,France,,False,D,M,7/7/1953 0:00,Dassault,Laurent,Heir & Major Shareholder,4/4/2023 5:01,,,1953.0,7.0,7.0,110.05,1.1,"$2,715,518,274,227 ",65.6,102.5,82.5,24.2,60.7,67059887.0,46.227638,2.213749,Diversified,10
256,8100,Diversified,Thierry Dassault,66.0,France,Paris,Diversified,Diversified,France,,False,D,M,3/26/1957 0:00,Dassault,Thierry,Heir & Major Shareholder,4/4/2023 5:01,,,1957.0,3.0,26.0,110.05,1.1,"$2,715,518,274,227 ",65.6,102.5,82.5,24.2,60.7,67059887.0,46.227638,2.213749,Diversified,10
256,8100,Food & Beverage,Tilman Fertitta,65.0,United States,Houston,"Houston Rockets, entertainment",Food & Beverage,United States,Landry's Inc,True,U,M,6/25/1957 0:00,Fertitta,Tilman,Chairman and CEO,4/4/2023 5:01,Texas,South,1957.0,6.0,25.0,117.24,7.5,"$21,427,700,000,000 ",88.2,101.8,78.5,9.6,36.6,328239523.0,37.09024,-95.712891,"Houston Rockets, Landry's Inc, entertainment",3
256,8100,Diversified,Marie-Hélène Habert-Dassault,58.0,France,Paris,Diversified,Diversified,France,,False,D,F,4/4/1965 0:00,Habert-Dassault,Marie-Hélène,Heir & Major Shareholder,4/4/2023 5:01,,,1965.0,4.0,4.0,110.05,1.1,"$2,715,518,274,227 ",65.6,102.5,82.5,24.2,60.7,67059887.0,46.227638,2.213749,Diversified,10
256,8100,Gambling & Casinos,Karel Komarek,54.0,Switzerland,Verbier,"Oil and gas, IT, lotteries",Gambling & Casinos,Czech Republic,,True,U,M,3/15/1969 0:00,Komarek,Karel,Founder & Entrepreneur & Oil and gas & IT,4/4/2023 5:01,,,1969.0,3.0,15.0,99.55,0.4,"$703,082,435,360 ",59.6,105.2,83.6,10.1,28.8,8574832.0,46.818188,8.227512,"IT, Oil and gas, lotteries",3
261,8000,Technology,Nathan Blecharczyk,39.0,United States,San Francisco,Airbnb,Technology,United States,,True,D,M,6/11/1983 0:00,Blecharczyk,Nathan,Founder & Entrepreneur,4/4/2023 5:01,California,West,1983.0,6.0,11.0,117.24,7.5,"$21,427,700,000,000 ",88.2,101.8,78.5,9.6,36.6,328239523.0,37.09024,-95.712891,Airbnb,1
261,8000,Energy,Leonid Fedun,66.0,Russia,Moscow,Oil,Energy,Russia,,True,U,M,4/5/1956 0:00,Fedun,Leonid,Founder & Entrepreneur & Oil,4/4/2023 5:01,,,1956.0,4.0,5.0,180.75,4.5,"$1,699,876,578,871 ",81.9,102.6,72.7,11.4,46.2,144373535.0,61.52401,105.318756,Oil,1
261,8000,Fashion & Retail,Bernard Marcus,93.0,United States,Atlanta,Home Depot,Fashion & Retail,United States,Home Depot,True,D,M,5/12/1929 0:00,Marcus,Bernard,Founder & Lead Investor,4/4/2023 5:01,Georgia,South,1929.0,5.0,12.0,117.24,7.5,"$21,427,700,000,000 ",88.2,101.8,78.5,9.6,36.6,328239523.0,37.09024,-95.712891,Home Depot,1
261,8000,Finance & Investments,Patrick Ryan,85.0,United States,Winnetka,Insurance,Finance & Investments,United States,Ryan Specialty Group,True,E,M,5/15/1937 0:00,Ryan,Patrick,Chairman and CEO,4/4/2023 5:01,Illinois,Midwest,1937.0,5.0,15.0,117.24,7.5,"$21,427,700,000,000 ",88.2,101.8,78.5,9.6,36.6,328239523.0,37.09024,-95.712891,"Insurance, Ryan Specialty Group",2
261,8000,Finance & Investments,Robert F. Smith,60.0,United States,Austin,Private equity,Finance & Investments,United States,,True,U,M,12/1/1962 0:00,Smith,Robert F.,Founder & Lead Investor,4/4/2023 5:01,Texas,South,1962.0,12.0,1.0,117.24,7.5,"$21,427,700,000,000 ",88.2,101.8,78.5,9.6,36.6,328239523.0,37.09024,-95.712891,Private equity,1
261,8000,Metals & Mining,Pavel Tykac,58.0,Czech Republic,Prague,Coal mines,Metals & Mining,Czech Republic,,True,U,M,5/15/1964 0:00,Tykac,Pavel,Founder & Entrepreneur,4/4/2023 5:01,,,1964.0,5.0,15.0,116.48,2.8,"$246,489,245,495 ",64.1,100.7,79.0,14.9,46.1,10669709.0,49.817492,15.472962,Coal mines,1
261,8000,Finance & Investments,Eric Wittouck,76.0,Monaco,,Investments,Finance & Investments,Belgium,,False,D,M,10/1/1946 0:00,Wittouck,Eric,Heir & Major Shareholder,4/4/2023 5:01,,,1946.0,10.0,1.0,,,"$7,184,844,193 ",,,,,,38964.0,43.7384176,7.4246158,Investments,1
268,7900,Finance & Investments,Orlando Bravo,52.0,United States,Miami Beach,Private equity,Finance & Investments,United States,,True,U,M,9/23/1970 0:00,Bravo,Orlando,Founder & Entrepreneur,4/4/2023 5:01,Florida,South,1970.0,9.0,23.0,117.24,7.5,"$21,427,700,000,000 ",88.2,101.8,78.5,9.6,36.6,328239523.0,37.09024,-95.712891,Private equity,1
268,7900,Fashion & Retail,Ding Shizhong,52.0,China,Quanzhou,Sports apparel,Fashion & Retail,China,,True,U,M,12/1/1970 0:00,Ding,Shizhong,Founder & Entrepreneur,4/4/2023 5:01,,,1970.0,12.0,1.0,125.08,2.9,"$19,910,000,000,000 ",50.6,100.2,77.0,9.4,59.2,1397715000.0,35.86166,104.195397,Sports apparel,1
268,7900,Fashion & Retail,Nancy Walton Laurie,71.0,United States,Henderson,Walmart,Fashion & Retail,United States,,False,D,F,5/15/1951 0:00,Laurie,Nancy Walton,Heir & Major Shareholder,4/4/2023 5:01,Nevada,West,1951.0,5.0,15.0,117.24,7.5,"$21,427,700,000,000 ",88.2,101.8,78.5,9.6,36.6,328239523.0,37.09024,-95.712891,Walmart,1
268,7900,Technology,Jay Y. Lee,54.0,South Korea,Seoul,Samsung,Technology,South Korea,,False,D,M,6/23/1968 0:00,Lee,Jay Y.,Heir & Major Shareholder,4/4/2023 5:01,,,1968.0,6.0,23.0,115.16,0.4,"$2,029,000,000,000 ",94.3,98.1,82.6,15.6,33.2,51709098.0,35.907757,127.766922,Samsung,1
268,7900,Finance & Investments,Ramzi Musallam,54.0,United States,New York,Private equity,Finance & Investments,United States,,True,U,M,9/17/1968 0:00,Musallam,Ramzi,Founder & Entrepreneur,4/4/2023 5:01,New York,Northeast,1968.0,9.0,17.0,117.24,7.5,"$21,427,700,000,000 ",88.2,101.8,78.5,9.6,36.6,328239523.0,37.09024,-95.712891,Private equity,1
268,7900,Finance & Investments,David Shaw,72.0,United States,New York,Hedge funds,Finance & Investments,United States,"D. E. Shaw & Co., L.P.",True,U,M,3/29/1951 0:00,Shaw,David,Founder,4/4/2023 5:01,New York,Northeast,1951.0,3.0,29.0,117.24,7.5,"$21,427,700,000,000 ",88.2,101.8,78.5,9.6,36.6,328239523.0,37.09024,-95.712891,"D. E. Shaw & Co., L.P., Hedge funds",2
268,7900,Metals & Mining,Andrei Skoch & family,57.0,Russia,Moscow,Metals and mining,Metals & Mining,Russia,,True,U,M,1/30/1966 0:00,Skoch & family,Andrei,Controlling Shareholder & and  (Family Estate),4/4/2023 5:01,,,1966.0,1.0,30.0,180.75,4.5,"$1,699,876,578,871 ",81.9,102.6,72.7,11.4,46.2,144373535.0,61.52401,105.318756,Metals and mining,1
268,7900,Diversified,Georg Stumpf,50.0,Austria,Vienna,"Real estate, construction",Diversified,Austria,,True,E,M,9/14/1972 0:00,Stumpf,Georg,Founder & Entrepreneur & estate,4/4/2023 5:01,,,1972.0,9.0,14.0,118.06,1.5,"$446,314,739,528 ",85.1,103.1,81.6,25.4,51.4,8877067.0,47.516231,14.550072,"Real estate, construction",2
276,7800,Telecom,Rocco Commisso,73.0,United States,Saddle River,Telecom,Telecom,United States,,True,U,M,11/25/1949 0:00,Commisso,Rocco,Founder & Entrepreneur,4/4/2023 5:01,New Jersey,Northeast,1949.0,11.0,25.0,117.24,7.5,"$21,427,700,000,000 ",88.2,101.8,78.5,9.6,36.6,328239523.0,37.09024,-95.712891,Telecom,1
276,7800,Manufacturing,Li Shuirong & family,66.0,China,Hangzhou,Petrochemicals,Manufacturing,China,,True,D,M,7/1/1956 0:00,Li,Shuirong,Controlling Shareholder & (Family Estate),4/4/2023 5:01,,,1956.0,7.0,1.0,125.08,2.9,"$19,910,000,000,000 ",50.6,100.2,77.0,9.4,59.2,1397715000.0,35.86166,104.195397,Petrochemicals,1
276,7800,Manufacturing,Lin Shu-hong,94.0,Taiwan,Taipei,Petrochemicals,Manufacturing,Taiwan,,True,U,M,8/1/1928 0:00,Lin,Shu-hong,Founder & Entrepreneur,4/4/2023 5:01,,,1928.0,8.0,1.0,,,,,,,,,,,,Petrochemicals,1
276,7800,Technology,Qi Shi & family,53.0,China,Shanghai,Financial information,Technology,China,,True,D,M,1/3/1970 0:00,Qi,Shi,Controlling Shareholder & (Family Estate),4/4/2023 5:01,,,1970.0,1.0,3.0,125.08,2.9,"$19,910,000,000,000 ",50.6,100.2,77.0,9.4,59.2,1397715000.0,35.86166,104.195397,Financial information,1
276,7800,Manufacturing,Yao Liangsong,58.0,China,Guangzhou,Furniture,Manufacturing,China,,True,D,M,8/1/1964 0:00,Yao,Liangsong,Founder & Entrepreneur,4/4/2023 5:01,,,1964.0,8.0,1.0,125.08,2.9,"$19,910,000,000,000 ",50.6,100.2,77.0,9.4,59.2,1397715000.0,35.86166,104.195397,Furniture,1
276,7800,Fashion & Retail,Zhang Congyuan,75.0,Taiwan,Taoyuan,Shoes,Fashion & Retail,Taiwan,,True,D,M,1/1/1948 0:00,Zhang,Congyuan,Founder & Entrepreneur,4/4/2023 5:01,,,1948.0,1.0,1.0,,,,,,,,,,,,Shoes,1
282,7700,Food & Beverage,Jean-Michel Besnier,55.0,France,Laval,Cheese,Food & Beverage,France,,False,D,M,6/5/1967 0:00,Besnier,Jean-Michel,Heir & Major Shareholder,4/4/2023 5:01,,,1967.0,6.0,5.0,110.05,1.1,"$2,715,518,274,227 ",65.6,102.5,82.5,24.2,60.7,67059887.0,46.227638,2.213749,Cheese,1
282,7700,Food & Beverage,Marie Besnier Beauvalot,42.0,France,Laval,Cheese,Food & Beverage,France,,False,D,F,7/30/1980 0:00,Besnier Beauvalot,Marie,Heir & Major Shareholder,4/4/2023 5:01,,,1980.0,7.0,30.0,110.05,1.1,"$2,715,518,274,227 ",65.6,102.5,82.5,24.2,60.7,67059887.0,46.227638,2.213749,Cheese,1
282,7700,Media & Entertainment,David Geffen,80.0,United States,Beverly Hills,"Movies, record labels",Media & Entertainment,United States,DreamWorks Animation SKG Inc. (Cl A),True,D,M,2/21/1943 0:00,Geffen,David,Founder & Lead Investor & Movies,4/4/2023 5:01,California,West,1943.0,2.0,21.0,117.24,7.5,"$21,427,700,000,000 ",88.2,101.8,78.5,9.6,36.6,328239523.0,37.09024,-95.712891,"DreamWorks Animation SKG Inc. (Cl A), Movies, record labels",3
282,7700,Technology,Robin Li,54.0,China,Beijing,Internet search,Technology,China,Baidu,True,U,M,11/17/1968 0:00,Li,Robin,Founder and CEO,4/4/2023 5:01,,,1968.0,11.0,17.0,125.08,2.9,"$19,910,000,000,000 ",50.6,100.2,77.0,9.4,59.2,1397715000.0,35.86166,104.195397,"Baidu, Internet search",2
282,7700,Service,Liu Yonghao & family,71.0,China,Chengdu,Agribusiness,Service,China,,True,D,M,9/1/1951 0:00,Liu,Yonghao,Controlling Shareholder & (Family Estate),4/4/2023 5:01,,,1951.0,9.0,1.0,125.08,2.9,"$19,910,000,000,000 ",50.6,100.2,77.0,9.4,59.2,1397715000.0,35.86166,104.195397,Agribusiness,1
282,7700,Technology,Henry Samueli,68.0,United States,Newport Beach,Semiconductors,Technology,United States,Broadcom,True,U,M,9/20/1954 0:00,Samueli,Henry,Cofounder & Chief Technology Officer and Chairman,4/4/2023 5:01,California,West,1954.0,9.0,20.0,117.24,7.5,"$21,427,700,000,000 ",88.2,101.8,78.5,9.6,36.6,328239523.0,37.09024,-95.712891,"Broadcom, Semiconductors",2
282,7700,Healthcare,Reinhold Schmieding,68.0,United States,Naples,Medical devices,Healthcare,United States,,True,U,M,1/3/1955 0:00,Schmieding,Reinhold,Founder & Entrepreneur,4/4/2023 5:01,Florida,South,1955.0,1.0,3.0,117.24,7.5,"$21,427,700,000,000 ",88.2,101.8,78.5,9.6,36.6,328239523.0,37.09024,-95.712891,Medical devices,1
282,7700,Real Estate,Ivar Tollefsen,61.0,Norway,Oslo,Real estate,Real Estate,Norway,,True,U,M,6/23/1961 0:00,Tollefsen,Ivar,Founder & Entrepreneur,4/4/2023 5:01,,,1961.0,6.0,23.0,120.27,2.2,"$403,336,363,636 ",82.0,100.3,82.8,23.9,36.2,5347896.0,60.472024,8.468946,Real estate,1
290,7600,Energy,Cao Renxian,54.0,China,Hefei,Photovoltaic equipment,Energy,China,,True,D,M,7/24/1968 0:00,Cao,Renxian,Founder & Entrepreneur,4/4/2023 5:01,,,1968.0,7.0,24.0,125.08,2.9,"$19,910,000,000,000 ",50.6,100.2,77.0,9.4,59.2,1397715000.0,35.86166,104.195397,Photovoltaic equipment,1
290,7600,Healthcare,Hasmukh Chudgar & family,89.0,India,Ahmedabad,Pharmaceuticals,Healthcare,India,,True,U,M,9/19/1933 0:00,Chudgar,Hasmukh,Controlling Shareholder & (Family Estate),4/4/2023 5:01,,,1933.0,9.0,19.0,180.44,7.7,"$2,611,000,000,000 ",28.1,113.0,69.4,11.2,49.7,1366417754.0,20.593684,78.96288,Pharmaceuticals,1
290,7600,Manufacturing,Andrew Currie,67.0,United Kingdom,London,Chemicals,Manufacturing,United Kingdom,,True,U,M,12/4/1955 0:00,Currie,Andrew,Founder & Entrepreneur,4/4/2023 5:01,,,1955.0,12.0,4.0,119.62,1.7,"$2,827,113,184,696 ",60.0,101.2,81.3,25.5,30.6,66834405.0,55.378051,-3.435973,Chemicals,1
290,7600,Technology,Joe Gebbia,41.0,United States,Austin,Airbnb,Technology,United States,"Airbnb, Inc.",True,D,M,8/21/1981 0:00,Gebbia,Joe,Founder & Lead Investor,4/4/2023 5:01,Texas,South,1981.0,8.0,21.0,117.24,7.5,"$21,427,700,000,000 ",88.2,101.8,78.5,9.6,36.6,328239523.0,37.09024,-95.712891,"Airbnb, Airbnb, Inc.",2
290,7600,Real Estate,Philip Ng,64.0,Singapore,Singapore,Real Estate,Real Estate,Singapore,,False,Split Family Fortune,M,1/1/1959 0:00,Ng,Philip,Heir & Major Shareholder,4/4/2023 5:01,,,1959.0,1.0,1.0,114.41,0.6,"$372,062,527,489 ",84.8,100.6,83.1,13.1,21.0,5703569.0,1.352083,103.819836,Real Estate,1
290,7600,Manufacturing,John Reece,66.0,United Kingdom,London,Chemicals,Manufacturing,United Kingdom,,True,U,M,3/7/1957 0:00,Reece,John,Founder & Entrepreneur,4/4/2023 5:01,,,1957.0,3.0,7.0,119.62,1.7,"$2,827,113,184,696 ",60.0,101.2,81.3,25.5,30.6,66834405.0,55.378051,-3.435973,Chemicals,1
290,7600,Real Estate,Leonard Stern,85.0,United States,New York,Real estate,Real Estate,United States,"Hartz Mountain Industries, Inc.",False,U,M,3/28/1938 0:00,Stern,Leonard,Chairman and CEO,4/4/2023 5:01,New York,Northeast,1938.0,3.0,28.0,117.24,7.5,"$21,427,700,000,000 ",88.2,101.8,78.5,9.6,36.6,328239523.0,37.09024,-95.712891,"Hartz Mountain Industries, Inc., Real estate",2
290,7600,Technology,Joseph Tsai,59.0,Hong Kong,Hong Kong,E-commerce,Technology,Canada,,True,D,M,1/19/1964 0:00,Tsai,Joseph,Founder & Entrepreneur,4/4/2023 5:01,,,1964.0,1.0,19.0,,,,,,,,,,,,E-commerce,1
290,7600,Healthcare,Zhong Huijuan,62.0,China,Shanghai,Pharmaceuticals,Healthcare,China,,True,D,F,1/1/1961 0:00,Zhong,Huijuan,Founder & Entrepreneur,4/4/2023 5:01,,,1961.0,1.0,1.0,125.08,2.9,"$19,910,000,000,000 ",50.6,100.2,77.0,9.4,59.2,1397715000.0,35.86166,104.195397,Pharmaceuticals,1
299,7500,Sports,Arthur Blank,80.0,United States,Atlanta,Home Depot,Sports,United States,Atlanta Falcons,True,U,M,9/27/1942 0:00,Blank,Arthur,Chairman,4/4/2023 5:01,Georgia,South,1942.0,9.0,27.0,117.24,7.5,"$21,427,700,000,000 ",88.2,101.8,78.5,9.6,36.6,328239523.0,37.09024,-95.712891,"Atlanta Falcons, Home Depot",2
299,7500,Fashion & Retail,Charles Butt,85.0,United States,San Antonio,Supermarkets,Fashion & Retail,United States,,False,R,M,2/3/1938 0:00,Butt,Charles,Heir & Major Shareholder,4/4/2023 5:01,Texas,South,1938.0,2.0,3.0,117.24,7.5,"$21,427,700,000,000 ",88.2,101.8,78.5,9.6,36.6,328239523.0,37.09024,-95.712891,Supermarkets,1
299,7500,Fashion & Retail,Ding Shijia,59.0,China,Quanzhou,Sports apparel,Fashion & Retail,China,,True,D,M,1/1/1964 0:00,Ding,Shijia,Founder & Entrepreneur,4/4/2023 5:01,,,1964.0,1.0,1.0,125.08,2.9,"$19,910,000,000,000 ",50.6,100.2,77.0,9.4,59.2,1397715000.0,35.86166,104.195397,Sports apparel,1
299,7500,Finance & Investments,"Paul Tudor Jones, II.",68.0,United States,Palm Beach,Hedge funds,Finance & Investments,United States,Tudor Investment Corporation,True,U,M,9/28/1954 0:00,Jones,Paul Tudor,Founder,4/4/2023 5:01,Florida,South,1954.0,9.0,28.0,117.24,7.5,"$21,427,700,000,000 ",88.2,101.8,78.5,9.6,36.6,328239523.0,37.09024,-95.712891,"Hedge funds, Tudor Investment Corporation",2
299,7500,Finance & Investments,Henry Kravis,79.0,United States,New York,Private equity,Finance & Investments,United States,KKR & Co.,True,D,M,1/6/1944 0:00,Kravis,Henry,Co-Chair and Co-CEO,4/4/2023 5:01,New York,Northeast,1944.0,1.0,6.0,117.24,7.5,"$21,427,700,000,000 ",88.2,101.8,78.5,9.6,36.6,328239523.0,37.09024,-95.712891,"KKR & Co., Private equity",2
299,7500,Food & Beverage,Zhang Yong,52.0,Singapore,Singapore,Restaurants,Food & Beverage,Singapore,,True,U,M,7/1/1970 0:00,Zhang,Yong,Founder & Entrepreneur,4/4/2023 5:01,,,1970.0,7.0,1.0,114.41,0.6,"$372,062,527,489 ",84.8,100.6,83.1,13.1,21.0,5703569.0,1.352083,103.819836,Restaurants,1
305,7400,Technology,James Goodnight,80.0,United States,Cary,Software,Technology,United States,SAS Institute,True,U,M,1/6/1943 4:00,Goodnight,James,CEO,4/4/2023 9:01,North Carolina,South,1943.0,1.0,6.0,117.24,7.5,"$21,427,700,000,000 ",88.2,101.8,78.5,9.6,36.6,328239523.0,37.09024,-95.712891,"SAS Institute, Software",2
305,7400,Manufacturing,Sri Prakash Lohia,70.0,United Kingdom,London,Petrochemicals,Manufacturing,Indonesia,,False,U,M,8/11/1952 0:00,Lohia,Sri Prakash,Heir & Major Shareholder,4/4/2023 5:01,,,1952.0,8.0,11.0,119.62,1.7,"$2,827,113,184,696 ",60.0,101.2,81.3,25.5,30.6,66834405.0,55.378051,-3.435973,Petrochemicals,1
305,7400,Fashion & Retail,Ma Jianrong,59.0,China,Ningbo,"Textiles, apparel",Fashion & Retail,China,,True,D,M,1/1/1964 0:00,Ma,Jianrong,Founder & Entrepreneur & Textiles,4/4/2023 5:01,,,1964.0,1.0,1.0,125.08,2.9,"$19,910,000,000,000 ",50.6,100.2,77.0,9.4,59.2,1397715000.0,35.86166,104.195397,"Textiles, apparel",2
305,7400,Real Estate,Robert Ng,71.0,Singapore,Singapore,Real estate,Real Estate,Singapore,,False,Split Family Fortune,M,1/1/1952 0:00,Ng,Robert,Heir & Major Shareholder,4/4/2023 5:01,,,1952.0,1.0,1.0,114.41,0.6,"$372,062,527,489 ",84.8,100.6,83.1,13.1,21.0,5703569.0,1.352083,103.819836,Real estate,1
305,7400,Manufacturing,Steven Rales,72.0,United States,Santa Barbara,"Manufacturing, investments",Manufacturing,United States,Danaher,True,D,M,3/31/1951 0:00,Rales,Steven,Founder & Lead Investor & Manufacturing,4/4/2023 5:01,California,West,1951.0,3.0,31.0,117.24,7.5,"$21,427,700,000,000 ",88.2,101.8,78.5,9.6,36.6,328239523.0,37.09024,-95.712891,"Danaher, Manufacturing, investments",3
305,7400,Construction & Engineering,Nassef Sawiris,62.0,Egypt,Cairo,"Construction, investments",Construction & Engineering,Egypt,,False,D,M,1/19/1961 0:00,Sawiris,Nassef,Heir & Major Shareholder & Construction,4/4/2023 5:01,,,1961.0,1.0,19.0,288.57,9.2,"$303,175,127,598 ",35.2,106.3,71.8,12.5,44.4,100388073.0,26.820553,30.802498,"Construction, investments",2
305,7400,Food & Beverage,Harry Stine,81.0,United States,Adel,Agriculture,Food & Beverage,United States,,True,U,M,11/30/1941 0:00,Stine,Harry,Founder & Entrepreneur,4/4/2023 5:01,Iowa,Midwest,1941.0,11.0,30.0,117.24,7.5,"$21,427,700,000,000 ",88.2,101.8,78.5,9.6,36.6,328239523.0,37.09024,-95.712891,Agriculture,1
312,7300,Manufacturing,Benu Gopal Bangur,91.0,India,Kolkata,Cement,Manufacturing,India,,False,U,M,6/1/1931 0:00,Bangur,Benu Gopal,Heir & Major Shareholder,4/4/2023 5:01,,,1931.0,6.0,1.0,180.44,7.7,"$2,611,000,000,000 ",28.1,113.0,69.4,11.2,49.7,1366417754.0,20.593684,78.96288,Cement,1
312,7300,Metals & Mining,Iskander Makhmudov,59.0,Russia,Moscow,"Mining, metals, machinery",Metals & Mining,Russia,,True,U,M,12/5/1963 0:00,Makhmudov,Iskander,Founder & Entrepreneur & Mining & metals,4/4/2023 5:01,,,1963.0,12.0,5.0,180.75,4.5,"$1,699,876,578,871 ",81.9,102.6,72.7,11.4,46.2,144373535.0,61.52401,105.318756,"Mining, machinery, metals",3
312,7300,Fashion & Retail,Anders Holch Povlsen,50.0,Denmark,Aarhus,Fashion retail,Fashion & Retail,Denmark,,False,D,M,11/4/1972 0:00,Povlsen,Anders Holch,Heir & Major Shareholder,4/4/2023 5:01,,,1972.0,11.0,4.0,110.35,0.8,"$348,078,018,464 ",80.6,101.3,81.0,32.4,23.8,5818553.0,56.26392,9.501785,Fashion retail,1
312,7300,Logistics,Enrique Razon Jr.,63.0,Philippines,Manila,Ports,Logistics,Philippines,,False,U,M,3/3/1960 0:00,Razon Jr.,Enrique,Heir & Major Shareholder,4/4/2023 5:01,,,1960.0,3.0,3.0,129.61,2.5,"$376,795,508,680 ",35.5,107.5,71.1,14.0,43.1,108116615.0,12.879721,121.774017,Ports,1
312,7300,Technology,Wang Laichun,55.0,China,Shenzhen,Electronics components,Technology,Hong Kong,,True,D,F,6/3/1967 0:00,Wang,Laichun,Founder & Entrepreneur,4/4/2023 5:01,,,1967.0,6.0,3.0,125.08,2.9,"$19,910,000,000,000 ",50.6,100.2,77.0,9.4,59.2,1397715000.0,35.86166,104.195397,Electronics components,1
317,7200,Finance & Investments,Arthur Dantchik,65.0,United States,Gladwyne,"Trading, investments",Finance & Investments,United States,,True,N,M,11/25/1957 0:00,Dantchik,Arthur,Founder & Entrepreneur & Trading,4/4/2023 5:01,Pennsylvania,Northeast,1957.0,11.0,25.0,117.24,7.5,"$21,427,700,000,000 ",88.2,101.8,78.5,9.6,36.6,328239523.0,37.09024,-95.712891,"Trading, investments",2
317,7200,Technology,Terry Gou,72.0,Taiwan,Taipei,Electronics,Technology,Taiwan,Hon Hai Precision Industries,True,U,M,10/18/1950 0:00,Gou,Terry,CEO,4/4/2023 5:01,,,1950.0,10.0,18.0,,,,,,,,,,,,"Electronics, Hon Hai Precision Industries",2
317,7200,Real Estate,Jeff Greene,68.0,United States,Palm Beach,"Real estate, investments",Real Estate,United States,,True,U,M,12/10/1954 0:00,Greene,Jeff,Founder & Entrepreneur & estate,4/4/2023 5:01,Florida,South,1954.0,12.0,10.0,117.24,7.5,"$21,427,700,000,000 ",88.2,101.8,78.5,9.6,36.6,328239523.0,37.09024,-95.712891,"Real estate, investments",2
317,7200,Finance & Investments,Don Hankey,79.0,United States,Malibu,Auto loans,Finance & Investments,United States,Hankey Group,True,U,M,6/13/1943 0:00,Hankey,Don,Chairman,4/4/2023 5:01,California,West,1943.0,6.0,13.0,117.24,7.5,"$21,427,700,000,000 ",88.2,101.8,78.5,9.6,36.6,328239523.0,37.09024,-95.712891,"Auto loans, Hankey Group",2
317,7200,Energy,Richard Kinder,78.0,United States,Houston,Pipelines,Energy,United States,Kinder Morgan Inc,True,D,M,10/19/1944 0:00,Kinder,Richard,Chairman and CEO,4/4/2023 5:01,Texas,South,1944.0,10.0,19.0,117.24,7.5,"$21,427,700,000,000 ",88.2,101.8,78.5,9.6,36.6,328239523.0,37.09024,-95.712891,"Kinder Morgan Inc, Pipelines",2
317,7200,Finance & Investments,Guillaume Pousaz,41.0,United Arab Emirates,Dubai,Fintech,Finance & Investments,Switzerland,,True,D,M,8/15/1981 0:00,Pousaz,Guillaume,Founder & Entrepreneur,4/4/2023 5:01,,,1981.0,8.0,15.0,114.52,-1.9,"$421,142,267,938 ",36.8,108.4,77.8,0.1,15.9,9770529.0,23.424076,53.847818,Fintech,1
317,7200,Fashion & Retail,Takahisa Takahara,61.0,Japan,Tokyo,Personal care goods,Fashion & Retail,Japan,,False,U,M,7/12/1961 0:00,Takahara,Takahisa,Heir & Major Shareholder,4/4/2023 5:01,,,1961.0,7.0,12.0,105.48,0.5,"$5,081,769,542,380 ",63.2,98.8,84.2,11.9,46.7,126226568.0,36.204824,138.252924,Personal care goods,1
317,7200,Food & Beverage,Zong Qinghou,77.0,China,Hangzhou,Beverages,Food & Beverage,China,Hangzhou Wahaha Group,True,D,M,10/1/1945 0:00,Zong,Qinghou,Chairman,4/4/2023 5:01,,,1945.0,10.0,1.0,125.08,2.9,"$19,910,000,000,000 ",50.6,100.2,77.0,9.4,59.2,1397715000.0,35.86166,104.195397,"Beverages, Hangzhou Wahaha Group",2
325,7100,Technology,Judy Faulkner,79.0,United States,Madison,Healthcare software,Technology,United States,Epic Systems,True,U,F,8/1/1943 0:00,Faulkner,Judy,Founder and CEO,4/4/2023 5:01,Wisconsin,Midwest,1943.0,8.0,1.0,117.24,7.5,"$21,427,700,000,000 ",88.2,101.8,78.5,9.6,36.6,328239523.0,37.09024,-95.712891,"Epic Systems, Healthcare software",2
325,7100,Gambling & Casinos,Johann Graf,76.0,Austria,Vienna,Gambling,Gambling & Casinos,Austria,,True,U,M,1/3/1947 0:00,Graf,Johann,Founder & Entrepreneur,4/4/2023 5:01,,,1947.0,1.0,3.0,118.06,1.5,"$446,314,739,528 ",85.1,103.1,81.6,25.4,51.4,8877067.0,47.516231,14.550072,Gambling,1
325,7100,Service,Tamara Gustavson,61.0,United States,Lexington,Self storage,Service,United States,,False,D,F,11/16/1961 0:00,Gustavson,Tamara,Heir & Major Shareholder,4/4/2023 5:01,Kentucky,South,1961.0,11.0,16.0,117.24,7.5,"$21,427,700,000,000 ",88.2,101.8,78.5,9.6,36.6,328239523.0,37.09024,-95.712891,Self storage,1
325,7100,Manufacturing,Liang Wengen,66.0,China,Changsha,Construction equipment,Manufacturing,China,,True,D,M,12/14/1956 0:00,Liang,Wengen,Founder & Entrepreneur,4/4/2023 5:01,,,1956.0,12.0,14.0,125.08,2.9,"$19,910,000,000,000 ",50.6,100.2,77.0,9.4,59.2,1397715000.0,35.86166,104.195397,Construction equipment,1
325,7100,Healthcare,Frederik Paulsen,72.0,Switzerland,Lausanne,Health care,Healthcare,Sweden,,False,D,M,10/30/1950 0:00,Paulsen,Frederik,Heir & Major Shareholder,4/4/2023 5:01,,,1950.0,10.0,30.0,99.55,0.4,"$703,082,435,360 ",59.6,105.2,83.6,10.1,28.8,8574832.0,46.818188,8.227512,Health care,1
325,7100,Finance & Investments,Wee Cho Yaw,94.0,Singapore,Singapore,Banking,Finance & Investments,Singapore,,False,D,M,1/10/1929 0:00,Wee,Cho Yaw,Heir & Major Shareholder,4/4/2023 5:01,,,1929.0,1.0,10.0,114.41,0.6,"$372,062,527,489 ",84.8,100.6,83.1,13.1,21.0,5703569.0,1.352083,103.819836,Banking,1
325,7100,Manufacturing,Zhang Hejun,71.0,China,Ningbo,Electronics,Manufacturing,China,,True,U,M,1/1/1952 0:00,Zhang,Hejun,Founder & Entrepreneur,4/4/2023 5:01,,,1952.0,1.0,1.0,125.08,2.9,"$19,910,000,000,000 ",50.6,100.2,77.0,9.4,59.2,1397715000.0,35.86166,104.195397,Electronics,1
332,7000,Technology,Marc Benioff,58.0,United States,San Francisco,Business software,Technology,United States,Salesforce.com,True,D,M,9/25/1964 0:00,Benioff,Marc,Chairman and CEO,4/4/2023 5:01,California,West,1964.0,9.0,25.0,117.24,7.5,"$21,427,700,000,000 ",88.2,101.8,78.5,9.6,36.6,328239523.0,37.09024,-95.712891,"Business software, Salesforce.com",2
332,7000,Media & Entertainment,Dmitri Bukhman,37.0,United Kingdom,London,Online games,Media & Entertainment,Israel,,True,D,M,5/27/1985 0:00,Bukhman,Dmitri,Founder & Entrepreneur,4/4/2023 5:01,,,1985.0,5.0,27.0,119.62,1.7,"$2,827,113,184,696 ",60.0,101.2,81.3,25.5,30.6,66834405.0,55.378051,-3.435973,Online games,1
332,7000,Media & Entertainment,Igor Bukhman,41.0,United Kingdom,London,Online games,Media & Entertainment,Israel,,True,D,M,3/29/1982 0:00,Bukhman,Igor,Founder & Entrepreneur,4/4/2023 5:01,,,1982.0,3.0,29.0,119.62,1.7,"$2,827,113,184,696 ",60.0,101.2,81.3,25.5,30.6,66834405.0,55.378051,-3.435973,Online games,1
332,7000,Technology,Jack Dangermond,77.0,United States,Redlands,Mapping software,Technology,United States,,True,U,M,7/23/1945 0:00,Dangermond,Jack,Founder & Entrepreneur,4/4/2023 5:01,California,West,1945.0,7.0,23.0,117.24,7.5,"$21,427,700,000,000 ",88.2,101.8,78.5,9.6,36.6,328239523.0,37.09024,-95.712891,Mapping software,1
332,7000,Manufacturing,Ashwin Dani & family,80.0,India,Mumbai,Paints,Manufacturing,India,,False,D,M,10/24/1942 0:00,Dani,Ashwin,Controlling Shareholder & (Family Estate),4/4/2023 5:01,,,1942.0,10.0,24.0,180.44,7.7,"$2,611,000,000,000 ",28.1,113.0,69.4,11.2,49.7,1366417754.0,20.593684,78.96288,Paints,1
332,7000,Fashion & Retail,Ralph Lauren,83.0,United States,New York,Apparel,Fashion & Retail,United States,Ralph Lauren,True,U,M,10/14/1939 0:00,Lauren,Ralph,Chairman,4/4/2023 5:01,New York,Northeast,1939.0,10.0,14.0,117.24,7.5,"$21,427,700,000,000 ",88.2,101.8,78.5,9.6,36.6,328239523.0,37.09024,-95.712891,"Apparel, Ralph Lauren",2
332,7000,Real Estate,Law Kar Po,74.0,Hong Kong,Hong Kong,Real estate,Real Estate,Hong Kong,,False,U,M,8/2/1948 0:00,Law,Kar Po,Heir & Major Shareholder,4/4/2023 5:01,,,1948.0,8.0,2.0,,,,,,,,,,,,Real estate,1
332,7000,Diversified,Rohiqa Cyrus Mistry,55.0,India,Mumbai,Diversified,Diversified,India,,False,N,F,6/6/1967 0:00,Mistry,Rohiqa Cyrus,Heir & Major Shareholder,4/4/2023 5:01,,,1967.0,6.0,6.0,180.44,7.7,"$2,611,000,000,000 ",28.1,113.0,69.4,11.2,49.7,1366417754.0,20.593684,78.96288,Diversified,10
332,7000,Diversified,Shapoor Mistry,58.0,India,Mumbai,Diversified,Diversified,Ireland,,False,N,M,9/6/1964 0:00,Mistry,Shapoor,Heir & Major Shareholder,4/4/2023 5:01,,,1964.0,9.0,6.0,180.44,7.7,"$2,611,000,000,000 ",28.1,113.0,69.4,11.2,49.7,1366417754.0,20.593684,78.96288,Diversified,10
332,7000,Food & Beverage,J. Christopher Reyes,69.0,United States,Hobe Sound,Food distribution,Food & Beverage,United States,"Reyes Holdings, LLC",True,D,M,12/29/1953 0:00,Reyes,J. Christopher,Co-Chairman,4/4/2023 5:01,Florida,South,1953.0,12.0,29.0,117.24,7.5,"$21,427,700,000,000 ",88.2,101.8,78.5,9.6,36.6,328239523.0,37.09024,-95.712891,"Food distribution, Reyes Holdings, LLC",2
332,7000,Food & Beverage,Jude Reyes,67.0,United States,Palm Beach,Food distribution,Food & Beverage,United States,"Reyes Holdings, LLC",True,D,M,9/16/1955 0:00,Reyes,Jude,Co-Chairman,4/4/2023 5:01,Florida,South,1955.0,9.0,16.0,117.24,7.5,"$21,427,700,000,000 ",88.2,101.8,78.5,9.6,36.6,328239523.0,37.09024,-95.712891,"Food distribution, Reyes Holdings, LLC",2
332,7000,Food & Beverage,Don Vultaggio & family,71.0,United States,Port Washington,Beverages,Food & Beverage,United States,,True,U,M,2/26/1952 0:00,Vultaggio,Don,Controlling Shareholder & (Family Estate),4/4/2023 5:01,New York,Northeast,1952.0,2.0,26.0,117.24,7.5,"$21,427,700,000,000 ",88.2,101.8,78.5,9.6,36.6,328239523.0,37.09024,-95.712891,Beverages,1
344,6900,Diversified,Alejandro Bailleres Gual & family,62.0,Mexico,,Diversified,Diversified,Mexico,,False,U,M,1/1/1961 0:00,Bailleres Gual,Alejandro,Controlling Shareholder & (Family Estate),4/4/2023 5:01,,,1961.0,1.0,1.0,141.54,3.6,"$1,258,286,717,125 ",40.2,105.8,75.0,13.1,55.1,126014024.0,23.634501,-102.552784,Diversified,10
344,6900,Diversified,Edythe Broad & family,87.0,United States,Los Angeles,"Homebuilding, insurance",Diversified,United States,,False,E,F,1/1/1936 0:00,Broad,Edythe,Controlling Shareholder & Homebuilding & (Family Estate),4/4/2023 5:01,California,West,1936.0,1.0,1.0,117.24,7.5,"$21,427,700,000,000 ",88.2,101.8,78.5,9.6,36.6,328239523.0,37.09024,-95.712891,"Homebuilding, insurance",2
344,6900,Food & Beverage,Pauline MacMillan Keinath,89.0,United States,St. Louis,Cargill,Food & Beverage,United States,,False,D,F,1/1/1934 0:00,Keinath,Pauline MacMillan,Heir & Major Shareholder,4/4/2023 5:01,Missouri,Midwest,1934.0,1.0,1.0,117.24,7.5,"$21,427,700,000,000 ",88.2,101.8,78.5,9.6,36.6,328239523.0,37.09024,-95.712891,Cargill,1
344,6900,Finance & Investments,Philippe Laffont,55.0,United States,New York,Hedge fund,Finance & Investments,United States,Coatue Management,True,U,M,9/16/1967 0:00,Laffont,Philippe,Founder,4/4/2023 5:01,New York,Northeast,1967.0,9.0,16.0,117.24,7.5,"$21,427,700,000,000 ",88.2,101.8,78.5,9.6,36.6,328239523.0,37.09024,-95.712891,"Coatue Management, Hedge fund",2
344,6900,Technology,Liu Jincheng & family,58.0,China,Huizhou,Lithium batteries,Technology,China,,True,D,M,9/22/1964 0:00,Liu,Jincheng,Controlling Shareholder & (Family Estate),4/4/2023 5:01,,,1964.0,9.0,22.0,125.08,2.9,"$19,910,000,000,000 ",50.6,100.2,77.0,9.4,59.2,1397715000.0,35.86166,104.195397,Lithium batteries,1
344,6900,Real Estate,Igor Olenicoff,80.0,United States,Lighthouse Point,Real estate,Real Estate,United States,,True,U,M,9/20/1942 0:00,Olenicoff,Igor,Founder & Entrepreneur,4/4/2023 5:01,Florida,South,1942.0,9.0,20.0,117.24,7.5,"$21,427,700,000,000 ",88.2,101.8,78.5,9.6,36.6,328239523.0,37.09024,-95.712891,Real estate,1
344,6900,Fashion & Retail,Sandra Ortega Mera,54.0,Spain,La Coruna,Zara,Fashion & Retail,Spain,,False,U,F,7/9/1968 0:00,Ortega Mera,Sandra,Heir & Major Shareholder,4/4/2023 5:01,,,1968.0,7.0,9.0,110.96,0.7,"$1,394,116,310,769 ",88.9,102.7,83.3,14.2,47.0,47076781.0,40.463667,-3.74922,Zara,1
344,6900,Healthcare,Ronda Stryker,68.0,United States,Portage,Medical equipment,Healthcare,United States,,False,U,F,5/1/1954 0:00,Stryker,Ronda,Heir & Major Shareholder,4/4/2023 5:01,Michigan,Midwest,1954.0,5.0,1.0,117.24,7.5,"$21,427,700,000,000 ",88.2,101.8,78.5,9.6,36.6,328239523.0,37.09024,-95.712891,Medical equipment,1
352,6800,Energy,Dannine Avara,59.0,United States,Houston,Pipelines,Energy,United States,,False,U,F,3/9/1964 0:00,Avara,Dannine,Heir & Major Shareholder,4/4/2023 5:01,Texas,South,1964.0,3.0,9.0,117.24,7.5,"$21,427,700,000,000 ",88.2,101.8,78.5,9.6,36.6,328239523.0,37.09024,-95.712891,Pipelines,1
352,6800,Diversified,Silvio Berlusconi & family,86.0,Italy,Milan,Media,Diversified,Italy,,True,D,M,9/29/1936 0:00,Berlusconi,Silvio,Controlling Shareholder & (Family Estate),4/4/2023 5:01,,,1936.0,9.0,29.0,110.62,0.6,"$2,001,244,392,042 ",61.9,101.9,82.9,24.3,59.1,60297396.0,41.87194,12.56738,Media,1
352,6800,Gambling & Casinos,Denise Coates,55.0,United Kingdom,Stoke-on-Trent,Online gambling,Gambling & Casinos,United Kingdom,,True,U,F,9/26/1967 0:00,Coates,Denise,Founder & Entrepreneur,4/4/2023 5:01,,,1967.0,9.0,26.0,119.62,1.7,"$2,827,113,184,696 ",60.0,101.2,81.3,25.5,30.6,66834405.0,55.378051,-3.435973,Online gambling,1
352,6800,Energy,Scott Duncan,40.0,United States,Houston,Pipelines,Energy,United States,,False,U,M,11/1/1982 0:00,Duncan,Scott,Heir & Major Shareholder,4/4/2023 5:01,Texas,South,1982.0,11.0,1.0,117.24,7.5,"$21,427,700,000,000 ",88.2,101.8,78.5,9.6,36.6,328239523.0,37.09024,-95.712891,Pipelines,1
352,6800,Energy,Milane Frantz,53.0,United States,Houston,Pipelines,Energy,United States,,False,U,F,8/12/1969 0:00,Frantz,Milane,Heir & Major Shareholder,4/4/2023 5:01,Texas,South,1969.0,8.0,12.0,117.24,7.5,"$21,427,700,000,000 ",88.2,101.8,78.5,9.6,36.6,328239523.0,37.09024,-95.712891,Pipelines,1
352,6800,Finance & Investments,"Edward Johnson, IV.",58.0,United States,Boston,Fidelity,Finance & Investments,United States,,False,U,M,11/18/1964 0:00,Johnson,Edward,Heir & Major Shareholder,4/4/2023 5:01,Massachusetts,Northeast,1964.0,11.0,18.0,117.24,7.5,"$21,427,700,000,000 ",88.2,101.8,78.5,9.6,36.6,328239523.0,37.09024,-95.712891,Fidelity,1
352,6800,Finance & Investments,Yuri Milner,61.0,United States,Los Altos,Tech investments,Finance & Investments,Israel,DST Global,True,D,M,11/11/1961 0:00,Milner,Yuri,Founder & Lead Investor,4/4/2023 5:01,California,West,1961.0,11.0,11.0,117.24,7.5,"$21,427,700,000,000 ",88.2,101.8,78.5,9.6,36.6,328239523.0,37.09024,-95.712891,"DST Global, Tech investments",2
352,6800,Technology,Gordon Moore,94.0,United States,Woodside,Intel,Technology,United States,Intel Corp.,True,D,M,1/3/1929 0:00,Moore,Gordon,Cofounder and Chairman Emeritus,4/4/2023 5:01,California,,1929.0,1.0,3.0,117.24,7.5,"$21,427,700,000,000 ",88.2,101.8,78.5,9.6,36.6,328239523.0,37.09024,-95.712891,"Intel, Intel Corp.",2
352,6800,Finance & Investments,John Overdeck,53.0,United States,Millburn,Hedge funds,Finance & Investments,United States,Two Sigma,True,U,M,12/21/1969 0:00,Overdeck,John,Founder & Lead Investor,4/4/2023 5:01,New Jersey,Northeast,1969.0,12.0,21.0,117.24,7.5,"$21,427,700,000,000 ",88.2,101.8,78.5,9.6,36.6,328239523.0,37.09024,-95.712891,"Hedge funds, Two Sigma",2
352,6800,Finance & Investments,David Siegel,61.0,United States,Scarsdale,Hedge funds,Finance & Investments,United States,Two Sigma,True,U,M,7/15/1961 0:00,Siegel,David,Founder & Lead Investor,4/4/2023 5:01,New York,Northeast,1961.0,7.0,15.0,117.24,7.5,"$21,427,700,000,000 ",88.2,101.8,78.5,9.6,36.6,328239523.0,37.09024,-95.712891,"Hedge funds, Two Sigma",2
352,6800,Diversified,Viktor Vekselberg,65.0,Russia,Moscow,"Metals, investments",Diversified,Russia,,True,U,M,4/14/1957 0:00,Vekselberg,Viktor,Founder & Entrepreneur & Metals,4/4/2023 5:01,,,1957.0,4.0,14.0,180.75,4.5,"$1,699,876,578,871 ",81.9,102.6,72.7,11.4,46.2,144373535.0,61.52401,105.318756,"Metals, investments",2
352,6800,Technology,Wang Laisheng,58.0,China,Shenzhen,Electronics components,Technology,Hong Kong,,True,D,M,12/14/1964 0:00,Wang,Laisheng,Founder & Entrepreneur,4/4/2023 5:01,,,1964.0,12.0,14.0,125.08,2.9,"$19,910,000,000,000 ",50.6,100.2,77.0,9.4,59.2,1397715000.0,35.86166,104.195397,Electronics components,1
352,6800,Energy,Randa Duncan Williams,61.0,United States,Houston,Pipelines,Energy,United States,Enterprise GP Holdings,False,U,F,8/28/1961 0:00,Williams,Randa Duncan,Non-Executive Chairman,4/4/2023 5:01,Texas,South,1961.0,8.0,28.0,117.24,7.5,"$21,427,700,000,000 ",88.2,101.8,78.5,9.6,36.6,328239523.0,37.09024,-95.712891,"Enterprise GP Holdings, Pipelines",2
365,6700,Finance & Investments,Ken Fisher,72.0,United States,Dallas,Money management,Finance & Investments,United States,,True,U,M,11/29/1950 0:00,Fisher,Ken,Founder & Entrepreneur,4/4/2023 5:01,Texas,South,1950.0,11.0,29.0,117.24,7.5,"$21,427,700,000,000 ",88.2,101.8,78.5,9.6,36.6,328239523.0,37.09024,-95.712891,Money management,1
365,6700,Finance & Investments,Christopher Hohn,56.0,United Kingdom,London,Hedge funds,Finance & Investments,United Kingdom,The Children's Investment Fund Management,True,D,M,10/27/1966 0:00,Hohn,Christopher,Founder & Lead Investor,4/4/2023 5:01,,,1966.0,10.0,27.0,119.62,1.7,"$2,827,113,184,696 ",60.0,101.2,81.3,25.5,30.6,66834405.0,55.378051,-3.435973,"Hedge funds, The Children's Investment Fund Management",2
365,6700,Manufacturing,Kjeld Kirk Kristiansen,75.0,Denmark,Billund,Lego,Manufacturing,Denmark,,False,D,M,12/27/1947 0:00,Kristiansen,Kjeld Kirk,Heir & Major Shareholder,4/4/2023 5:01,,,1947.0,12.0,27.0,110.35,0.8,"$348,078,018,464 ",80.6,101.3,81.0,32.4,23.8,5818553.0,56.26392,9.501785,Lego,1
365,6700,Manufacturing,Sofie Kirk Kristiansen,47.0,Denmark,Billund,Lego,Manufacturing,Denmark,,False,D,F,1/1/1976 0:00,Kristiansen,Sofie Kirk,Heir & Major Shareholder,4/4/2023 5:01,,,1976.0,1.0,1.0,110.35,0.8,"$348,078,018,464 ",80.6,101.3,81.0,32.4,23.8,5818553.0,56.26392,9.501785,Lego,1
365,6700,Manufacturing,Thomas Kirk Kristiansen,44.0,Denmark,Billund,Lego,Manufacturing,Denmark,,False,D,M,1/1/1979 0:00,Kristiansen,Thomas Kirk,Heir & Major Shareholder,4/4/2023 5:01,,,1979.0,1.0,1.0,110.35,0.8,"$348,078,018,464 ",80.6,101.3,81.0,32.4,23.8,5818553.0,56.26392,9.501785,Lego,1
365,6700,Healthcare,Massimiliana Landini Aleotti & family,80.0,Italy,Fiesole,Pharmaceuticals,Healthcare,Italy,,False,U,F,1/1/1943 0:00,Landini Aleotti,Massimiliana,Controlling Shareholder & (Family Estate),4/4/2023 5:01,,,1943.0,1.0,1.0,110.62,0.6,"$2,001,244,392,042 ",61.9,101.9,82.9,24.3,59.1,60297396.0,41.87194,12.56738,Pharmaceuticals,1
365,6700,Automotive,Li Ping,55.0,China,Ningde,Batteries,Automotive,Hong Kong,,True,D,M,1/1/1968 0:00,Li,Ping,Founder & Entrepreneur,4/4/2023 5:01,,,1968.0,1.0,1.0,125.08,2.9,"$19,910,000,000,000 ",50.6,100.2,77.0,9.4,59.2,1397715000.0,35.86166,104.195397,Batteries,1
365,6700,Manufacturing,Lin Jianhua,60.0,China,Hangzhou,Solar panel components,Manufacturing,China,,True,Split Family Fortune,M,8/1/1962 0:00,Lin,Jianhua,Founder & Entrepreneur,4/4/2023 5:01,,,1962.0,8.0,1.0,125.08,2.9,"$19,910,000,000,000 ",50.6,100.2,77.0,9.4,59.2,1397715000.0,35.86166,104.195397,Solar panel components,1
365,6700,Manufacturing,Magdalena Martullo-Blocher,54.0,Switzerland,Feldmeilen,Chemicals,Manufacturing,Switzerland,,False,D,F,1/1/1969 0:00,Martullo-Blocher,Magdalena,Heir & Major Shareholder,4/4/2023 5:01,,,1969.0,1.0,1.0,99.55,0.4,"$703,082,435,360 ",59.6,105.2,83.6,10.1,28.8,8574832.0,46.818188,8.227512,Chemicals,1
365,6700,Telecom,Xavier Niel,55.0,France,Paris,"Internet, telecom",Telecom,France,,True,D,M,8/25/1967 0:00,Niel,Xavier,Founder & Entrepreneur & Internet,4/4/2023 5:01,,,1967.0,8.0,25.0,110.05,1.1,"$2,715,518,274,227 ",65.6,102.5,82.5,24.2,60.7,67059887.0,46.227638,2.213749,"Internet, telecom",2
365,6700,Energy,Terrence Pegula,72.0,United States,Boca Raton,Natural gas,Energy,United States,Buffalo Sabres,True,U,M,3/27/1951 0:00,Pegula,Terrence,Founder & Lead Investor & gas,4/4/2023 5:01,Florida,South,1951.0,3.0,27.0,117.24,7.5,"$21,427,700,000,000 ",88.2,101.8,78.5,9.6,36.6,328239523.0,37.09024,-95.712891,"Buffalo Sabres, Natural gas",2
365,6700,Real Estate,"Edward Roski, Jr.",84.0,United States,Los Angeles,Real estate,Real Estate,United States,"Majestic Realty, Co.",False,U,M,12/25/1938 0:00,Roski,Edward,President and Chairman,4/4/2023 5:01,California,West,1938.0,12.0,25.0,117.24,7.5,"$21,427,700,000,000 ",88.2,101.8,78.5,9.6,36.6,328239523.0,37.09024,-95.712891,"Majestic Realty, Co., Real estate",2
365,6700,Real Estate,John A. Sobrato & family,83.0,United States,Atherton,Real estate,Real Estate,United States,Sobrato Development Cos.,True,U,M,5/23/1939 0:00,Sobrato,John A.,Founder and Chairman,4/4/2023 5:01,California,West,1939.0,5.0,23.0,117.24,7.5,"$21,427,700,000,000 ",88.2,101.8,78.5,9.6,36.6,328239523.0,37.09024,-95.712891,"Real estate, Sobrato Development Cos.",2
365,6700,Finance & Investments,George Soros,92.0,United States,Katonah,Hedge funds,Finance & Investments,United States,Soros Fund Management LLC,True,D,M,8/12/1930 0:00,Soros,George,Founder,4/4/2023 5:01,New York,Northeast,1930.0,8.0,12.0,117.24,7.5,"$21,427,700,000,000 ",88.2,101.8,78.5,9.6,36.6,328239523.0,37.09024,-95.712891,"Hedge funds, Soros Fund Management LLC",2
365,6700,Technology,David Sun,71.0,United States,Irvine,Computer hardware,Technology,United States,Kingston Technology Corporation,True,U,M,10/12/1951 0:00,Sun,David,Founder & Lead Investor,4/4/2023 5:01,California,West,1951.0,10.0,12.0,117.24,7.5,"$21,427,700,000,000 ",88.2,101.8,78.5,9.6,36.6,328239523.0,37.09024,-95.712891,"Computer hardware, Kingston Technology Corporation",2
365,6700,Manufacturing,Agnete Kirk Thinggaard,39.0,Denmark,Billund,Lego,Manufacturing,Denmark,,False,D,F,5/18/1983 0:00,Thinggaard,Agnete Kirk,Heir & Major Shareholder,4/4/2023 5:01,,,1983.0,5.0,18.0,110.35,0.8,"$348,078,018,464 ",80.6,101.3,81.0,32.4,23.8,5818553.0,56.26392,9.501785,Lego,1
365,6700,Technology,John Tu,81.0,United States,Rolling Hills,Computer hardware,Technology,United States,Kingston Technology Corporation,True,U,M,8/12/1941 0:00,Tu,John,Founder & Lead Investor,4/4/2023 5:01,California,West,1941.0,8.0,12.0,117.24,7.5,"$21,427,700,000,000 ",88.2,101.8,78.5,9.6,36.6,328239523.0,37.09024,-95.712891,"Computer hardware, Kingston Technology Corporation",2
365,6700,Food & Beverage,Xu Shihui,65.0,China,Quanzhou,"Snacks, beverages",Food & Beverage,China,,True,D,M,1/1/1958 0:00,Xu,Shihui,Founder & Entrepreneur & Snacks,4/4/2023 5:01,,,1958.0,1.0,1.0,125.08,2.9,"$19,910,000,000,000 ",50.6,100.2,77.0,9.4,59.2,1397715000.0,35.86166,104.195397,"Snacks, beverages",2
383,6600,Manufacturing,Rahel Blocher,47.0,Switzerland,Wilen bei Wollerau,Chemicals,Manufacturing,Switzerland,,False,D,F,1/1/1976 0:00,Blocher,Rahel,Heir & Major Shareholder,4/4/2023 5:01,,,1976.0,1.0,1.0,99.55,0.4,"$703,082,435,360 ",59.6,105.2,83.6,10.1,28.8,8574832.0,46.818188,8.227512,Chemicals,1
383,6600,Food & Beverage,Bubba Cathy,68.0,United States,Atlanta,Chick-fil-A,Food & Beverage,United States,,False,U,M,4/22/1954 0:00,Cathy,Bubba,Heir & Major Shareholder,4/4/2023 5:01,Georgia,South,1954.0,4.0,22.0,117.24,7.5,"$21,427,700,000,000 ",88.2,101.8,78.5,9.6,36.6,328239523.0,37.09024,-95.712891,Chick-fil-A,1
383,6600,Food & Beverage,Dan Cathy,70.0,United States,Atlanta,Chick-fil-A,Food & Beverage,United States,,False,U,M,3/1/1953 0:00,Cathy,Dan,Heir & Major Shareholder,4/4/2023 5:01,Georgia,South,1953.0,3.0,1.0,117.24,7.5,"$21,427,700,000,000 ",88.2,101.8,78.5,9.6,36.6,328239523.0,37.09024,-95.712891,Chick-fil-A,1
383,6600,Food & Beverage,Trudy Cathy White,67.0,United States,Hampton,Chick-fil-A,Food & Beverage,United States,,False,U,F,12/17/1955 0:00,Cathy White,Trudy,Heir & Major Shareholder,4/4/2023 5:01,Georgia,South,1955.0,12.0,17.0,117.24,7.5,"$21,427,700,000,000 ",88.2,101.8,78.5,9.6,36.6,328239523.0,37.09024,-95.712891,Chick-fil-A,1
383,6600,Finance & Investments,Bruce Kovner,78.0,United States,New York,Hedge funds,Finance & Investments,United States,Caxton Associates LP,True,U,M,2/25/1945 0:00,Kovner,Bruce,Founder,4/4/2023 5:01,New York,Northeast,1945.0,2.0,25.0,117.24,7.5,"$21,427,700,000,000 ",88.2,101.8,78.5,9.6,36.6,328239523.0,37.09024,-95.712891,"Caxton Associates LP, Hedge funds",2
383,6600,Technology,"Henry Nicholas, III.",63.0,United States,Newport Coast,Semiconductors,Technology,United States,Broadcom,True,U,M,10/8/1959 0:00,Nicholas,Henry,Founder & Lead Investor,4/4/2023 5:01,California,West,1959.0,10.0,8.0,117.24,7.5,"$21,427,700,000,000 ",88.2,101.8,78.5,9.6,36.6,328239523.0,37.09024,-95.712891,"Broadcom, Semiconductors",2
383,6600,Finance & Investments,Nadia Thiele,47.0,Germany,Munich,Investments,Finance & Investments,Germany,,False,U,F,1/7/1976 0:00,Thiele,Nadia,Heir & Major Shareholder,4/4/2023 5:01,,,1976.0,1.0,7.0,112.85,1.4,"$3,845,630,030,824 ",70.2,104.0,80.9,11.5,48.8,83132799.0,51.165691,10.451526,Investments,1
390,6500,Finance & Investments,David Bonderman,80.0,United States,Fort Worth,Private equity,Finance & Investments,United States,,True,U,M,11/27/1942 0:00,Bonderman,David,Founder & Entrepreneur,4/4/2023 5:01,Texas,South,1942.0,11.0,27.0,117.24,7.5,"$21,427,700,000,000 ",88.2,101.8,78.5,9.6,36.6,328239523.0,37.09024,-95.712891,Private equity,1
390,6500,Technology,Melinda French Gates,58.0,United States,Medina,Microsoft,Technology,United States,Bill & Melinda Gates Foundation,False,U,F,8/15/1964 0:00,French Gates,Melinda,Heir & Major Shareholder,4/4/2023 5:01,Washington,West,1964.0,8.0,15.0,117.24,7.5,"$21,427,700,000,000 ",88.2,101.8,78.5,9.6,36.6,328239523.0,37.09024,-95.712891,"Bill & Melinda Gates Foundation, Microsoft",2
390,6500,Fashion & Retail,Nathan Kirsh,91.0,Eswatini (Swaziland),Ezulwini,"Retail, real estate",Fashion & Retail,Eswatini (Swaziland),,True,U,M,1/6/1932 0:00,Kirsh,Nathan,Founder & Entrepreneur,4/4/2023 5:01,,,1932.0,1.0,6.0,,,,,,,,,,,,"Retail, real estate",2
390,6500,Real Estate,Annette Lerner & family,93.0,United States,Chevy Chase,Real estate,Real Estate,United States,,False,N,F,2/27/1930 0:00,Lerner,Annette,Controlling Shareholder & (Family ),4/4/2023 5:01,Maryland,South,1930.0,2.0,27.0,117.24,7.5,"$21,427,700,000,000 ",88.2,101.8,78.5,9.6,36.6,328239523.0,37.09024,-95.712891,Real estate,1
390,6500,Real Estate,David Reuben,84.0,United Kingdom,London,"Investments, real estate",Real Estate,United Kingdom,,True,D,M,9/1/1938 0:00,Reuben,David,Founder & Entrepreneur,4/4/2023 5:01,,,1938.0,9.0,1.0,119.62,1.7,"$2,827,113,184,696 ",60.0,101.2,81.3,25.5,30.6,66834405.0,55.378051,-3.435973,"Investments, real estate",2
390,6500,Diversified,Simon Reuben,81.0,Monaco,Monaco,"Real estate, investments",Diversified,United Kingdom,,True,D,M,5/1/1941 0:00,Reuben,Simon,Founder & Entrepreneur & estate,4/4/2023 5:01,,,1941.0,5.0,1.0,,,"$7,184,844,193 ",,,,,,38964.0,43.7384176,7.4246158,"Real estate, investments",2
390,6500,Real Estate,Radovan Vitek,51.0,Switzerland,Crans Montana,Real estate,Real Estate,Czech Republic,,True,U,M,4/22/1971 0:00,Vitek,Radovan,Founder & Entrepreneur,4/4/2023 5:01,,,1971.0,4.0,22.0,99.55,0.4,"$703,082,435,360 ",59.6,105.2,83.6,10.1,28.8,8574832.0,46.818188,8.227512,Real estate,1
397,6400,Finance & Investments,Carl Bennet,71.0,Sweden,Gothenberg,Investments,Finance & Investments,Sweden,,True,D,M,8/19/1951 0:00,Bennet,Carl,Founder & Entrepreneur,4/4/2023 5:01,,,1951.0,8.0,19.0,110.51,1.8,"$530,832,908,738 ",67.0,126.6,82.5,27.9,49.1,10285453.0,60.128161,18.643501,Investments,1
397,6400,Sports,Stephen Bisciotti,62.0,United States,Hobe Sound,"Staffing, Baltimore Ravens",Sports,United States,Baltimore Ravens,True,U,M,4/10/1960 0:00,Bisciotti,Stephen,Founder & Lead Investor & Staffing,4/4/2023 5:01,Florida,South,1960.0,4.0,10.0,117.24,7.5,"$21,427,700,000,000 ",88.2,101.8,78.5,9.6,36.6,328239523.0,37.09024,-95.712891,"Baltimore Ravens, Staffing",2
397,6400,Finance & Investments,Stanley Druckenmiller,69.0,United States,New York,Hedge funds,Finance & Investments,United States,Duquesne Family Office,True,D,M,6/14/1953 0:00,Druckenmiller,Stanley,Founder,4/4/2023 5:01,New York,Northeast,1953.0,6.0,14.0,117.24,7.5,"$21,427,700,000,000 ",88.2,101.8,78.5,9.6,36.6,328239523.0,37.09024,-95.712891,"Duquesne Family Office, Hedge funds",2
397,6400,Healthcare,Jian Jun,59.0,China,Beijing,Biomedical products,Healthcare,China,,True,U,F,11/1/1963 0:00,Jian,Jun,Founder & Entrepreneur,4/4/2023 5:01,,,1963.0,11.0,1.0,125.08,2.9,"$19,910,000,000,000 ",50.6,100.2,77.0,9.4,59.2,1397715000.0,35.86166,104.195397,Biomedical products,1
397,6400,Energy,Alexei Kuzmichev,60.0,France,Paris,"Oil, banking, telecom",Energy,Russia,,True,U,M,10/15/1962 0:00,Kuzmichev,Alexei,Founder & Entrepreneur & Oil & banking,4/4/2023 5:01,,,1962.0,10.0,15.0,110.05,1.1,"$2,715,518,274,227 ",65.6,102.5,82.5,24.2,60.7,67059887.0,46.227638,2.213749,"Oil, banking, telecom",3
397,6400,Manufacturing,Dmitry Rybolovlev & family,56.0,Monaco,Monaco,Fertilizer,Manufacturing,Russia,,True,D,M,11/22/1966 0:00,Rybolovlev,Dmitry,Controlling Shareholder & (Family Estate),4/4/2023 5:01,,,1966.0,11.0,22.0,,,"$7,184,844,193 ",,,,,,38964.0,43.7384176,7.4246158,Fertilizer,1
397,6400,Finance & Investments,Luis Carlos Sarmiento,90.0,Colombia,Bogota,Banking,Finance & Investments,Colombia,,True,D,M,1/27/1933 0:00,Sarmiento,Luis Carlos,Founder & Entrepreneur,4/4/2023 5:01,,,1933.0,1.0,27.0,140.95,3.5,"$323,802,808,108 ",55.3,114.5,77.1,14.4,71.2,50339443.0,4.570868,-74.297333,Banking,1
397,6400,Logistics,Dennis Washington,88.0,United States,Missoula,"Construction, mining",Logistics,United States,,True,D,M,7/27/1934 0:00,Washington,Dennis,Founder & Entrepreneur & Construction,4/4/2023 5:01,Montana,West,1934.0,7.0,27.0,117.24,7.5,"$21,427,700,000,000 ",88.2,101.8,78.5,9.6,36.6,328239523.0,37.09024,-95.712891,"Construction, mining",2
405,6300,Construction & Engineering,Anthony Bamford & family,77.0,United Kingdom,Gloucestershire,Construction equipment,Construction & Engineering,United Kingdom,,False,U,M,10/23/1945 0:00,Bamford,Anthony,Controlling Shareholder & (Family Estate),4/4/2023 5:01,,,1945.0,10.0,23.0,119.62,1.7,"$2,827,113,184,696 ",60.0,101.2,81.3,25.5,30.6,66834405.0,55.378051,-3.435973,Construction equipment,1
405,6300,Energy,Gao Jifan & family,58.0,China,Changzhou,Solar equipment,Energy,China,,True,D,M,1/1/1965 0:00,Gao,Jifan,Controlling Shareholder & (Family Estate),4/4/2023 5:01,,,1965.0,1.0,1.0,125.08,2.9,"$19,910,000,000,000 ",50.6,100.2,77.0,9.4,59.2,1397715000.0,35.86166,104.195397,Solar equipment,1
405,6300,Finance & Investments,John Grayken,66.0,United Kingdom,London,Private equity,Finance & Investments,Ireland,,True,D,M,6/1/1956 0:00,Grayken,John,Founder & Lead Investor,4/4/2023 5:01,,,1956.0,6.0,1.0,119.62,1.7,"$2,827,113,184,696 ",60.0,101.2,81.3,25.5,30.6,66834405.0,55.378051,-3.435973,Private equity,1
405,6300,Healthcare,Alain Merieux & family,85.0,France,Lyon,Pharmaceuticals,Healthcare,France,,False,D,M,1/1/1938 0:00,Merieux,Alain,Controlling Shareholder & (Family Estate),4/4/2023 5:01,,,1938.0,1.0,1.0,110.05,1.1,"$2,715,518,274,227 ",65.6,102.5,82.5,24.2,60.7,67059887.0,46.227638,2.213749,Pharmaceuticals,1
405,6300,Energy,Wang Yusuo & family,59.0,China,Langfang,Natural gas distribution,Energy,China,,True,U,M,3/11/1964 0:00,Wang,Yusuo,Controlling Shareholder & gas  (Family Estate),4/4/2023 5:01,,,1964.0,3.0,11.0,125.08,2.9,"$19,910,000,000,000 ",50.6,100.2,77.0,9.4,59.2,1397715000.0,35.86166,104.195397,Natural gas distribution,1
405,6300,Manufacturing,Stef Wertheimer & family,96.0,Israel,Tel Aviv,Metalworking tools,Manufacturing,Israel,,True,U,M,7/16/1926 0:00,Wertheimer,Stef,Controlling Shareholder & (Family Estate),4/4/2023 5:01,,,1926.0,7.0,16.0,108.15,0.8,"$395,098,666,122 ",63.4,104.9,82.8,23.1,25.3,9053300.0,31.046051,34.851612,Metalworking tools,1
411,6200,Food & Beverage,Maria Asuncion Aramburuzabala & family,59.0,Mexico,Mexico City,"Beer, investments",Food & Beverage,Mexico,,False,E,F,5/2/1963 0:00,Aramburuzabala,Maria Asuncion,Controlling Shareholder & Beer & (Family Estate),4/4/2023 5:01,,,1963.0,5.0,2.0,141.54,3.6,"$1,258,286,717,125 ",40.2,105.8,75.0,13.1,55.1,126014024.0,23.634501,-102.552784,"Beer, investments",2
411,6200,Diversified,Gustaf Douglas,85.0,Sweden,Stockholm,Investments,Diversified,Sweden,,True,D,M,3/3/1938 0:00,Douglas,Gustaf,Founder & Entrepreneur,4/4/2023 5:01,,,1938.0,3.0,3.0,110.51,1.8,"$530,832,908,738 ",67.0,126.6,82.5,27.9,49.1,10285453.0,60.128161,18.643501,Investments,1
411,6200,Service,Frits Goldschmeding,89.0,Netherlands,Amsterdam,Temp agency,Service,Netherlands,,True,U,M,8/2/1933 0:00,Goldschmeding,Frits,Founder & Entrepreneur,4/4/2023 5:01,,,1933.0,8.0,2.0,115.91,2.6,"$909,070,395,161 ",85.0,104.2,81.8,23.0,41.2,17332850.0,52.132633,5.291266,Temp agency,1
411,6200,Food & Beverage,Lin Muqin & family,59.0,China,Shenzhen,Beverages,Food & Beverage,China,,True,U,M,1/1/1964 0:00,Lin,Muqin,Controlling Shareholder & (Family Estate),4/4/2023 5:01,,,1964.0,1.0,1.0,125.08,2.9,"$19,910,000,000,000 ",50.6,100.2,77.0,9.4,59.2,1397715000.0,35.86166,104.195397,Beverages,1
411,6200,Manufacturing,Ruan Liping,59.0,China,Ningbo,Power strips,Manufacturing,Hong Kong,,True,U,M,1/1/1964 0:00,Ruan,Liping,Founder & Entrepreneur,4/4/2023 5:01,,,1964.0,1.0,1.0,125.08,2.9,"$19,910,000,000,000 ",50.6,100.2,77.0,9.4,59.2,1397715000.0,35.86166,104.195397,Power strips,1
411,6200,Manufacturing,Ruan Xueping,51.0,China,Ningbo,Power strip,Manufacturing,Hong Kong,,True,U,M,1/1/1972 0:00,Ruan,Xueping,Founder & Entrepreneur,4/4/2023 5:01,,,1972.0,1.0,1.0,125.08,2.9,"$19,910,000,000,000 ",50.6,100.2,77.0,9.4,59.2,1397715000.0,35.86166,104.195397,Power strip,1
411,6200,Finance & Investments,Michal Solowow,60.0,Poland,Kielce,Investments,Finance & Investments,Poland,,True,E,M,7/11/1962 0:00,Solowow,Michal,Founder & Entrepreneur,4/4/2023 5:01,,,1962.0,7.0,11.0,114.11,2.2,"$592,164,400,688 ",67.8,100.0,77.6,17.4,40.8,37970874.0,51.919438,19.145136,Investments,1
418,6100,Diversified,Mike Adenuga,69.0,Nigeria,Lagos,"Telecom, oil",Diversified,Nigeria,,True,D,M,4/29/1953 0:00,Adenuga,Mike,Founder & Entrepreneur & Telecom & oil,4/4/2023 5:01,,,1953.0,4.0,29.0,267.51,11.4,"$448,120,428,859 ",10.2,84.7,54.3,1.5,34.8,200963599.0,9.081999,8.675277,"Telecom, oil",2
418,6100,Finance & Investments,Tom Gores,58.0,United States,Beverly Hills,Private equity,Finance & Investments,United States,,True,U,M,7/31/1964 0:00,Gores,Tom,Founder & Entrepreneur,4/4/2023 5:01,California,West,1964.0,7.0,31.0,117.24,7.5,"$21,427,700,000,000 ",88.2,101.8,78.5,9.6,36.6,328239523.0,37.09024,-95.712891,Private equity,1
418,6100,Fashion & Retail,Michael Herz,79.0,Germany,Hamburg,Coffee,Fashion & Retail,Germany,,False,U,M,9/28/1943 0:00,Herz,Michael,Heir & Major Shareholder,4/4/2023 5:01,,,1943.0,9.0,28.0,112.85,1.4,"$3,845,630,030,824 ",70.2,104.0,80.9,11.5,48.8,83132799.0,51.165691,10.451526,Coffee,1
418,6100,Fashion & Retail,Wolfgang Herz,72.0,Germany,Hamburg,Coffee,Fashion & Retail,Germany,,False,U,M,1/1/1951 0:00,Herz,Wolfgang,Heir & Major Shareholder,4/4/2023 5:01,,,1951.0,1.0,1.0,112.85,1.4,"$3,845,630,030,824 ",70.2,104.0,80.9,11.5,48.8,83132799.0,51.165691,10.451526,Coffee,1
418,6100,Energy,Michael Kadoorie,81.0,Hong Kong,Hong Kong,"Hotels, energy",Energy,Hong Kong,,False,D,M,7/19/1941 0:00,Kadoorie,Michael,Heir & Major Shareholder & Hotels,4/4/2023 5:01,,,1941.0,7.0,19.0,,,,,,,,,,,,"Hotels, energy",2
418,6100,Telecom,Sunil Mittal,65.0,,,Telecom,Telecom,India,,True,Split Family Fortune,M,10/23/1957 0:00,Mittal,Sunil,Founder & Entrepreneur,4/4/2023 5:01,,,1957.0,10.0,23.0,,,,,,,,,,,,Telecom,1
418,6100,Technology,Zhou Qunfei,53.0,Hong Kong,Hong Kong,Smartphone screens,Technology,Hong Kong,Lens Technology,True,D,F,,Zhou,Qunfei,Founder and CEO,4/4/2023 5:01,,,,,,,,,,,,,,,,,"Lens Technology, Smartphone screens",2
425,6000,Metals & Mining,Alexander Abramov,64.0,Russia,Moscow,"Steel, mining",Metals & Mining,Russia,,True,U,M,2/20/1959 0:00,Abramov,Alexander,Founder & Entrepreneur & Steel,4/4/2023 5:01,,,1959.0,2.0,20.0,180.75,4.5,"$1,699,876,578,871 ",81.9,102.6,72.7,11.4,46.2,144373535.0,61.52401,105.318756,"Steel, mining",2
425,6000,Real Estate,Rene Benko,46.0,Austria,,"Real estate, retail",Real Estate,Austria,,True,U,M,3/20/1977 0:00,Benko,Rene,Founder & Entrepreneur & estate,4/4/2023 5:01,,,1977.0,3.0,20.0,118.06,1.5,"$446,314,739,528 ",85.1,103.1,81.6,25.4,51.4,8877067.0,47.516231,14.550072,"Real estate, retail",2
425,6000,Real Estate,Neil Bluhm,85.0,United States,Chicago,Real estate,Real Estate,United States,,True,U,M,1/12/1938 0:00,Bluhm,Neil,Founder & Entrepreneur,4/4/2023 5:01,Illinois,Midwest,1938.0,1.0,12.0,117.24,7.5,"$21,427,700,000,000 ",88.2,101.8,78.5,9.6,36.6,328239523.0,37.09024,-95.712891,Real estate,1
425,6000,Fashion & Retail,Alain Bouchard,74.0,Canada,Montreal,Convinience stores,Fashion & Retail,Canada,Alimentation Couche Tard Inc. Cl A,True,U,M,2/18/1949 0:00,Bouchard,Alain,Chairman and CEO,4/4/2023 5:01,,,1949.0,2.0,18.0,116.76,1.9,"$1,736,425,629,520 ",68.9,100.9,81.9,12.8,24.5,36991981.0,56.130366,-106.346771,"Alimentation Couche Tard Inc. Cl A, Convinience stores",2
425,6000,Technology,Jay Chaudhry,63.0,United States,Reno,Security software,Technology,United States,,True,D,M,8/26/1959 0:00,Chaudhry,Jay,Founder & Entrepreneur,4/4/2023 5:01,Nevada,West,1959.0,8.0,26.0,117.24,7.5,"$21,427,700,000,000 ",88.2,101.8,78.5,9.6,36.6,328239523.0,37.09024,-95.712891,Security software,1
425,6000,Fashion & Retail,Gopikishan Damani,65.0,India,Mumbai,"Retail, investments",Fashion & Retail,India,,True,D,M,1/1/1958 0:00,Damani,Gopikishan,Founder & Entrepreneur,4/4/2023 5:01,,,1958.0,1.0,1.0,180.44,7.7,"$2,611,000,000,000 ",28.1,113.0,69.4,11.2,49.7,1366417754.0,20.593684,78.96288,"Retail, investments",2
425,6000,Diversified,Sumet Jiaravanon,88.0,Thailand,Bangkok,Diversified,Diversified,Thailand,,False,U,M,11/2/1934 0:00,Jiaravanon,Sumet,Heir & Major Shareholder,4/4/2023 5:01,,,1934.0,11.0,2.0,113.27,0.7,"$543,649,976,166 ",49.3,99.8,76.9,14.9,29.5,69625582.0,15.870032,100.992541,Diversified,10
425,6000,Finance & Investments,Joe Lewis,86.0,Bahamas,Albany,Investments,Finance & Investments,United Kingdom,,True,U,M,2/5/1937 0:00,Lewis,Joe,Founder & Entrepreneur,4/4/2023 5:01,,,1937.0,2.0,5.0,,,,,,,,,,,,Investments,1
425,6000,Finance & Investments,Frank Lowy,92.0,Israel,Tel Aviv,Investments,Finance & Investments,Australia,,True,D,M,10/22/1930 0:00,Lowy,Frank,Founder & Entrepreneur,4/4/2023 5:01,,,1930.0,10.0,22.0,108.15,0.8,"$395,098,666,122 ",63.4,104.9,82.8,23.1,25.3,9053300.0,31.046051,34.851612,Investments,1
425,6000,Finance & Investments,Michael Milken,76.0,United States,Los Angeles,Investments,Finance & Investments,United States,,True,U,M,7/4/1946 0:00,Milken,Michael,Founder & Entrepreneur,4/4/2023 5:01,California,West,1946.0,7.0,4.0,117.24,7.5,"$21,427,700,000,000 ",88.2,101.8,78.5,9.6,36.6,328239523.0,37.09024,-95.712891,Investments,1
425,6000,Technology,David Steward,71.0,United States,St. Louis,IT provider,Technology,United States,,True,U,M,7/2/1951 0:00,Steward,David,Founder & Entrepreneur & IT,4/4/2023 5:01,Missouri,Midwest,1951.0,7.0,2.0,117.24,7.5,"$21,427,700,000,000 ",88.2,101.8,78.5,9.6,36.6,328239523.0,37.09024,-95.712891,IT provider,1
425,6000,Fashion & Retail,Les Wexner & family,85.0,United States,New Albany,Retail,Fashion & Retail,United States,,True,U,M,9/8/1937 0:00,Wexner,Les,Controlling Shareholder & (Family Estate),4/4/2023 5:01,Ohio,Midwest,1937.0,9.0,8.0,117.24,7.5,"$21,427,700,000,000 ",88.2,101.8,78.5,9.6,36.6,328239523.0,37.09024,-95.712891,Retail,1
437,5900,Real Estate,Cai Kui,60.0,China,Chengdu,Real estate,Real Estate,China,,True,D,M,1/1/1963 0:00,Cai,Kui,Founder & Entrepreneur,4/4/2023 5:01,,,1963.0,1.0,1.0,125.08,2.9,"$19,910,000,000,000 ",50.6,100.2,77.0,9.4,59.2,1397715000.0,35.86166,104.195397,Real estate,1
437,5900,Diversified,Jaran Chiaravanont,93.0,Thailand,Bangkok,Diversified,Diversified,Thailand,,False,U,M,4/1/1930 0:00,Chiaravanont,Jaran,Heir & Major Shareholder,4/4/2023 5:01,,,1930.0,4.0,1.0,113.27,0.7,"$543,649,976,166 ",49.3,99.8,76.9,14.9,29.5,69625582.0,15.870032,100.992541,Diversified,10
437,5900,Finance & Investments,Andreas Halvorsen,61.0,United States,Darien,Hedge funds,Finance & Investments,Norway,Viking Global Investors,True,D,M,4/23/1961 0:00,Halvorsen,Andreas,Founder & Lead Investor,4/4/2023 5:01,Connecticut,Northeast,1961.0,4.0,23.0,117.24,7.5,"$21,427,700,000,000 ",88.2,101.8,78.5,9.6,36.6,328239523.0,37.09024,-95.712891,"Hedge funds, Viking Global Investors",2
437,5900,Finance & Investments,Antony Ressler,62.0,United States,Los Angeles,Finance,Finance & Investments,United States,,True,U,M,10/12/1960 0:00,Ressler,Antony,Founder & Entrepreneur,4/4/2023 5:01,California,West,1960.0,10.0,12.0,117.24,7.5,"$21,427,700,000,000 ",88.2,101.8,78.5,9.6,36.6,328239523.0,37.09024,-95.712891,Finance,1
437,5900,Food & Beverage,Tsai Eng-meng,66.0,China,Shanghai,"Food, beverages",Food & Beverage,Taiwan,,False,D,M,1/15/1957 0:00,Tsai,Eng-meng,Heir & Major Shareholder & Food,4/4/2023 5:01,,,1957.0,1.0,15.0,125.08,2.9,"$19,910,000,000,000 ",50.6,100.2,77.0,9.4,59.2,1397715000.0,35.86166,104.195397,"Food, beverages",2
442,5800,Finance & Investments,Josh Harris,58.0,United States,Miami,Private equity,Finance & Investments,United States,,True,E,M,12/29/1964 0:00,Harris,Josh,Founder & Entrepreneur,4/4/2023 5:01,Florida,South,1964.0,12.0,29.0,117.24,7.5,"$21,427,700,000,000 ",88.2,101.8,78.5,9.6,36.6,328239523.0,37.09024,-95.712891,Private equity,1
442,5800,Healthcare,Niels Peter Louis-Hansen,75.0,Denmark,Humlebaek,Medical devices,Healthcare,Denmark,,False,D,M,10/25/1947 0:00,Louis-Hansen,Niels Peter,Heir & Major Shareholder,4/4/2023 5:01,,,1947.0,10.0,25.0,110.35,0.8,"$348,078,018,464 ",80.6,101.3,81.0,32.4,23.8,5818553.0,56.26392,9.501785,Medical devices,1
442,5800,Healthcare,Patrick Soon-Shiong,70.0,United States,Los Angeles,Pharmaceuticals,Healthcare,United States,,True,D,M,7/29/1952 0:00,Soon-Shiong,Patrick,Founder & Entrepreneur,4/4/2023 5:01,California,West,1952.0,7.0,29.0,117.24,7.5,"$21,427,700,000,000 ",88.2,101.8,78.5,9.6,36.6,328239523.0,37.09024,-95.712891,Pharmaceuticals,1
445,5700,Metals & Mining,Rinat Akhmetov,56.0,Ukraine,Donetsk,"Steel, coal",Metals & Mining,Ukraine,,True,U,M,9/21/1966 0:00,Akhmetov,Rinat,Founder & Entrepreneur & Steel,4/4/2023 5:01,,,1966.0,9.0,21.0,281.66,7.9,"$153,781,069,118 ",82.7,99.0,71.6,20.1,45.2,44385155.0,48.379433,31.16558,"Steel, coal",2
445,5700,Healthcare,John Brown,88.0,United States,Atlanta,Medical equipment,Healthcare,United States,,True,U,M,9/15/1934 0:00,Brown,John,Founder & Entrepreneur,4/4/2023 5:01,Georgia,South,1934.0,9.0,15.0,117.24,7.5,"$21,427,700,000,000 ",88.2,101.8,78.5,9.6,36.6,328239523.0,37.09024,-95.712891,Medical equipment,1
445,5700,Media & Entertainment,Clive Calder,76.0,Cayman Islands,Grand Cayman,Record label,Media & Entertainment,United Kingdom,,True,E,M,12/13/1946 0:00,Calder,Clive,Founder & Entrepreneur,4/4/2023 5:01,,,1946.0,12.0,13.0,,,,,,,,,,,,Record label,1
445,5700,Energy,Arthur Irving,93.0,Canada,Saint John,Oil,Energy,Canada,,False,U,M,1/1/1930 0:00,Irving,Arthur,Heir & Major Shareholder & Oil,4/4/2023 5:01,,,1930.0,1.0,1.0,116.76,1.9,"$1,736,425,629,520 ",68.9,100.9,81.9,12.8,24.5,36991981.0,56.130366,-106.346771,Oil,1
445,5700,Real Estate,Fredrik Lundberg,71.0,Sweden,Stockholm,"Real estate, investments",Real Estate,Sweden,,False,D,M,8/5/1951 0:00,Lundberg,Fredrik,Heir & Major Shareholder & estate,4/4/2023 5:01,,,1951.0,8.0,5.0,110.51,1.8,"$530,832,908,738 ",67.0,126.6,82.5,27.9,49.1,10285453.0,60.128161,18.643501,"Real estate, investments",2
445,5700,Construction & Engineering,Thomas Schmidheiny,77.0,Switzerland,Jona,Cement,Construction & Engineering,Switzerland,,False,U,M,12/17/1945 0:00,Schmidheiny,Thomas,Heir & Major Shareholder,4/4/2023 5:01,,,1945.0,12.0,17.0,99.55,0.4,"$703,082,435,360 ",59.6,105.2,83.6,10.1,28.8,8574832.0,46.818188,8.227512,Cement,1
445,5700,Logistics,Helmut Sohmen,83.0,Hong Kong,Hong Kong,Shipping,Logistics,Austria,,False,U,M,12/10/1939 0:00,Sohmen,Helmut,Heir & Major Shareholder,4/4/2023 5:01,,,1939.0,12.0,10.0,,,,,,,,,,,,Shipping,1
445,5700,Finance & Investments,Daniel Ziff,51.0,United States,New York,Investments,Finance & Investments,United States,,False,U,M,11/2/1971 0:00,Ziff,Daniel,Heir & Major Shareholder,4/4/2023 5:01,New York,Northeast,1971.0,11.0,2.0,117.24,7.5,"$21,427,700,000,000 ",88.2,101.8,78.5,9.6,36.6,328239523.0,37.09024,-95.712891,Investments,1
445,5700,Finance & Investments,Dirk Ziff,59.0,United States,North Palm Beach,Investments,Finance & Investments,United States,,False,U,M,4/1/1964 0:00,Ziff,Dirk,Heir & Major Shareholder,4/4/2023 5:01,Florida,South,1964.0,4.0,1.0,117.24,7.5,"$21,427,700,000,000 ",88.2,101.8,78.5,9.6,36.6,328239523.0,37.09024,-95.712891,Investments,1
445,5700,Finance & Investments,Robert Ziff,56.0,United States,New York,Investments,Finance & Investments,United States,,False,U,M,8/12/1966 0:00,Ziff,Robert,Heir & Major Shareholder,4/4/2023 5:01,New York,Northeast,1966.0,8.0,12.0,117.24,7.5,"$21,427,700,000,000 ",88.2,101.8,78.5,9.6,36.6,328239523.0,37.09024,-95.712891,Investments,1
455,5600,Logistics,Maria Angelicoussis,41.0,Greece,,Shipping,Logistics,Greece,,False,N,F,2/18/1982 0:00,Angelicoussis,Maria,Heir & Major Shareholder,4/4/2023 5:01,,,1982.0,2.0,18.0,101.87,0.2,"$209,852,761,469 ",136.6,99.6,81.3,26.2,51.9,10716322.0,39.074208,21.824312,Shipping,1
455,5600,Energy,Ray Lee Hunt,79.0,United States,Dallas,"Oil, real estate",Energy,United States,,False,D,M,4/6/1943 0:00,Hunt,Ray Lee,Heir & Major Shareholder & Oil,4/4/2023 5:01,Texas,South,1943.0,4.0,6.0,117.24,7.5,"$21,427,700,000,000 ",88.2,101.8,78.5,9.6,36.6,328239523.0,37.09024,-95.712891,"Oil, real estate",2
455,5600,Logistics,Lai Meisong,52.0,China,Shanghai,Package delivery,Logistics,China,,True,U,M,12/1/1970 0:00,Lai,Meisong,Founder & Entrepreneur,4/4/2023 5:01,,,1970.0,12.0,1.0,125.08,2.9,"$19,910,000,000,000 ",50.6,100.2,77.0,9.4,59.2,1397715000.0,35.86166,104.195397,Package delivery,1
455,5600,Automotive,Vikram Lal & family,81.0,India,Delhi,Motorcycles,Automotive,India,,False,U,M,3/5/1942 0:00,Lal,Vikram,Controlling Shareholder & (Family Estate),4/4/2023 5:01,,,1942.0,3.0,5.0,180.44,7.7,"$2,611,000,000,000 ",28.1,113.0,69.4,11.2,49.7,1366417754.0,20.593684,78.96288,Motorcycles,1
455,5600,Finance & Investments,Ken Langone,87.0,United States,Sands Point,Investments,Finance & Investments,United States,,True,D,M,9/16/1935 0:00,Langone,Ken,Founder & Entrepreneur,4/4/2023 5:01,New York,Northeast,1935.0,9.0,16.0,117.24,7.5,"$21,427,700,000,000 ",88.2,101.8,78.5,9.6,36.6,328239523.0,37.09024,-95.712891,Investments,1
455,5600,Healthcare,Li Ge,56.0,China,Shanghai,Pharmaceutical ingredients,Healthcare,United States,,True,Split Family Fortune,M,1/1/1967 0:00,Li,Ge,Founder & Entrepreneur,4/4/2023 5:01,,,1967.0,1.0,1.0,125.08,2.9,"$19,910,000,000,000 ",50.6,100.2,77.0,9.4,59.2,1397715000.0,35.86166,104.195397,Pharmaceutical ingredients,1
455,5600,Finance & Investments,Karen Pritzker,65.0,United States,Branford,"Hotels, investments",Finance & Investments,United States,,False,D,F,1/7/1958 0:00,Pritzker,Karen,Heir & Major Shareholder & Hotels,4/4/2023 5:01,Connecticut,Northeast,1958.0,1.0,7.0,117.24,7.5,"$21,427,700,000,000 ",88.2,101.8,78.5,9.6,36.6,328239523.0,37.09024,-95.712891,"Hotels, investments",2
455,5600,Service,Robert Rowling,69.0,United States,Dallas,"Hotels, investments",Service,United States,,False,U,M,9/26/1953 0:00,Rowling,Robert,Heir & Major Shareholder & Hotels,4/4/2023 5:01,Texas,South,1953.0,9.0,26.0,117.24,7.5,"$21,427,700,000,000 ",88.2,101.8,78.5,9.6,36.6,328239523.0,37.09024,-95.712891,"Hotels, investments",2
455,5600,Gambling & Casinos,Teddy Sagi,51.0,Israel,Tel Aviv,Gambling software,Gambling & Casinos,Israel,,True,E,M,11/1/1971 0:00,Sagi,Teddy,Founder & Entrepreneur,4/4/2023 5:01,,,1971.0,11.0,1.0,108.15,0.8,"$395,098,666,122 ",63.4,104.9,82.8,23.1,25.3,9053300.0,31.046051,34.851612,Gambling software,1
455,5600,Healthcare,Seo Jung-jin,65.0,South Korea,Seoul,Biotech,Healthcare,South Korea,Celltrion Inc.,True,D,M,10/23/1957 0:00,Seo,Jung-jin,Founder & Entrepreneur,4/4/2023 5:01,,,1957.0,10.0,23.0,115.16,0.4,"$2,029,000,000,000 ",94.3,98.1,82.6,15.6,33.2,51709098.0,35.907757,127.766922,"Biotech, Celltrion Inc.",2
455,5600,Automotive,Wu Jianshu,59.0,China,Ningbo,Auto parts,Automotive,Hong Kong,,True,D,M,1/1/1964 0:00,Wu,Jianshu,Founder & Entrepreneur,4/4/2023 5:01,,,1964.0,1.0,1.0,125.08,2.9,"$19,910,000,000,000 ",50.6,100.2,77.0,9.4,59.2,1397715000.0,35.86166,104.195397,Auto parts,1
466,5500,Service,Micky Arison,73.0,United States,Bal Harbour,Carnival Cruises,Service,United States,Carnival Corp.,False,D,M,6/29/1949 0:00,Arison,Micky,Chairman and CEO,4/4/2023 5:01,Florida,South,1949.0,6.0,29.0,117.24,7.5,"$21,427,700,000,000 ",88.2,101.8,78.5,9.6,36.6,328239523.0,37.09024,-95.712891,"Carnival Corp., Carnival Cruises",2
466,5500,Media & Entertainment,James Chambers,65.0,United States,Palisades,"Media, automotive",Media & Entertainment,United States,,False,U,M,4/12/1957 0:00,Chambers,James,Heir & Major Shareholder & Media,4/4/2023 5:01,New York,Northeast,1957.0,4.0,12.0,117.24,7.5,"$21,427,700,000,000 ",88.2,101.8,78.5,9.6,36.6,328239523.0,37.09024,-95.712891,"Media, automotive",2
466,5500,Technology,Pierre Chen,66.0,Taiwan,Taipei,Electronics,Technology,Taiwan,,True,U,M,9/28/1956 0:00,Chen,Pierre,Founder & Entrepreneur,4/4/2023 5:01,,,1956.0,9.0,28.0,,,,,,,,,,,,Electronics,1
466,5500,Technology,John Collison,32.0,United States,San Francisco,Payments software,Technology,Ireland,Stripe,True,D,M,8/6/1990 0:00,Collison,John,Founder & Lead Investor,4/4/2023 5:01,California,West,1990.0,8.0,6.0,117.24,7.5,"$21,427,700,000,000 ",88.2,101.8,78.5,9.6,36.6,328239523.0,37.09024,-95.712891,"Payments software, Stripe",2
466,5500,Technology,Patrick Collison,34.0,United States,San Francisco,Payment software,Technology,Ireland,Stripe,True,D,M,9/9/1988 0:00,Collison,Patrick,Founder & Lead Investor,4/4/2023 5:01,California,West,1988.0,9.0,9.0,117.24,7.5,"$21,427,700,000,000 ",88.2,101.8,78.5,9.6,36.6,328239523.0,37.09024,-95.712891,"Payment software, Stripe",2
466,5500,Manufacturing,Archie Aldis Emmerson & family,93.0,United States,Redding,"Timberland, lumber mills",Manufacturing,United States,,True,U,M,4/10/1929 0:00,Emmerson,Archie Aldis,Controlling Shareholder & Timberland & (Family Estate),4/4/2023 5:01,California,West,1929.0,4.0,10.0,117.24,7.5,"$21,427,700,000,000 ",88.2,101.8,78.5,9.6,36.6,328239523.0,37.09024,-95.712891,"Timberland, lumber mills",2
466,5500,Automotive,Piero Ferrari,77.0,Italy,Modena,Automobiles,Automotive,Italy,,False,U,M,5/22/1945 0:00,Ferrari,Piero,Heir & Major Shareholder,4/4/2023 5:01,,,1945.0,5.0,22.0,110.62,0.6,"$2,001,244,392,042 ",61.9,101.9,82.9,24.3,59.1,60297396.0,41.87194,12.56738,Automobiles,1
466,5500,Automotive,Dan Friedkin,58.0,United States,Houston,Toyota dealerships,Automotive,United States,Gulf States Toyota,False,U,M,2/27/1965 0:00,Friedkin,Dan,Heir & Major Shareholder,4/4/2023 5:01,Texas,South,1965.0,2.0,27.0,117.24,7.5,"$21,427,700,000,000 ",88.2,101.8,78.5,9.6,36.6,328239523.0,37.09024,-95.712891,"Gulf States Toyota, Toyota dealerships",2
466,5500,Diversified,James Irving,95.0,Canada,Saint John,Diversified,Diversified,Canada,,False,U,M,3/20/1928 0:00,Irving,James,Heir & Major Shareholder,4/4/2023 5:01,,,1928.0,3.0,20.0,116.76,1.9,"$1,736,425,629,520 ",68.9,100.9,81.9,12.8,24.5,36991981.0,56.130366,-106.346771,Diversified,10
466,5500,Manufacturing,Jiang Weiping & family,68.0,China,Chengdu,Chemicals,Manufacturing,China,,True,D,M,3/1/1955 0:00,Jiang,Weiping,Controlling Shareholder & (Family Estate),4/4/2023 5:01,,,1955.0,3.0,1.0,125.08,2.9,"$19,910,000,000,000 ",50.6,100.2,77.0,9.4,59.2,1397715000.0,35.86166,104.195397,Chemicals,1
466,5500,Healthcare,Wolfgang Marguerre & family,81.0,Germany,Heidelberg,Pharmaceuticals,Healthcare,Germany,,True,U,M,6/4/1941 0:00,Marguerre,Wolfgang,Controlling Shareholder & (Family Estate),4/4/2023 5:01,,,1941.0,6.0,4.0,112.85,1.4,"$3,845,630,030,824 ",70.2,104.0,80.9,11.5,48.8,83132799.0,51.165691,10.451526,Pharmaceuticals,1
466,5500,Finance & Investments,Ludwig Merckle,58.0,Germany,Ulm,Pharmaceuticals,Finance & Investments,Germany,,False,D,M,1/1/1965 0:00,Merckle,Ludwig,Heir & Major Shareholder,4/4/2023 5:01,,,1965.0,1.0,1.0,112.85,1.4,"$3,845,630,030,824 ",70.2,104.0,80.9,11.5,48.8,83132799.0,51.165691,10.451526,Pharmaceuticals,1
466,5500,Manufacturing,Mitchell Rales,66.0,United States,Potomac,"Manufacturing, investments",Manufacturing,United States,,True,D,M,8/21/1956 0:00,Rales,Mitchell,Founder & Entrepreneur & Manufacturing,4/4/2023 5:01,Maryland,South,1956.0,8.0,21.0,117.24,7.5,"$21,427,700,000,000 ",88.2,101.8,78.5,9.6,36.6,328239523.0,37.09024,-95.712891,"Manufacturing, investments",2
466,5500,Media & Entertainment,Katharine Rayner,78.0,United States,East Hampton,"Media, automotive",Media & Entertainment,United States,,False,U,F,1/12/1945 0:00,Rayner,Katharine,Heir & Major Shareholder & Media,4/4/2023 5:01,New York,Northeast,1945.0,1.0,12.0,117.24,7.5,"$21,427,700,000,000 ",88.2,101.8,78.5,9.6,36.6,328239523.0,37.09024,-95.712891,"Media, automotive",2
466,5500,Finance & Investments,Jean Salata,57.0,Hong Kong,Hong Kong,Finance,Finance & Investments,Chile,,True,U,M,12/1/1965 0:00,Salata,Jean,Founder & Entrepreneur,4/4/2023 5:01,,,1965.0,12.0,1.0,,,,,,,,,,,,Finance,1
466,5500,Finance & Investments,Paul Singer,78.0,United States,New York,Hedge funds,Finance & Investments,United States,Elliott Management,True,U,M,8/22/1944 0:00,Singer,Paul,Founder & Lead Investor,4/4/2023 5:01,New York,Northeast,1944.0,8.0,22.0,117.24,7.5,"$21,427,700,000,000 ",88.2,101.8,78.5,9.6,36.6,328239523.0,37.09024,-95.712891,"Elliott Management, Hedge funds",2
466,5500,Healthcare,Sergio Stevanato & family,80.0,Italy,Venice,Medical packaging,Healthcare,Italy,,True,U,M,3/20/1943 0:00,Stevanato,Sergio,Controlling Shareholder & (Family Estate),4/4/2023 5:01,,,1943.0,3.0,20.0,110.62,0.6,"$2,001,244,392,042 ",61.9,101.9,82.9,24.3,59.1,60297396.0,41.87194,12.56738,Medical packaging,1
466,5500,Media & Entertainment,Margaretta Taylor,80.0,United States,Southampton,"Media, automotive",Media & Entertainment,United States,,False,U,F,4/15/1942 0:00,Taylor,Margaretta,Heir & Major Shareholder & Media,4/4/2023 5:01,New York,Northeast,1942.0,4.0,15.0,117.24,7.5,"$21,427,700,000,000 ",88.2,101.8,78.5,9.6,36.6,328239523.0,37.09024,-95.712891,"Media, automotive",2
466,5500,Technology,Richard White,68.0,Australia,Sydney,Software,Technology,Australia,,True,U,M,4/1/1955 0:00,White,Richard,Founder & Entrepreneur,4/4/2023 5:01,,,1955.0,4.0,1.0,119.8,1.6,"$1,392,680,589,329 ",113.1,100.3,82.7,23.0,47.4,25766605.0,-25.274398,133.775136,Software,1
466,5500,Diversified,Zhao Yan,56.0,China,Beijing,Biotech,Diversified,China,,True,D,F,1/1/1967 0:00,Zhao,Yan,Founder & Entrepreneur,4/4/2023 5:01,,,1967.0,1.0,1.0,125.08,2.9,"$19,910,000,000,000 ",50.6,100.2,77.0,9.4,59.2,1397715000.0,35.86166,104.195397,Biotech,1
486,5400,Fashion & Retail,Patrizio Bertelli,77.0,Italy,Milan,Luxury goods,Fashion & Retail,Italy,,True,U,M,1/1/1946 0:00,Bertelli,Patrizio,Founder & Entrepreneur,4/4/2023 5:01,,,1946.0,1.0,1.0,110.62,0.6,"$2,001,244,392,042 ",61.9,101.9,82.9,24.3,59.1,60297396.0,41.87194,12.56738,Luxury goods,1
486,5400,Manufacturing,Mahendra Choksi & family,81.0,India,Mumbai,Paints,Manufacturing,India,,False,D,M,4/19/1941 0:00,Choksi,Mahendra,Controlling Shareholder & (Family Estate),4/4/2023 5:01,,,1941.0,4.0,19.0,180.44,7.7,"$2,611,000,000,000 ",28.1,113.0,69.4,11.2,49.7,1366417754.0,20.593684,78.96288,Paints,1
486,5400,Finance & Investments,Mat Ishbia,43.0,United States,Bloomfield Hills,Mortgage lender,Finance & Investments,United States,,False,U,M,1/6/1980 0:00,Ishbia,Mat,Heir & Major Shareholder,4/4/2023 5:01,Michigan,Midwest,1980.0,1.0,6.0,117.24,7.5,"$21,427,700,000,000 ",88.2,101.8,78.5,9.6,36.6,328239523.0,37.09024,-95.712891,Mortgage lender,1
486,5400,Technology,Leo Koguan,68.0,Singapore,Singapore,IT provider,Technology,United States,,True,D,M,2/15/1955 0:00,Koguan,Leo,Founder & Entrepreneur & IT,4/4/2023 5:01,,,1955.0,2.0,15.0,114.41,0.6,"$372,062,527,489 ",84.8,100.6,83.1,13.1,21.0,5703569.0,1.352083,103.819836,IT provider,1
486,5400,Diversified,Miao Hangen,58.0,China,Suzhou,"Textiles, petrochemicals",Diversified,China,,True,D,M,1/1/1965 0:00,Miao,Hangen,Founder & Entrepreneur & Textiles,4/4/2023 5:01,,,1965.0,1.0,1.0,125.08,2.9,"$19,910,000,000,000 ",50.6,100.2,77.0,9.4,59.2,1397715000.0,35.86166,104.195397,"Textiles, petrochemicals",2
486,5400,Manufacturing,Michael Pieper,77.0,Switzerland,Lucerne,Kitchen appliances,Manufacturing,Switzerland,Artemis Real Estate Partners,True,U,M,2/5/1946 0:00,Pieper,Michael,CEO,4/4/2023 5:01,,,1946.0,2.0,5.0,99.55,0.4,"$703,082,435,360 ",59.6,105.2,83.6,10.1,28.8,8574832.0,46.818188,8.227512,"Artemis Real Estate Partners, Kitchen appliances",2
486,5400,Fashion & Retail,Miuccia Prada,73.0,Italy,Milan,Luxury goods,Fashion & Retail,Italy,Prada,False,U,F,5/10/1949 0:00,Prada,Miuccia,CEO & Fashion Designer,4/4/2023 5:01,,,1949.0,5.0,10.0,110.62,0.6,"$2,001,244,392,042 ",61.9,101.9,82.9,24.3,59.1,60297396.0,41.87194,12.56738,"Luxury goods, Prada",2
486,5400,Fashion & Retail,Wolfgang Reimann,70.0,Germany,Passau,Consumer goods,Fashion & Retail,Germany,,False,D,M,10/4/1952 0:00,Reimann,Wolfgang,Heir & Major Shareholder,4/4/2023 5:01,,,1952.0,10.0,4.0,112.85,1.4,"$3,845,630,030,824 ",70.2,104.0,80.9,11.5,48.8,83132799.0,51.165691,10.451526,Consumer goods,1
486,5400,Fashion & Retail,Matthias Reimann-Andersen,58.0,Germany,Munich,Consumer goods,Fashion & Retail,Germany,,False,D,M,3/30/1965 0:00,Reimann-Andersen,Matthias,Heir & Major Shareholder,4/4/2023 5:01,,,1965.0,3.0,30.0,112.85,1.4,"$3,845,630,030,824 ",70.2,104.0,80.9,11.5,48.8,83132799.0,51.165691,10.451526,Consumer goods,1
486,5400,Fashion & Retail,Stefan Reimann-Andersen,59.0,Austria,Vienna,Consumer goods,Fashion & Retail,Germany,,False,D,M,7/13/1963 0:00,Reimann-Andersen,Stefan,Heir & Major Shareholder,4/4/2023 5:01,,,1963.0,7.0,13.0,118.06,1.5,"$446,314,739,528 ",85.1,103.1,81.6,25.4,51.4,8877067.0,47.516231,14.550072,Consumer goods,1
486,5400,Fashion & Retail,Renate Reimann-Haas,71.0,Austria,Vienna,Consumer goods,Fashion & Retail,Germany,,False,D,F,10/8/1951 0:00,Reimann-Haas,Renate,Heir & Major Shareholder,4/4/2023 5:01,,,1951.0,10.0,8.0,118.06,1.5,"$446,314,739,528 ",85.1,103.1,81.6,25.4,51.4,8877067.0,47.516231,14.550072,Consumer goods,1
497,5300,Finance & Investments,Todd Boehly,49.0,United States,Darien,Finance,Finance & Investments,United States,,True,U,M,9/20/1973 0:00,Boehly,Todd,Founder & Entrepreneur,4/4/2023 5:01,Connecticut,Northeast,1973.0,9.0,20.0,117.24,7.5,"$21,427,700,000,000 ",88.2,101.8,78.5,9.6,36.6,328239523.0,37.09024,-95.712891,Finance,1
497,5300,Real Estate,Rick Caruso,64.0,United States,Los Angeles,Real estate,Real Estate,United States,,True,U,M,1/7/1959 0:00,Caruso,Rick,Founder & Entrepreneur,4/4/2023 5:01,California,West,1959.0,1.0,7.0,117.24,7.5,"$21,427,700,000,000 ",88.2,101.8,78.5,9.6,36.6,328239523.0,37.09024,-95.712891,Real estate,1
497,5300,Manufacturing,Ibrahim Erdemoglu,60.0,Turkey,Istanbul,Carpet,Manufacturing,Turkey,,True,U,M,9/26/1962 0:00,Erdemoglu,Ibrahim,Founder & Entrepreneur,4/4/2023 5:01,,,1962.0,9.0,26.0,234.44,15.2,"$754,411,708,203 ",23.9,93.2,77.4,17.9,42.3,83429615.0,38.963745,35.243322,Carpet,1
497,5300,Finance & Investments,Elizabeth Johnson,59.0,United States,Boston,Fidelity,Finance & Investments,United States,,False,U,F,5/7/1963 0:00,Johnson,Elizabeth,Heir & Major Shareholder,4/4/2023 5:01,Massachusetts,Northeast,1963.0,5.0,7.0,117.24,7.5,"$21,427,700,000,000 ",88.2,101.8,78.5,9.6,36.6,328239523.0,37.09024,-95.712891,Fidelity,1
497,5300,Finance & Investments,Douglas Leone,65.0,United States,Atherton,Venture capital,Finance & Investments,United States,Sequoia,True,D,M,7/4/1957 0:00,Leone,Douglas,Founder & Lead Investor,4/4/2023 5:01,California,West,1957.0,7.0,4.0,117.24,7.5,"$21,427,700,000,000 ",88.2,101.8,78.5,9.6,36.6,328239523.0,37.09024,-95.712891,"Sequoia, Venture capital",2
497,5300,Diversified,Prajogo Pangestu,78.0,Indonesia,Jakarta,Petrochemicals,Diversified,Indonesia,,False,D,M,5/13/1944 0:00,Pangestu,Prajogo,Heir & Major Shareholder,4/4/2023 5:01,,,1944.0,5.0,13.0,151.18,3.0,"$1,119,190,780,753 ",36.3,106.4,71.5,10.2,30.1,270203917.0,-0.789275,113.921327,Petrochemicals,1
497,5300,Finance & Investments,Thomas Pritzker,72.0,United States,Chicago,"Hotels, investments",Finance & Investments,United States,Hyatt Hotels,False,U,M,6/6/1950 0:00,Pritzker,Thomas,Executive Chairman,4/4/2023 5:01,Illinois,Midwest,1950.0,6.0,6.0,117.24,7.5,"$21,427,700,000,000 ",88.2,101.8,78.5,9.6,36.6,328239523.0,37.09024,-95.712891,"Hotels, Hyatt Hotels, investments",3
497,5300,Food & Beverage,Lynda Resnick,80.0,United States,Beverly Hills,Agriculture,Food & Beverage,United States,,True,Split Family Fortune,F,1/2/1943 0:00,Resnick,Lynda,Founder & Entrepreneur,4/4/2023 5:01,California,West,1943.0,1.0,2.0,117.24,7.5,"$21,427,700,000,000 ",88.2,101.8,78.5,9.6,36.6,328239523.0,37.09024,-95.712891,Agriculture,1
497,5300,Food & Beverage,Stewart Resnick,86.0,United States,Beverly Hills,Agriculture,Food & Beverage,United States,,True,Split Family Fortune,M,12/24/1936 0:00,Resnick,Stewart,Founder & Entrepreneur,4/4/2023 5:01,California,West,1936.0,12.0,24.0,117.24,7.5,"$21,427,700,000,000 ",88.2,101.8,78.5,9.6,36.6,328239523.0,37.09024,-95.712891,Agriculture,1
497,5300,Service,Gary Rollins,78.0,United States,Atlanta,Pest control,Service,United States,,False,E,M,8/30/1944 0:00,Rollins,Gary,Heir & Major Shareholder,4/4/2023 5:01,Georgia,South,1944.0,8.0,30.0,117.24,7.5,"$21,427,700,000,000 ",88.2,101.8,78.5,9.6,36.6,328239523.0,37.09024,-95.712891,Pest control,1
497,5300,Finance & Investments,Mark Walter,62.0,United States,Chicago,"Finance, asset management",Finance & Investments,United States,Guggenheim Partners LLC,True,U,M,5/22/1960 0:00,Walter,Mark,CEO & Finance,4/4/2023 5:01,Illinois,Midwest,1960.0,5.0,22.0,117.24,7.5,"$21,427,700,000,000 ",88.2,101.8,78.5,9.6,36.6,328239523.0,37.09024,-95.712891,"Finance, Guggenheim Partners LLC, asset management",3
497,5300,Manufacturing,Ronald Wanek,81.0,United States,Saint Petersburg,Furniture,Manufacturing,United States,,True,D,M,5/19/1941 0:00,Wanek,Ronald,Founder & Entrepreneur,4/4/2023 5:01,Florida,South,1941.0,5.0,19.0,117.24,7.5,"$21,427,700,000,000 ",88.2,101.8,78.5,9.6,36.6,328239523.0,37.09024,-95.712891,Furniture,1
497,5300,Food & Beverage,Erich Wesjohann & family,77.0,Germany,Visbek,Poultry genetics,Food & Beverage,Germany,,True,D,M,6/2/1945 0:00,Wesjohann,Erich,Controlling Shareholder & (Family Estate),4/4/2023 5:01,,,1945.0,6.0,2.0,112.85,1.4,"$3,845,630,030,824 ",70.2,104.0,80.9,11.5,48.8,83132799.0,51.165691,10.451526,Poultry genetics,1
497,5300,Fashion & Retail,M.A. Yusuff Ali,67.0,United Arab Emirates,Abu Dhabi,Retail,Fashion & Retail,India,,True,D,M,11/15/1955 0:00,Yusuff Ali,M.A.,Founder & Entrepreneur,4/4/2023 5:01,,,1955.0,11.0,15.0,114.52,-1.9,"$421,142,267,938 ",36.8,108.4,77.8,0.1,15.9,9770529.0,23.424076,53.847818,Retail,1
511,5200,Finance & Investments,Alexandre Behring,56.0,United States,Greenwich,Investments,Finance & Investments,Brazil,,True,U,M,2/20/1967 0:00,Behring,Alexandre,Founder & Entrepreneur,4/4/2023 5:01,Connecticut,Northeast,1967.0,2.0,20.0,117.24,7.5,"$21,427,700,000,000 ",88.2,101.8,78.5,9.6,36.6,328239523.0,37.09024,-95.712891,Investments,1
511,5200,Food & Beverage,Cheng Xue,53.0,China,Foshan,Soy sauce,Food & Beverage,China,,True,D,F,2/26/1970 0:00,Cheng,Xue,Founder & Entrepreneur & Soy,4/4/2023 5:01,,,1970.0,2.0,26.0,125.08,2.9,"$19,910,000,000,000 ",50.6,100.2,77.0,9.4,59.2,1397715000.0,35.86166,104.195397,Soy sauce,1
511,5200,Real Estate,Robert Faith,59.0,United States,Charleston,Real estate management,Real Estate,United States,,True,N,M,10/3/1963 0:00,Faith,Robert,Founder & Entrepreneur,4/4/2023 5:01,South Carolina,South,1963.0,10.0,3.0,117.24,7.5,"$21,427,700,000,000 ",88.2,101.8,78.5,9.6,36.6,328239523.0,37.09024,-95.712891,Real estate management,1
511,5200,Fashion & Retail,Gao Dekang & family,71.0,China,Changshu,Apparel,Fashion & Retail,China,,True,U,M,2/1/1952 0:00,Gao,Dekang,Controlling Shareholder & (Family Estate),4/4/2023 5:01,,,1952.0,2.0,1.0,125.08,2.9,"$19,910,000,000,000 ",50.6,100.2,77.0,9.4,59.2,1397715000.0,35.86166,104.195397,Apparel,1
511,5200,Fashion & Retail,Micky Jagtiani,71.0,United Arab Emirates,Dubai,Retail,Fashion & Retail,India,,False,U,M,9/28/1951 0:00,Jagtiani,Micky,Heir & Major Shareholder,4/4/2023 5:01,,,1951.0,9.0,28.0,114.52,-1.9,"$421,142,267,938 ",36.8,108.4,77.8,0.1,15.9,9770529.0,23.424076,53.847818,Retail,1
511,5200,Telecom,Ananda Krishnan,85.0,Malaysia,Kuala Lumpur,"Telecoms, media, oil-services",Telecom,Malaysia,,True,D,M,4/1/1938 0:00,Krishnan,Ananda,Founder & Entrepreneur & Telecoms & media,4/4/2023 5:01,,,1938.0,4.0,1.0,121.46,0.7,"$364,701,517,788 ",45.1,105.3,76.0,12.0,38.7,32447385.0,4.210484,101.975766,"Telecoms, media, oil-services",3
511,5200,Technology,Barry Lam,73.0,Taiwan,Taipei,Electronics,Technology,Taiwan,,True,D,M,4/24/1949 0:00,Lam,Barry,Founder & Entrepreneur,4/4/2023 5:01,,,1949.0,4.0,24.0,,,,,,,,,,,,Electronics,1
511,5200,Food & Beverage,"Robert Rich, Jr.",82.0,United States,Islamorada,Frozen foods,Food & Beverage,United States,,False,U,M,1/25/1941 0:00,Rich,Robert,Heir & Major Shareholder,4/4/2023 5:01,Florida,South,1941.0,1.0,25.0,117.24,7.5,"$21,427,700,000,000 ",88.2,101.8,78.5,9.6,36.6,328239523.0,37.09024,-95.712891,Frozen foods,1
511,5200,Gambling & Casinos,Mark Scheinberg,49.0,United Kingdom,Isle of Man,Online gambling,Gambling & Casinos,Canada,,True,D,M,12/27/1973 0:00,Scheinberg,Mark,Founder & Entrepreneur,4/4/2023 5:01,,,1973.0,12.0,27.0,119.62,1.7,"$2,827,113,184,696 ",60.0,101.2,81.3,25.5,30.6,66834405.0,55.378051,-3.435973,Online gambling,1
511,5200,Technology,Charles Simonyi,74.0,United States,Medina,Microsoft,Technology,United States,,True,D,M,9/10/1948 0:00,Simonyi,Charles,Founder & Entrepreneur,4/4/2023 5:01,Washington,West,1948.0,9.0,10.0,117.24,7.5,"$21,427,700,000,000 ",88.2,101.8,78.5,9.6,36.6,328239523.0,37.09024,-95.712891,Microsoft,1
511,5200,Real Estate,Ty Warner,78.0,United States,Oak Brook,"Plush toys, real estate",Real Estate,United States,,True,U,M,9/3/1944 0:00,Warner,Ty,Founder & Entrepreneur & toys,4/4/2023 5:01,Illinois,Midwest,1944.0,9.0,3.0,117.24,7.5,"$21,427,700,000,000 ",88.2,101.8,78.5,9.6,36.6,328239523.0,37.09024,-95.712891,"Plush toys, real estate",2
511,5200,Real Estate,Sam Zell,81.0,United States,Chicago,"Real estate, private equity",Real Estate,United States,,True,D,M,9/28/1941 0:00,Zell,Sam,Founder & Entrepreneur & estate,4/4/2023 5:01,Illinois,,1941.0,9.0,28.0,117.24,7.5,"$21,427,700,000,000 ",88.2,101.8,78.5,9.6,36.6,328239523.0,37.09024,-95.712891,"Real estate, private equity",2
523,5100,Manufacturing,Fang Wei,49.0,China,Beijing,Steel,Manufacturing,China,,True,U,M,9/4/1973 0:00,Fang,Wei,Founder & Entrepreneur,4/4/2023 5:01,,,1973.0,9.0,4.0,125.08,2.9,"$19,910,000,000,000 ",50.6,100.2,77.0,9.4,59.2,1397715000.0,35.86166,104.195397,Steel,1
523,5100,Finance & Investments,Rekha Jhunjhunwala,59.0,India,Mumbai,Investments,Finance & Investments,India,,False,N,F,9/12/1963 0:00,Jhunjhunwala,Rekha,Heir & Major Shareholder,4/4/2023 5:01,,,1963.0,9.0,12.0,180.44,7.7,"$2,611,000,000,000 ",28.1,113.0,69.4,11.2,49.7,1366417754.0,20.593684,78.96288,Investments,1
523,5100,Finance & Investments,Charles B. Johnson,90.0,United States,Palm Beach,Franklin Templeton,Finance & Investments,United States,Franklin Resources Inc.,False,E,M,1/6/1933 0:00,Johnson,Charles B.,Former Chairman and CEO,4/4/2023 5:01,Florida,South,1933.0,1.0,6.0,117.24,7.5,"$21,427,700,000,000 ",88.2,101.8,78.5,9.6,36.6,328239523.0,37.09024,-95.712891,"Franklin Resources Inc., Franklin Templeton",2
523,5100,Media & Entertainment,Kwon Hyuk-bin,49.0,South Korea,Seoul,Online games,Media & Entertainment,South Korea,Smilegate Holdings,True,D,M,1/1/1974 0:00,Kwon,Hyuk-bin,Founder & Entrepreneur,4/4/2023 5:01,,,1974.0,1.0,1.0,115.16,0.4,"$2,029,000,000,000 ",94.3,98.1,82.6,15.6,33.2,51709098.0,35.907757,127.766922,"Online games, Smilegate Holdings",2
523,5100,Finance & Investments,Sami Mnaymneh,61.0,United States,Miami Beach,Private equity,Finance & Investments,United States,,True,U,M,7/13/1961 0:00,Mnaymneh,Sami,Founder & Entrepreneur,4/4/2023 5:01,Florida,South,1961.0,7.0,13.0,117.24,7.5,"$21,427,700,000,000 ",88.2,101.8,78.5,9.6,36.6,328239523.0,37.09024,-95.712891,Private equity,1
523,5100,Logistics,Kjell Inge Rokke,64.0,Norway,Vettre,"Shipping, seafood",Logistics,Norway,,True,D,M,10/25/1958 0:00,Rokke,Kjell Inge,Founder & Entrepreneur & Shipping,4/4/2023 5:01,,,1958.0,10.0,25.0,120.27,2.2,"$403,336,363,636 ",82.0,100.3,82.8,23.9,36.2,5347896.0,60.472024,8.468946,"Shipping, seafood",2
523,5100,Finance & Investments,Tony Tamer,65.0,United States,New York,Private equity,Finance & Investments,United States,,True,U,M,10/12/1957 0:00,Tamer,Tony,Founder & Entrepreneur,4/4/2023 5:01,New York,Northeast,1957.0,10.0,12.0,117.24,7.5,"$21,427,700,000,000 ",88.2,101.8,78.5,9.6,36.6,328239523.0,37.09024,-95.712891,Private equity,1
523,5100,Healthcare,Tse Ping & family,71.0,Hong Kong,Hong Kong,Pharmaceuticals,Healthcare,China,,True,D,M,1/3/1952 0:00,Tse,Ping,Controlling Shareholder & (Family Estate),4/4/2023 5:01,,,1952.0,1.0,3.0,,,,,,,,,,,,Pharmaceuticals,1
523,5100,Technology,Romesh T. Wadhwani,75.0,United States,Palo Alto,Software,Technology,United States,Symphony Technology Group,True,U,M,8/25/1947 0:00,Wadhwani,Romesh T.,Founder and Chairman,4/4/2023 5:01,California,West,1947.0,8.0,25.0,117.24,7.5,"$21,427,700,000,000 ",88.2,101.8,78.5,9.6,36.6,328239523.0,37.09024,-95.712891,"Software, Symphony Technology Group",2
523,5100,Healthcare,Hansjoerg Wyss,88.0,United States,Wilson,Medical devices,Healthcare,Switzerland,,True,U,M,1/1/1935 0:00,Wyss,Hansjoerg,Founder & Entrepreneur,4/4/2023 5:01,Wyoming,South,1935.0,1.0,1.0,117.24,7.5,"$21,427,700,000,000 ",88.2,101.8,78.5,9.6,36.6,328239523.0,37.09024,-95.712891,Medical devices,1
523,5100,Sports,Denise York & family,72.0,United States,Youngstown,San Francisco 49ers,Sports,United States,San Francisco 49ers,False,U,F,10/21/1950 0:00,York,Denise,Co-Chairman,4/4/2023 5:01,Ohio,Midwest,1950.0,10.0,21.0,117.24,7.5,"$21,427,700,000,000 ",88.2,101.8,78.5,9.6,36.6,328239523.0,37.09024,-95.712891,San Francisco 49ers,1
534,5000,Finance & Investments,Ron Baron,79.0,United States,New York,Money management,Finance & Investments,United States,,True,U,M,5/23/1943 0:00,Baron,Ron,Founder & Entrepreneur,4/4/2023 5:01,New York,Northeast,1943.0,5.0,23.0,117.24,7.5,"$21,427,700,000,000 ",88.2,101.8,78.5,9.6,36.6,328239523.0,37.09024,-95.712891,Money management,1
534,5000,Energy,Robert Bass,75.0,United States,Fort Worth,"Oil, investments",Energy,United States,,False,D,M,3/19/1948 0:00,Bass,Robert,Heir & Major Shareholder & Oil,4/4/2023 5:01,Texas,South,1948.0,3.0,19.0,117.24,7.5,"$21,427,700,000,000 ",88.2,101.8,78.5,9.6,36.6,328239523.0,37.09024,-95.712891,"Oil, investments",2
534,5000,Healthcare,Dona Bertarelli,55.0,Switzerland,Gstaad,Biotech and investments,Healthcare,Switzerland,,False,U,F,1/1/1968 0:00,Bertarelli,Dona,Heir & Major Shareholder & and,4/4/2023 5:01,,,1968.0,1.0,1.0,99.55,0.4,"$703,082,435,360 ",59.6,105.2,83.6,10.1,28.8,8574832.0,46.818188,8.227512,Biotech and investments,1
534,5000,Finance & Investments,Alexander Gerko,43.0,United Kingdom,London,Trading,Finance & Investments,United Kingdom,,True,N,M,12/3/1979 0:00,Gerko,Alexander,Founder & Entrepreneur,4/4/2023 5:01,,,1979.0,12.0,3.0,119.62,1.7,"$2,827,113,184,696 ",60.0,101.2,81.3,25.5,30.6,66834405.0,55.378051,-3.435973,Trading,1
534,5000,Technology,Martin Haefner,69.0,Switzerland,Zurich,"Software, investments",Technology,Switzerland,,False,U,M,1/1/1954 0:00,Haefner,Martin,Heir & Major Shareholder & Software,4/4/2023 5:01,,,1954.0,1.0,1.0,99.55,0.4,"$703,082,435,360 ",59.6,105.2,83.6,10.1,28.8,8574832.0,46.818188,8.227512,"Software, investments",2
534,5000,Telecom,"Robert Hale, Jr.",56.0,United States,Boston,Telecom,Telecom,United States,,True,U,M,7/8/1966 0:00,Hale,Robert,Founder & Entrepreneur,4/4/2023 5:01,Massachusetts,Northeast,1966.0,7.0,8.0,117.24,7.5,"$21,427,700,000,000 ",88.2,101.8,78.5,9.6,36.6,328239523.0,37.09024,-95.712891,Telecom,1
534,5000,Healthcare,Viktor Kharitonin,50.0,Russia,Moscow,Pharmaceuticals,Healthcare,Russia,,True,U,M,11/20/1972 0:00,Kharitonin,Viktor,Founder & Entrepreneur,4/4/2023 5:01,,,1972.0,11.0,20.0,180.75,4.5,"$1,699,876,578,871 ",81.9,102.6,72.7,11.4,46.2,144373535.0,61.52401,105.318756,Pharmaceuticals,1
534,5000,Technology,Kim Beom-su,57.0,South Korea,Seoul,Online services,Technology,South Korea,,True,D,M,3/27/1966 0:00,Kim,Beom-su,Founder & Entrepreneur,4/4/2023 5:01,,,1966.0,3.0,27.0,115.16,0.4,"$2,029,000,000,000 ",94.3,98.1,82.6,15.6,33.2,51709098.0,35.907757,127.766922,Online services,1
534,5000,Fashion & Retail,Jane Lauder,50.0,United States,New York,Estée Lauder,Fashion & Retail,United States,,False,D,F,1/1/1973 0:00,Lauder,Jane,Heir & Major Shareholder,4/4/2023 5:01,New York,Northeast,1973.0,1.0,1.0,117.24,7.5,"$21,427,700,000,000 ",88.2,101.8,78.5,9.6,36.6,328239523.0,37.09024,-95.712891,Estée Lauder,1
534,5000,Fashion & Retail,Michel Leclercq & family,83.0,France,Lille,Sporting goods,Fashion & Retail,France,,False,U,M,5/27/1939 0:00,Leclercq,Michel,Controlling Shareholder & (Family Estate),4/4/2023 5:01,,,1939.0,5.0,27.0,110.05,1.1,"$2,715,518,274,227 ",65.6,102.5,82.5,24.2,60.7,67059887.0,46.227638,2.213749,Sporting goods,1
534,5000,Media & Entertainment,George Lucas,78.0,United States,San Anselmo,Star Wars,Media & Entertainment,United States,,True,D,M,5/14/1944 0:00,Lucas,George,Founder & Entrepreneur,4/4/2023 5:01,California,West,1944.0,5.0,14.0,117.24,7.5,"$21,427,700,000,000 ",88.2,101.8,78.5,9.6,36.6,328239523.0,37.09024,-95.712891,Star Wars,1
534,5000,Sports,Janice McNair,86.0,United States,Houston,"Energy, sports",Sports,United States,,False,U,F,9/30/1936 0:00,McNair,Janice,Heir & Major Shareholder & Energy,4/4/2023 5:01,Texas,South,1936.0,9.0,30.0,117.24,7.5,"$21,427,700,000,000 ",88.2,101.8,78.5,9.6,36.6,328239523.0,37.09024,-95.712891,"Energy, sports",2
534,5000,Healthcare,Ugur Sahin,57.0,Germany,Mainz,Biotechnology,Healthcare,Germany,,True,D,M,9/19/1965 0:00,Sahin,Ugur,Founder & Entrepreneur,4/4/2023 5:01,,,1965.0,9.0,19.0,112.85,1.4,"$3,845,630,030,824 ",70.2,104.0,80.9,11.5,48.8,83132799.0,51.165691,10.451526,Biotechnology,1
534,5000,Real Estate,Alexandra Schoerghuber & family,64.0,Germany,Munich,Real estate,Real Estate,Germany,,False,U,F,7/24/1958 0:00,Schoerghuber,Alexandra,Controlling Shareholder & (Family ),4/4/2023 5:01,,,1958.0,7.0,24.0,112.85,1.4,"$3,845,630,030,824 ",70.2,104.0,80.9,11.5,48.8,83132799.0,51.165691,10.451526,Real estate,1
534,5000,Healthcare,Thomas Straumann,59.0,Switzerland,Basel,Dental implants,Healthcare,Switzerland,,False,D,M,7/22/1963 0:00,Straumann,Thomas,Heir & Major Shareholder,4/4/2023 5:01,,,1963.0,7.0,22.0,99.55,0.4,"$703,082,435,360 ",59.6,105.2,83.6,10.1,28.8,8574832.0,46.818188,8.227512,Dental implants,1
534,5000,Food & Beverage,Murat Ulker,64.0,Turkey,Istanbul,Food,Food & Beverage,Turkey,,False,U,M,3/23/1959 0:00,Ulker,Murat,Heir & Major Shareholder,4/4/2023 5:01,,,1959.0,3.0,23.0,234.44,15.2,"$754,411,708,203 ",23.9,93.2,77.4,17.9,42.3,83429615.0,38.963745,35.243322,Food,1
534,5000,Fashion & Retail,Chip Wilson,66.0,Canada,Vancouver,Lululemon,Fashion & Retail,Canada,Lululemon,True,D,M,1/1/1957 0:00,Wilson,Chip,Chairman,4/4/2023 5:01,,,1957.0,1.0,1.0,116.76,1.9,"$1,736,425,629,520 ",68.9,100.9,81.9,12.8,24.5,36991981.0,56.130366,-106.346771,Lululemon,1
534,5000,Real Estate,Zhu Yan & family,,China,Beijing,Real estate,Real Estate,China,,False,U,F,,Zhu,Yan,Controlling Shareholder & (Family ),4/4/2023 5:01,,,,,,125.08,2.9,"$19,910,000,000,000 ",50.6,100.2,77.0,9.4,59.2,1397715000.0,35.86166,104.195397,Real estate,1
552,4900,Manufacturing,Jim Davis & family,79.0,United States,Newton,New Balance,Manufacturing,United States,New Balance,True,D,M,5/17/1943 0:00,Davis,Jim,Chairman & New,4/4/2023 5:01,Massachusetts,Northeast,1943.0,5.0,17.0,117.24,7.5,"$21,427,700,000,000 ",88.2,101.8,78.5,9.6,36.6,328239523.0,37.09024,-95.712891,New Balance,1
552,4900,Healthcare,Murali Divi & family,72.0,India,Hyderabad,Pharmaceuticals,Healthcare,India,,True,D,M,3/17/1951 0:00,Divi,Murali,Controlling Shareholder & (Family Estate),4/4/2023 5:01,,,1951.0,3.0,17.0,180.44,7.7,"$2,611,000,000,000 ",28.1,113.0,69.4,11.2,49.7,1366417754.0,20.593684,78.96288,Pharmaceuticals,1
552,4900,Technology,Dagmar Dolby & family,81.0,United States,San Francisco,Dolby Laboratories,Technology,United States,,False,U,F,6/28/1941 0:00,Dolby,Dagmar,Controlling Shareholder & (Family Estate),4/4/2023 5:01,California,West,1941.0,6.0,28.0,117.24,7.5,"$21,427,700,000,000 ",88.2,101.8,78.5,9.6,36.6,328239523.0,37.09024,-95.712891,Dolby Laboratories,1
552,4900,Technology,Marcos Galperin,,Argentina,Buenos Aires,E-commerce,Technology,Argentina,,True,U,M,,Galperin,Marcos,Founder & Entrepreneur,4/4/2023 5:01,,,,,,232.75,53.5,"$449,663,446,954 ",90.0,109.7,76.5,10.1,106.3,44938712.0,-38.416097,-63.616672,E-commerce,1
552,4900,Service,Tom Golisano,81.0,United States,Naples,Payroll services,Service,United States,,True,D,M,11/14/1941 0:00,Golisano,Tom,Founder & Entrepreneur,4/4/2023 5:01,Florida,South,1941.0,11.0,14.0,117.24,7.5,"$21,427,700,000,000 ",88.2,101.8,78.5,9.6,36.6,328239523.0,37.09024,-95.712891,Payroll services,1
552,4900,Finance & Investments,Jonathan Gray,53.0,United States,New York,Investments,Finance & Investments,United States,,True,D,M,2/4/1970 0:00,Gray,Jonathan,Founder & Entrepreneur,4/4/2023 5:01,New York,Northeast,1970.0,2.0,4.0,117.24,7.5,"$21,427,700,000,000 ",88.2,101.8,78.5,9.6,36.6,328239523.0,37.09024,-95.712891,Investments,1
552,4900,Finance & Investments,Bidzina Ivanishvili,67.0,Georgia,Tbilisi,Investments,Finance & Investments,Georgia,,True,U,M,2/18/1956 0:00,Ivanishvili,Bidzina,Founder & Entrepreneur,4/4/2023 5:01,,,1956.0,2.0,18.0,133.61,4.9,"$17,743,195,770 ",63.9,98.6,73.6,21.7,9.9,3720382.0,42.315407,43.356892,Investments,1
552,4900,Metals & Mining,Lim Hariyanto Wijaya Sarwono,94.0,Indonesia,Jakarta,"Palm oil, nickel mining",Metals & Mining,Indonesia,,True,U,M,11/1/1928 0:00,Lim,Hariyanto Wijaya Sarwono,Founder & Entrepreneur & oil,4/4/2023 5:01,,,1928.0,11.0,1.0,151.18,3.0,"$1,119,190,780,753 ",36.3,106.4,71.5,10.2,30.1,270203917.0,-0.789275,113.921327,"Palm oil, nickel mining",2
552,4900,Healthcare,Rudolf Maag,77.0,Switzerland,Binningen,Medical devices,Healthcare,Switzerland,,True,D,M,1/31/1946 0:00,Maag,Rudolf,Founder & Entrepreneur,4/4/2023 5:01,,,1946.0,1.0,31.0,99.55,0.4,"$703,082,435,360 ",59.6,105.2,83.6,10.1,28.8,8574832.0,46.818188,8.227512,Medical devices,1
552,4900,Food & Beverage,Emanuele (Lino) Saputo & family,86.0,Canada,Montreal,Cheese,Food & Beverage,Canada,Saputo,False,U,M,1/1/1937 0:00,Saputo,Emanuele (Lino),Chairman,4/4/2023 5:01,,,1937.0,1.0,1.0,116.76,1.9,"$1,736,425,629,520 ",68.9,100.9,81.9,12.8,24.5,36991981.0,56.130366,-106.346771,"Cheese, Saputo",2
552,4900,Automotive,Mark Shoen,72.0,United States,Phoenix,U-Haul,Automotive,United States,,False,U,M,11/20/1950 0:00,Shoen,Mark,Heir & Major Shareholder,4/4/2023 5:01,Arizona,West,1950.0,11.0,20.0,117.24,7.5,"$21,427,700,000,000 ",88.2,101.8,78.5,9.6,36.6,328239523.0,37.09024,-95.712891,U-Haul,1
552,4900,Sports,Dan Snyder,58.0,United States,Potomac,Washington Commanders,Sports,United States,,True,U,M,11/23/1964 0:00,Snyder,Dan,Founder & Entrepreneur,4/4/2023 5:01,Maryland,South,1964.0,11.0,23.0,117.24,7.5,"$21,427,700,000,000 ",88.2,101.8,78.5,9.6,36.6,328239523.0,37.09024,-95.712891,Washington Commanders,1
552,4900,Diversified,Chairul Tanjung,60.0,Indonesia,Jakarta,Diversified,Diversified,Indonesia,,True,D,M,6/18/1962 0:00,Tanjung,Chairul,Founder & Entrepreneur,4/4/2023 5:01,,,1962.0,6.0,18.0,151.18,3.0,"$1,119,190,780,753 ",36.3,106.4,71.5,10.2,30.1,270203917.0,-0.789275,113.921327,Diversified,10
552,4900,Energy,Kelcy Warren,67.0,United States,Dallas,Pipelines,Energy,United States,,True,U,M,11/9/1955 0:00,Warren,Kelcy,Founder & Entrepreneur,4/4/2023 5:01,Texas,South,1955.0,11.0,9.0,117.24,7.5,"$21,427,700,000,000 ",88.2,101.8,78.5,9.6,36.6,328239523.0,37.09024,-95.712891,Pipelines,1
552,4900,Fashion & Retail,Zhang Tao,50.0,China,Beijing,E-commerce,Fashion & Retail,China,,True,D,M,11/1/1972 0:00,Zhang,Tao,Founder & Entrepreneur,4/4/2023 5:01,,,1972.0,11.0,1.0,125.08,2.9,"$19,910,000,000,000 ",50.6,100.2,77.0,9.4,59.2,1397715000.0,35.86166,104.195397,E-commerce,1
567,4800,Fashion & Retail,Michael Ashley,58.0,United Kingdom,Hertfordshire,Sports retailing,Fashion & Retail,United Kingdom,,True,U,M,9/12/1964 0:00,Ashley,Michael,Founder & Entrepreneur,4/4/2023 5:01,,,1964.0,9.0,12.0,119.62,1.7,"$2,827,113,184,696 ",60.0,101.2,81.3,25.5,30.6,66834405.0,55.378051,-3.435973,Sports retailing,1
567,4800,Fashion & Retail,Tomasz Biernacki,50.0,Poland,"Krotoszyn,",Supermarkets,Fashion & Retail,Poland,,True,U,M,1/1/1973 0:00,Biernacki,Tomasz,Founder & Entrepreneur,4/4/2023 5:01,,,1973.0,1.0,1.0,114.11,2.2,"$592,164,400,688 ",67.8,100.0,77.6,17.4,40.8,37970874.0,51.919438,19.145136,Supermarkets,1
567,4800,Healthcare,Bernard Broermann,79.0,Germany,Koenigstein,Hospitals,Healthcare,Germany,,True,U,M,11/22/1943 0:00,Broermann,Bernard,Founder & Entrepreneur,4/4/2023 5:01,,,1943.0,11.0,22.0,112.85,1.4,"$3,845,630,030,824 ",70.2,104.0,80.9,11.5,48.8,83132799.0,51.165691,10.451526,Hospitals,1
567,4800,Fashion & Retail,Jimmy Haslam,69.0,United States,Knoxville,"Gas stations, retail",Fashion & Retail,United States,Pilot Flying J,False,U,M,3/9/1954 0:00,Haslam,Jimmy,CEO & Gas stations,4/4/2023 5:01,Tennessee,South,1954.0,3.0,9.0,117.24,7.5,"$21,427,700,000,000 ",88.2,101.8,78.5,9.6,36.6,328239523.0,37.09024,-95.712891,"Gas stations, Pilot Flying J, retail",3
567,4800,Manufacturing,H. Fisk Johnson,64.0,United States,Racine,Cleaning products,Manufacturing,United States,,False,U,M,5/19/1958 0:00,Johnson,H. Fisk,Heir & Major Shareholder,4/4/2023 5:01,Wisconsin,Midwest,1958.0,5.0,19.0,117.24,7.5,"$21,427,700,000,000 ",88.2,101.8,78.5,9.6,36.6,328239523.0,37.09024,-95.712891,Cleaning products,1
567,4800,Manufacturing,S. Curtis Johnson,67.0,United States,Racine,Cleaning products,Manufacturing,United States,,False,U,M,5/5/1955 0:00,Johnson,S. Curtis,Heir & Major Shareholder,4/4/2023 5:01,Wisconsin,Midwest,1955.0,5.0,5.0,117.24,7.5,"$21,427,700,000,000 ",88.2,101.8,78.5,9.6,36.6,328239523.0,37.09024,-95.712891,Cleaning products,1
567,4800,Manufacturing,Helen Johnson-Leipold,66.0,United States,Racine,Cleaning products,Manufacturing,United States,,False,U,F,12/30/1956 0:00,Johnson-Leipold,Helen,Heir & Major Shareholder,4/4/2023 5:01,Wisconsin,Midwest,1956.0,12.0,30.0,117.24,7.5,"$21,427,700,000,000 ",88.2,101.8,78.5,9.6,36.6,328239523.0,37.09024,-95.712891,Cleaning products,1
567,4800,Technology,Vinod Khosla,68.0,United States,Portola Valley,Venture capital,Technology,United States,Khosla Ventures,True,D,M,1/28/1955 0:00,Khosla,Vinod,Founder & Lead Investor,4/4/2023 5:01,California,West,1955.0,1.0,28.0,117.24,7.5,"$21,427,700,000,000 ",88.2,101.8,78.5,9.6,36.6,328239523.0,37.09024,-95.712891,"Khosla Ventures, Venture capital",2
567,4800,Technology,Thai Lee,64.0,United States,Austin,IT provider,Technology,United States,,True,U,F,11/27/1958 0:00,Lee,Thai,Founder & Entrepreneur & IT,4/4/2023 5:01,Texas,South,1958.0,11.0,27.0,117.24,7.5,"$21,427,700,000,000 ",88.2,101.8,78.5,9.6,36.6,328239523.0,37.09024,-95.712891,IT provider,1
567,4800,Manufacturing,Winifred J. Marquart,63.0,United States,Virginia Beach,Cleaning products,Manufacturing,United States,,False,U,F,4/6/1959 0:00,Marquart,Winifred J.,Heir & Major Shareholder,4/4/2023 5:01,Virginia,South,1959.0,4.0,6.0,117.24,7.5,"$21,427,700,000,000 ",88.2,101.8,78.5,9.6,36.6,328239523.0,37.09024,-95.712891,Cleaning products,1
567,4800,Healthcare,Pankaj Patel,70.0,India,Ahmedabad,Pharmaceuticals,Healthcare,India,,False,U,M,3/19/1953 0:00,Patel,Pankaj,Heir & Major Shareholder,4/4/2023 5:01,,,1953.0,3.0,19.0,180.44,7.7,"$2,611,000,000,000 ",28.1,113.0,69.4,11.2,49.7,1366417754.0,20.593684,78.96288,Pharmaceuticals,1
567,4800,Manufacturing,Horst Julius Pudwill,78.0,Hong Kong,Hong Kong,Manufacturing,Manufacturing,Germany,,True,D,M,10/23/1944 0:00,Pudwill,Horst Julius,Founder & Entrepreneur,4/4/2023 5:01,,,1944.0,10.0,23.0,,,,,,,,,,,,Manufacturing,1
567,4800,Finance & Investments,Yu Yong,62.0,China,Shanghai,Mining,Finance & Investments,China,,True,U,M,2/1/1961 0:00,Yu,Yong,Founder & Entrepreneur,4/4/2023 5:01,,,1961.0,2.0,1.0,125.08,2.9,"$19,910,000,000,000 ",50.6,100.2,77.0,9.4,59.2,1397715000.0,35.86166,104.195397,Mining,1
580,4700,Diversified,Maria Fernanda Amorim & family,88.0,Portugal,Grijo,"Energy, investments",Diversified,Portugal,,False,E,F,1/16/1935 0:00,Amorim,Maria Fernanda,Controlling Shareholder & Energy & (Family Estate),4/4/2023 5:01,,,1935.0,1.0,16.0,110.62,0.3,"$237,686,075,635 ",63.9,106.2,81.3,22.8,39.8,10269417.0,39.399872,-8.224454,"Energy, investments",2
580,4700,Sports,Gayle Benson,76.0,United States,New Orleans,New Orleans Saints,Sports,United States,,False,U,F,1/26/1947 0:00,Benson,Gayle,Heir & Major Shareholder & New,4/4/2023 5:01,Louisiana,South,1947.0,1.0,26.0,117.24,7.5,"$21,427,700,000,000 ",88.2,101.8,78.5,9.6,36.6,328239523.0,37.09024,-95.712891,New Orleans Saints,1
580,4700,Technology,Jason Chang,78.0,Taiwan,Taipei,Electronics,Technology,Singapore,,True,U,M,5/1/1944 0:00,Chang,Jason,Founder & Entrepreneur,4/4/2023 5:01,,,1944.0,5.0,1.0,,,,,,,,,,,,Electronics,1
580,4700,Manufacturing,Ali Erdemoglu,63.0,Turkey,Istanbul,Carpet,Manufacturing,Turkey,,True,U,M,11/20/1959 0:00,Erdemoglu,Ali,Founder & Entrepreneur,4/4/2023 5:01,,,1959.0,11.0,20.0,234.44,15.2,"$754,411,708,203 ",23.9,93.2,77.4,17.9,42.3,83429615.0,38.963745,35.243322,Carpet,1
580,4700,Finance & Investments,Andre Esteves,54.0,Brazil,Sao paulo,Banking,Finance & Investments,Brazil,,True,D,M,7/12/1968 0:00,Esteves,Andre,Founder & Entrepreneur,4/4/2023 5:01,,,1968.0,7.0,12.0,167.4,3.7,"$1,839,758,040,766 ",51.3,115.4,75.7,14.2,65.1,212559417.0,-14.235004,-51.92528,Banking,1
580,4700,Real Estate,Carlo Fidani,68.0,Canada,Toronto,Real estate,Real Estate,Canada,Orlando Corporation,False,U,M,1/1/1955 0:00,Fidani,Carlo,Chairman,4/4/2023 5:01,,,1955.0,1.0,1.0,116.76,1.9,"$1,736,425,629,520 ",68.9,100.9,81.9,12.8,24.5,36991981.0,56.130366,-106.346771,"Orlando Corporation, Real estate",2
580,4700,Technology,Hong Ra-hee,77.0,South Korea,Seoul,Samsung,Technology,South Korea,,False,D,F,7/15/1945 0:00,Hong,Ra-hee,Heir & Major Shareholder,4/4/2023 5:01,,,1945.0,7.0,15.0,115.16,0.4,"$2,029,000,000,000 ",94.3,98.1,82.6,15.6,33.2,51709098.0,35.907757,127.766922,Samsung,1
580,4700,Manufacturing,Li Gaiteng,50.0,China,Shanghai,Hair dryers,Manufacturing,China,,True,U,M,4/8/1972 0:00,Li,Gaiteng,Founder & Entrepreneur,4/4/2023 5:01,,,1972.0,4.0,8.0,125.08,2.9,"$19,910,000,000,000 ",50.6,100.2,77.0,9.4,59.2,1397715000.0,35.86166,104.195397,Hair dryers,1
580,4700,Media & Entertainment,Thomas Secunda,68.0,United States,Croton-on-Hudson,Bloomberg LP,Media & Entertainment,United States,,True,U,M,6/23/1954 0:00,Secunda,Thomas,Founder & Entrepreneur & LP,4/4/2023 5:01,New York,Northeast,1954.0,6.0,23.0,117.24,7.5,"$21,427,700,000,000 ",88.2,101.8,78.5,9.6,36.6,328239523.0,37.09024,-95.712891,Bloomberg LP,1
580,4700,Diversified,Zuowen Song,76.0,China,Longkou,"Aluminum, diversified",Diversified,China,,True,U,M,3/19/1947 0:00,Song,Zuowen,Founder & Entrepreneur & Aluminum,4/4/2023 5:01,,,1947.0,3.0,19.0,125.08,2.9,"$19,910,000,000,000 ",50.6,100.2,77.0,9.4,59.2,1397715000.0,35.86166,104.195397,"Aluminum, diversified",10
580,4700,Media & Entertainment,Tim Sweeney,52.0,United States,Cary,Video games,Media & Entertainment,United States,,True,D,M,12/13/1970 0:00,Sweeney,Tim,Founder & Entrepreneur,4/4/2023 5:01,North Carolina,South,1970.0,12.0,13.0,117.24,7.5,"$21,427,700,000,000 ",88.2,101.8,78.5,9.6,36.6,328239523.0,37.09024,-95.712891,Video games,1
591,4600,Food & Beverage,Bert Beveridge,61.0,United States,Austin,Vodka,Food & Beverage,United States,,True,U,M,1/1/1962 0:00,Beveridge,Bert,Founder & Entrepreneur,4/4/2023 5:01,Texas,South,1962.0,1.0,1.0,117.24,7.5,"$21,427,700,000,000 ",88.2,101.8,78.5,9.6,36.6,328239523.0,37.09024,-95.712891,Vodka,1
591,4600,Media & Entertainment,Mark Cuban,64.0,United States,Dallas,"Online media, Dallas Mavericks",Media & Entertainment,United States,Dallas Mavericks,True,D,M,7/31/1958 0:00,Cuban,Mark,Founder & Lead Investor & media,4/4/2023 5:01,Texas,South,1958.0,7.0,31.0,117.24,7.5,"$21,427,700,000,000 ",88.2,101.8,78.5,9.6,36.6,328239523.0,37.09024,-95.712891,"Dallas Mavericks, Online media",2
591,4600,Media & Entertainment,Charles Dolan & family,96.0,United States,Oyster Bay,Cable television,Media & Entertainment,United States,Cablevision Systems Corp.,True,D,M,10/16/1926 0:00,Dolan,Charles,Chairman and Founder,4/4/2023 5:01,New York,Northeast,1926.0,10.0,16.0,117.24,7.5,"$21,427,700,000,000 ",88.2,101.8,78.5,9.6,36.6,328239523.0,37.09024,-95.712891,"Cable television, Cablevision Systems Corp.",2
591,4600,Technology,Jack Dorsey,46.0,United States,San Francisco,"Twitter, Square",Technology,United States,Twitter,True,D,M,11/19/1976 0:00,Dorsey,Jack,Founder & Lead Investor & Twitter,4/4/2023 5:01,California,West,1976.0,11.0,19.0,117.24,7.5,"$21,427,700,000,000 ",88.2,101.8,78.5,9.6,36.6,328239523.0,37.09024,-95.712891,"Square, Twitter",2
591,4600,Energy,Fan Hongwei,56.0,China,Wujiang,Petrochemicals,Energy,China,,True,D,F,1/1/1967 0:00,Fan,Hongwei,Founder & Entrepreneur,4/4/2023 5:01,,,1967.0,1.0,1.0,125.08,2.9,"$19,910,000,000,000 ",50.6,100.2,77.0,9.4,59.2,1397715000.0,35.86166,104.195397,Petrochemicals,1
591,4600,Metals & Mining,Vladimir Kim,62.0,Kazakhstan,Almaty,Mining,Metals & Mining,Kazakhstan,,True,D,M,10/29/1960 0:00,Kim,Vladimir,Founder & Entrepreneur,4/4/2023 5:01,,,1960.0,10.0,29.0,182.75,5.2,"$180,161,741,180 ",61.7,104.4,73.2,11.7,28.4,18513930.0,48.019573,66.923684,Mining,1
591,4600,Finance & Investments,"Andre Koo, Sr.",55.0,Taiwan,Taipei,Financial services,Finance & Investments,Taiwan,,False,D,M,5/25/1967 0:00,Koo,Andre,Heir & Major Shareholder,4/4/2023 5:01,,,1967.0,5.0,25.0,,,,,,,,,,,,Financial services,1
591,4600,Fashion & Retail,Ronald Lauder,79.0,United States,New York,Estee Lauder,Fashion & Retail,United States,,False,D,M,2/26/1944 0:00,Lauder,Ronald,Heir & Major Shareholder,4/4/2023 5:01,New York,Northeast,1944.0,2.0,26.0,117.24,7.5,"$21,427,700,000,000 ",88.2,101.8,78.5,9.6,36.6,328239523.0,37.09024,-95.712891,Estee Lauder,1
591,4600,Manufacturing,Li Chunan,54.0,China,Fushun,Renewable energy,Manufacturing,China,,True,D,M,10/10/1968 0:00,Li,Chunan,Founder & Entrepreneur,4/4/2023 5:01,,,1968.0,10.0,10.0,125.08,2.9,"$19,910,000,000,000 ",50.6,100.2,77.0,9.4,59.2,1397715000.0,35.86166,104.195397,Renewable energy,1
591,4600,Media & Entertainment,Forrest Li,45.0,Singapore,Singapore,Gaming,Media & Entertainment,Singapore,,True,D,M,1/1/1978 0:00,Li,Forrest,Founder & Entrepreneur,4/4/2023 5:01,,,1978.0,1.0,1.0,114.41,0.6,"$372,062,527,489 ",84.8,100.6,83.1,13.1,21.0,5703569.0,1.352083,103.819836,Gaming,1
591,4600,Telecom,Richard Li,56.0,Hong Kong,Hong Kong,Telecom,Telecom,Hong Kong,,False,D,M,11/8/1966 0:00,Li,Richard,Heir & Major Shareholder,4/4/2023 5:01,,,1966.0,11.0,8.0,,,,,,,,,,,,Telecom,1
591,4600,Fashion & Retail,Doug Meijer & family,69.0,United States,Grand Rapids,Supermarkets,Fashion & Retail,United States,,False,Split Family Fortune,M,1/22/1954 0:00,Meijer,Doug,Controlling Shareholder & (Family Estate),4/4/2023 5:01,Michigan,Midwest,1954.0,1.0,22.0,117.24,7.5,"$21,427,700,000,000 ",88.2,101.8,78.5,9.6,36.6,328239523.0,37.09024,-95.712891,Supermarkets,1
591,4600,Fashion & Retail,Hank Meijer & family,71.0,United States,Grand Rapids,Supermarkets,Fashion & Retail,United States,,False,Split Family Fortune,M,2/15/1952 0:00,Meijer,Hank,Controlling Shareholder & (Family Estate),4/4/2023 5:01,Michigan,Midwest,1952.0,2.0,15.0,117.24,7.5,"$21,427,700,000,000 ",88.2,101.8,78.5,9.6,36.6,328239523.0,37.09024,-95.712891,Supermarkets,1
591,4600,Fashion & Retail,Mark Meijer & family,65.0,United States,Grand Rapids,Supermarkets,Fashion & Retail,United States,,False,Split Family Fortune,M,10/21/1957 0:00,Meijer,Mark,Controlling Shareholder & (Family Estate),4/4/2023 5:01,Michigan,Midwest,1957.0,10.0,21.0,117.24,7.5,"$21,427,700,000,000 ",88.2,101.8,78.5,9.6,36.6,328239523.0,37.09024,-95.712891,Supermarkets,1
591,4600,Food & Beverage,Issad Rebrab & family,79.0,Algeria,Algiers,Food,Food & Beverage,Algeria,,True,D,M,1/1/1944 0:00,Rebrab,Issad,Controlling Shareholder & (Family Estate),4/4/2023 5:01,,,1944.0,1.0,1.0,151.36,2.0,"$169,988,236,398 ",51.4,109.9,76.7,37.2,66.1,43053054.0,28.033886,1.659626,Food,1
591,4600,Logistics,Fred Smith,78.0,United States,Memphis,FedEx,Logistics,United States,FedEx Corp.,True,D,M,8/11/1944 0:00,Smith,Fred,Chairman and CEO,4/4/2023 5:01,Tennessee,South,1944.0,8.0,11.0,117.24,7.5,"$21,427,700,000,000 ",88.2,101.8,78.5,9.6,36.6,328239523.0,37.09024,-95.712891,"FedEx, FedEx Corp.",2
591,4600,Finance & Investments,Barry Sternlicht,62.0,United States,Miami,Private equity,Finance & Investments,United States,,True,U,M,11/27/1960 0:00,Sternlicht,Barry,Founder & Entrepreneur,4/4/2023 5:01,Florida,South,1960.0,11.0,27.0,117.24,7.5,"$21,427,700,000,000 ",88.2,101.8,78.5,9.6,36.6,328239523.0,37.09024,-95.712891,Private equity,1
591,4600,Manufacturing,Maximilian Viessmann,34.0,Germany,Battenberg,"Heating, cooling equipment",Manufacturing,Germany,,False,D,M,2/11/1989 0:00,Viessmann,Maximilian,Heir & Major Shareholder & Heating,4/4/2023 5:01,,,1989.0,2.0,11.0,112.85,1.4,"$3,845,630,030,824 ",70.2,104.0,80.9,11.5,48.8,83132799.0,51.165691,10.451526,"Heating, cooling equipment",2
591,4600,Food & Beverage,Russ Weiner,52.0,United States,Delray Beach,Energy drinks,Food & Beverage,United States,,True,U,M,5/5/1970 0:00,Weiner,Russ,Founder & Entrepreneur,4/4/2023 5:01,Florida,South,1970.0,5.0,5.0,117.24,7.5,"$21,427,700,000,000 ",88.2,101.8,78.5,9.6,36.6,328239523.0,37.09024,-95.712891,Energy drinks,1
591,4600,Healthcare,Xue Min,66.0,China,Wuhan,Healthcare,Healthcare,China,,True,N,M,1/1/1957 0:00,Xue,Min,Founder & Entrepreneur,4/4/2023 5:01,,,1957.0,1.0,1.0,125.08,2.9,"$19,910,000,000,000 ",50.6,100.2,77.0,9.4,59.2,1397715000.0,35.86166,104.195397,Healthcare,1
611,4500,Food & Beverage,Juan Domingo Beckmann Legorreta & family,55.0,Mexico,,Tequila,Food & Beverage,Mexico,,False,U,M,7/1/1967 0:00,Beckmann Legorreta,Juan Domingo,Controlling Shareholder & (Family Estate),4/4/2023 5:01,,,1967.0,7.0,1.0,141.54,3.6,"$1,258,286,717,125 ",40.2,105.8,75.0,13.1,55.1,126014024.0,23.634501,-102.552784,Tequila,1
611,4500,Technology,Dietmar Hopp & family,82.0,Germany,Walldorf,Software,Technology,Germany,,True,D,M,4/26/1940 0:00,Hopp,Dietmar,Controlling Shareholder & (Family Estate),4/4/2023 5:01,,,1940.0,4.0,26.0,112.85,1.4,"$3,845,630,030,824 ",70.2,104.0,80.9,11.5,48.8,83132799.0,51.165691,10.451526,Software,1
611,4500,Technology,Jiang Bin,56.0,China,Weifang,Acoustic components,Technology,China,,True,D,M,9/16/1966 0:00,Jiang,Bin,Founder & Entrepreneur,4/4/2023 5:01,,,1966.0,9.0,16.0,125.08,2.9,"$19,910,000,000,000 ",50.6,100.2,77.0,9.4,59.2,1397715000.0,35.86166,104.195397,Acoustic components,1
611,4500,Technology,Joseph Liemandt,54.0,United States,Austin,Software,Technology,United States,,True,U,M,8/5/1968 0:00,Liemandt,Joseph,Founder & Entrepreneur,4/4/2023 5:01,Texas,South,1968.0,8.0,5.0,117.24,7.5,"$21,427,700,000,000 ",88.2,101.8,78.5,9.6,36.6,328239523.0,37.09024,-95.712891,Software,1
611,4500,Food & Beverage,Theo Mueller,83.0,Switzerland,Zurich,Dairy,Food & Beverage,Germany,,False,D,M,1/30/1940 0:00,Mueller,Theo,Heir & Major Shareholder,4/4/2023 5:01,,,1940.0,1.0,30.0,99.55,0.4,"$703,082,435,360 ",59.6,105.2,83.6,10.1,28.8,8574832.0,46.818188,8.227512,Dairy,1
611,4500,Technology,N.R. Narayana Murthy,76.0,India,Bangalore,Software services,Technology,India,,True,U,M,8/20/1946 0:00,Murthy,N.R. Narayana,Founder & Entrepreneur,4/4/2023 5:01,,,1946.0,8.0,20.0,180.44,7.7,"$2,611,000,000,000 ",28.1,113.0,69.4,11.2,49.7,1366417754.0,20.593684,78.96288,Software services,1
611,4500,Fashion & Retail,Odd Reitan & family,71.0,Norway,Trondheim,"Retail, real estate",Fashion & Retail,Norway,,False,D,M,9/11/1951 0:00,Reitan,Odd,Controlling Shareholder & (Family ),4/4/2023 5:01,,,1951.0,9.0,11.0,120.27,2.2,"$403,336,363,636 ",82.0,100.3,82.8,23.9,36.2,5347896.0,60.472024,8.468946,"Retail, real estate",2
611,4500,Finance & Investments,Marc Rowan,60.0,United States,New York,Private equity,Finance & Investments,United States,,True,D,M,8/19/1962 0:00,Rowan,Marc,Founder & Entrepreneur,4/4/2023 5:01,New York,Northeast,1962.0,8.0,19.0,117.24,7.5,"$21,427,700,000,000 ",88.2,101.8,78.5,9.6,36.6,328239523.0,37.09024,-95.712891,Private equity,1
611,4500,Real Estate,Hussain Sajwani,70.0,United Arab Emirates,Dubai,Real estate,Real Estate,United Arab Emirates,,True,U,M,3/1/1953 0:00,Sajwani,Hussain,Founder & Entrepreneur,4/4/2023 5:01,,,1953.0,3.0,1.0,114.52,-1.9,"$421,142,267,938 ",36.8,108.4,77.8,0.1,15.9,9770529.0,23.424076,53.847818,Real estate,1
611,4500,Finance & Investments,David Velez & family,41.0,Brazil,Sao Paulo,Fintech,Finance & Investments,Colombia,,True,D,M,10/2/1981 0:00,Velez,David,Controlling Shareholder & (Family Estate),4/4/2023 5:01,,,1981.0,10.0,2.0,167.4,3.7,"$1,839,758,040,766 ",51.3,115.4,75.7,14.2,65.1,212559417.0,-14.235004,-51.92528,Fintech,1
611,4500,Manufacturing,Xu Jinfu,59.0,China,Guangzhou,Chemicals,Manufacturing,China,,True,D,M,1/1/1964 0:00,Xu,Jinfu,Founder & Entrepreneur,4/4/2023 5:01,,,1964.0,1.0,1.0,125.08,2.9,"$19,910,000,000,000 ",50.6,100.2,77.0,9.4,59.2,1397715000.0,35.86166,104.195397,Chemicals,1
611,4500,Diversified,Samuel Yin,72.0,Taiwan,Taipei,Retail,Diversified,Taiwan,,False,D,M,8/16/1950 0:00,Yin,Samuel,Heir & Major Shareholder,4/4/2023 5:01,,,1950.0,8.0,16.0,,,,,,,,,,,,Retail,1
611,4500,Manufacturing,You Xiaoping & family,65.0,China,Wenzhou,"Chemicals, spandex",Manufacturing,China,,True,D,M,1/21/1958 0:00,You,Xiaoping,Controlling Shareholder & Chemicals & (Family Estate),4/4/2023 5:01,,,1958.0,1.0,21.0,125.08,2.9,"$19,910,000,000,000 ",50.6,100.2,77.0,9.4,59.2,1397715000.0,35.86166,104.195397,"Chemicals, spandex",2
624,4400,Healthcare,Stéphane Bancel,50.0,United States,Boston,"Biotech, vaccines",Healthcare,France,,True,D,M,7/20/1972 0:00,Bancel,Stéphane,Founder & Entrepreneur & Biotech,4/4/2023 5:01,Massachusetts,Northeast,1972.0,7.0,20.0,117.24,7.5,"$21,427,700,000,000 ",88.2,101.8,78.5,9.6,36.6,328239523.0,37.09024,-95.712891,"Biotech, vaccines",2
624,4400,Technology,Margot Birmingham Perot,89.0,United States,Dallas,"Computer services, real estate",Technology,United States,,False,U,F,11/15/1933 0:00,Birmingham Perot,Margot,Heir & Major Shareholder & services,4/4/2023 5:01,Texas,South,1933.0,11.0,15.0,117.24,7.5,"$21,427,700,000,000 ",88.2,101.8,78.5,9.6,36.6,328239523.0,37.09024,-95.712891,"Computer services, real estate",2
624,4400,Manufacturing,Neal Blue & family,88.0,United States,San Diego,Defense,Manufacturing,United States,,True,U,M,4/4/1935 0:00,Blue,Neal,Controlling Shareholder & (Family Estate),4/4/2023 5:01,California,West,1935.0,4.0,4.0,117.24,7.5,"$21,427,700,000,000 ",88.2,101.8,78.5,9.6,36.6,328239523.0,37.09024,-95.712891,Defense,1
624,4400,Service,Jim Davis,63.0,United States,Cockeysville,Staffing & recruiting,Service,United States,,True,U,M,3/13/1960 0:00,Davis,Jim,Founder & Entrepreneur &,4/4/2023 5:01,Maryland,South,1960.0,3.0,13.0,117.24,7.5,"$21,427,700,000,000 ",88.2,101.8,78.5,9.6,36.6,328239523.0,37.09024,-95.712891,Staffing & recruiting,1
624,4400,Construction & Engineering,Rafael Del Pino,64.0,Spain,Madrid,Construction,Construction & Engineering,Spain,,False,U,M,7/18/1958 0:00,Del Pino,Rafael,Heir & Major Shareholder,4/4/2023 5:01,,,1958.0,7.0,18.0,110.96,0.7,"$1,394,116,310,769 ",88.9,102.7,83.3,14.2,47.0,47076781.0,40.463667,-3.74922,Construction,1
624,4400,Healthcare,Peter Grogg,81.0,Switzerland,Liestal,Biochemicals,Healthcare,Switzerland,,True,D,M,1/10/1942 0:00,Grogg,Peter,Founder & Entrepreneur,4/4/2023 5:01,,,1942.0,1.0,10.0,99.55,0.4,"$703,082,435,360 ",59.6,105.2,83.6,10.1,28.8,8574832.0,46.818188,8.227512,Biochemicals,1
624,4400,Fashion & Retail,Christian Haub,58.0,Germany,Munich,Retail,Fashion & Retail,Germany,,False,E,M,7/22/1964 0:00,Haub,Christian,Heir & Major Shareholder,4/4/2023 5:01,,,1964.0,7.0,22.0,112.85,1.4,"$3,845,630,030,824 ",70.2,104.0,80.9,11.5,48.8,83132799.0,51.165691,10.451526,Retail,1
624,4400,Real Estate,Mangal Prabhat Lodha,67.0,India,Mumbai,Real estate,Real Estate,India,,True,D,M,12/1/1955 0:00,Lodha,Mangal Prabhat,Founder & Entrepreneur,4/4/2023 5:01,,,1955.0,12.0,1.0,180.44,7.7,"$2,611,000,000,000 ",28.1,113.0,69.4,11.2,49.7,1366417754.0,20.593684,78.96288,Real estate,1
624,4400,Sports,Jeffrey Lurie & family,71.0,United States,Wynnewood,Philadelphia Eagles,Sports,United States,,False,U,M,9/8/1951 0:00,Lurie,Jeffrey,Controlling Shareholder & (Family Estate),4/4/2023 5:01,Pennsylvania,Northeast,1951.0,9.0,8.0,117.24,7.5,"$21,427,700,000,000 ",88.2,101.8,78.5,9.6,36.6,328239523.0,37.09024,-95.712891,Philadelphia Eagles,1
624,4400,Finance & Investments,Joe Mansueto,66.0,United States,Chicago,Investment research,Finance & Investments,United States,Morningstar Inc.,True,D,M,9/3/1956 0:00,Mansueto,Joe,Founder & Lead Investor,4/4/2023 5:01,Illinois,Midwest,1956.0,9.0,3.0,117.24,7.5,"$21,427,700,000,000 ",88.2,101.8,78.5,9.6,36.6,328239523.0,37.09024,-95.712891,"Investment research, Morningstar Inc.",2
624,4400,Manufacturing,Qian Dongqi & family,65.0,China,Suzhou,Home-cleaning robots,Manufacturing,China,,True,D,M,1/1/1958 0:00,Qian,Dongqi,Controlling Shareholder & (Family Estate),4/4/2023 5:01,,,1958.0,1.0,1.0,125.08,2.9,"$19,910,000,000,000 ",50.6,100.2,77.0,9.4,59.2,1397715000.0,35.86166,104.195397,Home-cleaning robots,1
624,4400,Metals & Mining,Mikhail Shelkov,54.0,Russia,Moscow,Titanium,Metals & Mining,Russia,,True,U,M,5/30/1968 0:00,Shelkov,Mikhail,Founder & Entrepreneur,4/4/2023 5:01,,,1968.0,5.0,30.0,180.75,4.5,"$1,699,876,578,871 ",81.9,102.6,72.7,11.4,46.2,144373535.0,61.52401,105.318756,Titanium,1
636,4300,Telecom,Patrick Drahi,59.0,Switzerland,Zermatt,Telecom,Telecom,France,,True,D,M,8/20/1963 0:00,Drahi,Patrick,Founder & Entrepreneur,4/4/2023 5:01,,,1963.0,8.0,20.0,99.55,0.4,"$703,082,435,360 ",59.6,105.2,83.6,10.1,28.8,8574832.0,46.818188,8.227512,Telecom,1
636,4300,Finance & Investments,Behdad Eghbali,46.0,United States,Los Angeles,Private equity,Finance & Investments,United States,,True,U,M,5/6/1976 0:00,Eghbali,Behdad,Founder & Entrepreneur,4/4/2023 5:01,California,West,1976.0,5.0,6.0,117.24,7.5,"$21,427,700,000,000 ",88.2,101.8,78.5,9.6,36.6,328239523.0,37.09024,-95.712891,Private equity,1
636,4300,Finance & Investments,Juan Carlos Escotet,63.0,Spain,A Coruña,Banking,Finance & Investments,Venezuela,,True,U,M,7/23/1959 0:00,Escotet,Juan Carlos,Founder & Entrepreneur,4/4/2023 5:01,,,1959.0,7.0,23.0,110.96,0.7,"$1,394,116,310,769 ",88.9,102.7,83.3,14.2,47.0,47076781.0,40.463667,-3.74922,Banking,1
636,4300,Finance & Investments,Jose E. Feliciano,49.0,United States,Los Angeles,Private equity,Finance & Investments,United States,,True,U,M,5/29/1973 0:00,Feliciano,Jose E.,Founder & Entrepreneur,4/4/2023 5:01,California,West,1973.0,5.0,29.0,117.24,7.5,"$21,427,700,000,000 ",88.2,101.8,78.5,9.6,36.6,328239523.0,37.09024,-95.712891,Private equity,1
636,4300,Healthcare,Hu Kaijun,61.0,China,Beijing,Pharmaceuticals,Healthcare,China,,True,U,M,1/1/1962 0:00,Hu,Kaijun,Founder & Entrepreneur,4/4/2023 5:01,,,1962.0,1.0,1.0,125.08,2.9,"$19,910,000,000,000 ",50.6,100.2,77.0,9.4,59.2,1397715000.0,35.86166,104.195397,Pharmaceuticals,1
636,4300,Logistics,Johnelle Hunt,91.0,United States,Fayetteville,Trucking,Logistics,United States,,True,D,F,1/4/1932 0:00,Hunt,Johnelle,Founder & Entrepreneur,4/4/2023 5:01,Arkansas,South,1932.0,1.0,4.0,117.24,7.5,"$21,427,700,000,000 ",88.2,101.8,78.5,9.6,36.6,328239523.0,37.09024,-95.712891,Trucking,1
636,4300,Food & Beverage,Marian Ilitch,90.0,United States,Bingham Farms,Little Caesars Pizza,Food & Beverage,United States,,True,D,F,1/7/1933 0:00,Ilitch,Marian,Founder & Entrepreneur,4/4/2023 5:01,Michigan,Midwest,1933.0,1.0,7.0,117.24,7.5,"$21,427,700,000,000 ",88.2,101.8,78.5,9.6,36.6,328239523.0,37.09024,-95.712891,Little Caesars Pizza,1
636,4300,Diversified,Daryl Katz,61.0,Canada,Edmonton,Pharmacies,Diversified,Canada,Katz Group,True,D,M,9/1/1961 0:00,Katz,Daryl,Founder and Chairman,4/4/2023 5:01,,,1961.0,9.0,1.0,116.76,1.9,"$1,736,425,629,520 ",68.9,100.9,81.9,12.8,24.5,36991981.0,56.130366,-106.346771,"Katz Group, Pharmacies",2
636,4300,Metals & Mining,Andrei Kozitsyn,62.0,Russia,Verkhniaya Pyshma,Metals,Metals & Mining,Russia,,True,U,M,6/9/1960 0:00,Kozitsyn,Andrei,Founder & Entrepreneur,4/4/2023 5:01,,,1960.0,6.0,9.0,180.75,4.5,"$1,699,876,578,871 ",81.9,102.6,72.7,11.4,46.2,144373535.0,61.52401,105.318756,Metals,1
636,4300,Finance & Investments,Timur Kulibaev,56.0,Kazakhstan,Almaty,Banking,Finance & Investments,Kazakhstan,,True,U,M,9/10/1966 0:00,Kulibaev,Timur,Founder & Entrepreneur,4/4/2023 5:01,,,1966.0,9.0,10.0,182.75,5.2,"$180,161,741,180 ",61.7,104.4,73.2,11.7,28.4,18513930.0,48.019573,66.923684,Banking,1
636,4300,Finance & Investments,Dinara Kulibaeva,55.0,Kazakhstan,Almaty,Banking,Finance & Investments,Kazakhstan,,False,U,F,8/19/1967 0:00,Kulibaeva,Dinara,Heir & Major Shareholder,4/4/2023 5:01,,,1967.0,8.0,19.0,182.75,5.2,"$180,161,741,180 ",61.7,104.4,73.2,11.7,28.4,18513930.0,48.019573,66.923684,Banking,1
636,4300,Real Estate,Ian Livingstone,60.0,,,Real estate,Real Estate,United Kingdom,,True,Split Family Fortune,M,5/22/1962 0:00,Livingstone,Ian,Founder & Entrepreneur,4/4/2023 5:01,,,1962.0,5.0,22.0,,,,,,,,,,,,Real estate,1
636,4300,Real Estate,Richard Livingstone,58.0,,,Real estate,Real Estate,United Kingdom,,True,Split Family Fortune,M,11/29/1964 0:00,Livingstone,Richard,Founder & Entrepreneur,4/4/2023 5:01,,,1964.0,11.0,29.0,,,,,,,,,,,,Real estate,1
636,4300,Food & Beverage,Gwendolyn Sontheim Meyer,61.0,United States,Rancho Santa Fe,Cargill,Food & Beverage,United States,,False,D,F,10/27/1961 0:00,Meyer,Gwendolyn Sontheim,Heir & Major Shareholder,4/4/2023 5:01,California,West,1961.0,10.0,27.0,117.24,7.5,"$21,427,700,000,000 ",88.2,101.8,78.5,9.6,36.6,328239523.0,37.09024,-95.712891,Cargill,1
636,4300,Real Estate,Jay Paul,75.0,United States,San Francisco,Real estate,Real Estate,United States,,True,U,M,7/8/1947 0:00,Paul,Jay,Founder & Entrepreneur,4/4/2023 5:01,California,West,1947.0,7.0,8.0,117.24,7.5,"$21,427,700,000,000 ",88.2,101.8,78.5,9.6,36.6,328239523.0,37.09024,-95.712891,Real estate,1
636,4300,Diversified,Pham Nhat Vuong,54.0,Vietnam,Hanoi,Diversified,Diversified,Vietnam,,True,D,M,8/5/1968 0:00,Pham,Nhat Vuong,Founder & Entrepreneur,4/4/2023 5:01,,,1968.0,8.0,5.0,163.52,2.8,"$261,921,244,843 ",28.5,110.6,75.3,19.1,37.6,96462106.0,14.058324,108.277199,Diversified,10
636,4300,Healthcare,Jon Stryker,64.0,United States,New York,Medical equipment,Healthcare,United States,,False,U,M,5/3/1958 0:00,Stryker,Jon,Heir & Major Shareholder,4/4/2023 5:01,New York,Northeast,1958.0,5.0,3.0,117.24,7.5,"$21,427,700,000,000 ",88.2,101.8,78.5,9.6,36.6,328239523.0,37.09024,-95.712891,Medical equipment,1
636,4300,Finance & Investments,Daniel Tsai,66.0,Taiwan,Taipei,Finance,Finance & Investments,Taiwan,,False,D,M,4/25/1956 0:00,Tsai,Daniel,Heir & Major Shareholder,4/4/2023 5:01,,,1956.0,4.0,25.0,,,,,,,,,,,,Finance,1
636,4300,Finance & Investments,Richard Tsai,65.0,Taiwan,Taipei,Finance,Finance & Investments,Taiwan,,False,D,M,6/2/1957 0:00,Tsai,Richard,Heir & Major Shareholder,4/4/2023 5:01,,,1957.0,6.0,2.0,,,,,,,,,,,,Finance,1
636,4300,Technology,Frank Wang,42.0,China,Shenzhen,Drones,Technology,China,DJI Technology Co.,True,D,M,10/30/1980 0:00,Wang,Frank,Founder and CEO,4/4/2023 5:01,,,1980.0,10.0,30.0,125.08,2.9,"$19,910,000,000,000 ",50.6,100.2,77.0,9.4,59.2,1397715000.0,35.86166,104.195397,"DJI Technology Co., Drones",2
636,4300,Manufacturing,Wang Junshi & family,74.0,China,Ningbo,Solar inverters,Manufacturing,China,,True,D,M,1/1/1949 0:00,Wang,Junshi,Controlling Shareholder & (Family Estate),4/4/2023 5:01,,,1949.0,1.0,1.0,125.08,2.9,"$19,910,000,000,000 ",50.6,100.2,77.0,9.4,59.2,1397715000.0,35.86166,104.195397,Solar inverters,1
636,4300,Technology,Wang Wenjing,58.0,China,Beijing,Business software,Technology,China,,True,D,M,12/5/1964 0:00,Wang,Wenjing,Founder & Entrepreneur,4/4/2023 5:01,,,1964.0,12.0,5.0,125.08,2.9,"$19,910,000,000,000 ",50.6,100.2,77.0,9.4,59.2,1397715000.0,35.86166,104.195397,Business software,1
636,4300,Finance & Investments,Herbert Wertheim,83.0,United States,Coral Gables,Investments,Finance & Investments,United States,,True,U,M,5/23/1939 0:00,Wertheim,Herbert,Founder & Entrepreneur,4/4/2023 5:01,Florida,South,1939.0,5.0,23.0,117.24,7.5,"$21,427,700,000,000 ",88.2,101.8,78.5,9.6,36.6,328239523.0,37.09024,-95.712891,Investments,1
659,4200,Service,Shari Arison,65.0,Israel,Tel Aviv,Carnival Cruises,Service,Israel,,False,D,F,9/9/1957 0:00,Arison,Shari,Heir & Major Shareholder,4/4/2023 5:01,,,1957.0,9.0,9.0,108.15,0.8,"$395,098,666,122 ",63.4,104.9,82.8,23.1,25.3,9053300.0,31.046051,34.851612,Carnival Cruises,1
659,4200,Finance & Investments,Pyotr Aven,68.0,Latvia,,"Oil, banking, telecom",Finance & Investments,Russia,,True,D,M,3/16/1955 0:00,Aven,Pyotr,Founder & Entrepreneur & Oil & banking,4/4/2023 5:01,,,1955.0,3.0,16.0,116.86,2.8,"$34,117,202,555 ",88.1,99.4,74.7,22.9,38.1,1912789.0,56.879635,24.603189,"Oil, banking, telecom",3
659,4200,Real Estate,Chan Laiwa & family,82.0,China,Beijing,Real estate,Real Estate,China,,True,D,F,1/1/1941 0:00,Chan,Laiwa,Controlling Shareholder & (Family ),4/4/2023 5:01,,,1941.0,1.0,1.0,125.08,2.9,"$19,910,000,000,000 ",50.6,100.2,77.0,9.4,59.2,1397715000.0,35.86166,104.195397,Real estate,1
659,4200,Real Estate,Chen Hua,57.0,China,Shenzhen,Real estate,Real Estate,China,,True,U,M,1/1/1966 0:00,Chen,Hua,Founder & Entrepreneur,4/4/2023 5:01,,,1966.0,1.0,1.0,125.08,2.9,"$19,910,000,000,000 ",50.6,100.2,77.0,9.4,59.2,1397715000.0,35.86166,104.195397,Real estate,1
659,4200,Finance & Investments,Thomas Hagen,87.0,United States,Erie,Insurance,Finance & Investments,United States,,False,U,M,1/1/1936 0:00,Hagen,Thomas,Heir & Major Shareholder,4/4/2023 5:01,Pennsylvania,Northeast,1936.0,1.0,1.0,117.24,7.5,"$21,427,700,000,000 ",88.2,101.8,78.5,9.6,36.6,328239523.0,37.09024,-95.712891,Insurance,1
659,4200,Finance & Investments,"Rupert Johnson, Jr.",82.0,United States,Burlingame,Franklin Templeton,Finance & Investments,United States,Franklin Resources Inc.,False,D,M,8/10/1940 0:00,Johnson,Rupert,Vice Chairman and Director,4/4/2023 5:01,California,West,1940.0,8.0,10.0,117.24,7.5,"$21,427,700,000,000 ",88.2,101.8,78.5,9.6,36.6,328239523.0,37.09024,-95.712891,"Franklin Resources Inc., Franklin Templeton",2
659,4200,Energy,Dewi Kam,72.0,Indonesia,Jakarta,Coal,Energy,Indonesia,,True,N,F,7/23/1950 0:00,Kam,Dewi,Founder & Entrepreneur,4/4/2023 5:01,,,1950.0,7.0,23.0,151.18,3.0,"$1,119,190,780,753 ",36.3,106.4,71.5,10.2,30.1,270203917.0,-0.789275,113.921327,Coal,1
659,4200,Technology,Min Kao & family,74.0,United States,Leawood,Navigation equipment,Technology,United States,,True,D,M,1/10/1949 0:00,Kao,Min,Controlling Shareholder & (Family Estate),4/4/2023 5:01,Kansas,Midwest,1949.0,1.0,10.0,117.24,7.5,"$21,427,700,000,000 ",88.2,101.8,78.5,9.6,36.6,328239523.0,37.09024,-95.712891,Navigation equipment,1
659,4200,Finance & Investments,Marc Ladreit de Lacharriere,82.0,France,Paris,Finance,Finance & Investments,France,,True,U,M,11/6/1940 0:00,Ladreit de Lacharriere,Marc,Founder & Entrepreneur,4/4/2023 5:01,,,1940.0,11.0,6.0,110.05,1.1,"$2,715,518,274,227 ",65.6,102.5,82.5,24.2,60.7,67059887.0,46.227638,2.213749,Finance,1
659,4200,Technology,Eric Lefkofsky,53.0,United States,Glencoe,"Groupon, investments",Technology,United States,Groupon,True,U,M,9/2/1969 0:00,Lefkofsky,Eric,Chairman & Groupon,4/4/2023 5:01,Illinois,Midwest,1969.0,9.0,2.0,117.24,7.5,"$21,427,700,000,000 ",88.2,101.8,78.5,9.6,36.6,328239523.0,37.09024,-95.712891,"Groupon, investments",2
659,4200,Technology,Lin Bin,55.0,China,Shenzhen,Smartphones,Technology,United States,,True,D,M,2/1/1968 0:00,Lin,Bin,Founder & Entrepreneur,4/4/2023 5:01,,,1968.0,2.0,1.0,125.08,2.9,"$19,910,000,000,000 ",50.6,100.2,77.0,9.4,59.2,1397715000.0,35.86166,104.195397,Smartphones,1
659,4200,Finance & Investments,Lin Li,59.0,China,Shenzhen,Investments,Finance & Investments,China,,True,D,M,5/1/1963 0:00,Lin,Li,Founder & Entrepreneur,4/4/2023 5:01,,,1963.0,5.0,1.0,125.08,2.9,"$19,910,000,000,000 ",50.6,100.2,77.0,9.4,59.2,1397715000.0,35.86166,104.195397,Investments,1
659,4200,Technology,Michael Moritz,68.0,United States,San Francisco,Venture capital,Technology,United States,Sequoia,True,D,M,9/12/1954 0:00,Moritz,Michael,Founder & Lead Investor,4/4/2023 5:01,California,West,1954.0,9.0,12.0,117.24,7.5,"$21,427,700,000,000 ",88.2,101.8,78.5,9.6,36.6,328239523.0,37.09024,-95.712891,"Sequoia, Venture capital",2
659,4200,Service,Jean (Gigi) Pritzker,60.0,United States,Los Angeles,"Hotels, investments",Service,United States,,False,U,F,7/1/1962 0:00,Pritzker,Jean (Gigi),Heir & Major Shareholder & Hotels,4/4/2023 5:01,California,West,1962.0,7.0,1.0,117.24,7.5,"$21,427,700,000,000 ",88.2,101.8,78.5,9.6,36.6,328239523.0,37.09024,-95.712891,"Hotels, investments",2
659,4200,Automotive,E. Joe Shoen,73.0,United States,Phoenix,U-Haul,Automotive,United States,,False,U,M,10/28/1949 0:00,Shoen,E. Joe,Heir & Major Shareholder,4/4/2023 5:01,Arizona,West,1949.0,10.0,28.0,117.24,7.5,"$21,427,700,000,000 ",88.2,101.8,78.5,9.6,36.6,328239523.0,37.09024,-95.712891,U-Haul,1
659,4200,Technology,Jeff Skoll,58.0,United States,Los Angeles,EBay,Technology,United States,,True,D,M,1/16/1965 0:00,Skoll,Jeff,Founder & Entrepreneur,4/4/2023 5:01,California,West,1965.0,1.0,16.0,117.24,7.5,"$21,427,700,000,000 ",88.2,101.8,78.5,9.6,36.6,328239523.0,37.09024,-95.712891,EBay,1
659,4200,Food & Beverage,Lynsi Snyder,40.0,United States,Glendora,In-N-Out Burger,Food & Beverage,United States,,False,E,F,5/5/1982 0:00,Snyder,Lynsi,Heir & Major Shareholder,4/4/2023 5:01,California,West,1982.0,5.0,5.0,117.24,7.5,"$21,427,700,000,000 ",88.2,101.8,78.5,9.6,36.6,328239523.0,37.09024,-95.712891,In-N-Out Burger,1
659,4200,Fashion & Retail,Djoko Susanto,73.0,Indonesia,Jakarta,Supermarkets,Fashion & Retail,Indonesia,,True,U,M,2/9/1950 0:00,Susanto,Djoko,Founder & Entrepreneur,4/4/2023 5:01,,,1950.0,2.0,9.0,151.18,3.0,"$1,119,190,780,753 ",36.3,106.4,71.5,10.2,30.1,270203917.0,-0.789275,113.921327,Supermarkets,1
659,4200,Diversified,Tahir & family,71.0,Indonesia,Jakarta,Diversified,Diversified,Indonesia,,True,U,M,3/26/1952 0:00,Tahir,,Controlling Shareholder & (Family Estate),4/4/2023 5:01,,,1952.0,3.0,26.0,151.18,3.0,"$1,119,190,780,753 ",36.3,106.4,71.5,10.2,30.1,270203917.0,-0.789275,113.921327,Diversified,10
659,4200,Finance & Investments,Peter Thiel,55.0,United States,Los Angeles,"Facebook, investments",Finance & Investments,United States,Founders Fund,True,D,M,10/11/1967 0:00,Thiel,Peter,Founder & Lead Investor & Facebook,4/4/2023 5:01,California,West,1967.0,10.0,11.0,117.24,7.5,"$21,427,700,000,000 ",88.2,101.8,78.5,9.6,36.6,328239523.0,37.09024,-95.712891,"Facebook, Founders Fund, investments",3
679,4100,Food & Beverage,Andrej Babis,68.0,Czech Republic,Prague,Agriculture,Food & Beverage,Czech Republic,,True,D,M,9/2/1954 0:00,Babis,Andrej,Founder & Entrepreneur,4/4/2023 5:01,,,1954.0,9.0,2.0,116.48,2.8,"$246,489,245,495 ",64.1,100.7,79.0,14.9,46.1,10669709.0,49.817492,15.472962,Agriculture,1
679,4100,Service,Danielle Bellon & family,83.0,France,Paris,Food services,Service,France,,False,U,F,2/8/1940 0:00,Bellon,Danielle,Controlling Shareholder & (Family Estate),4/4/2023 5:01,,,1940.0,2.0,8.0,110.05,1.1,"$2,715,518,274,227 ",65.6,102.5,82.5,24.2,60.7,67059887.0,46.227638,2.213749,Food services,1
679,4100,Media & Entertainment,Hubert Burda,83.0,Germany,Munich,Publishing,Media & Entertainment,Germany,,False,U,M,2/9/1940 0:00,Burda,Hubert,Heir & Major Shareholder,4/4/2023 5:01,,,1940.0,2.0,9.0,112.85,1.4,"$3,845,630,030,824 ",70.2,104.0,80.9,11.5,48.8,83132799.0,51.165691,10.451526,Publishing,1
679,4100,Food & Beverage,Nick Caporella,87.0,United States,Plantation,Beverages,Food & Beverage,United States,,True,U,M,1/15/1936 0:00,Caporella,Nick,Founder & Entrepreneur,4/4/2023 5:01,Florida,South,1936.0,1.0,15.0,117.24,7.5,"$21,427,700,000,000 ",88.2,101.8,78.5,9.6,36.6,328239523.0,37.09024,-95.712891,Beverages,1
679,4100,Energy,John Catsimatidis,74.0,United States,New York,"Oil, real estate",Energy,United States,,True,U,M,9/7/1948 0:00,Catsimatidis,John,Founder & Entrepreneur & Oil,4/4/2023 5:01,New York,Northeast,1948.0,9.0,7.0,117.24,7.5,"$21,427,700,000,000 ",88.2,101.8,78.5,9.6,36.6,328239523.0,37.09024,-95.712891,"Oil, real estate",2
679,4100,Technology,Scott Cook,70.0,United States,Woodside,Software,Technology,United States,,True,D,M,7/26/1952 0:00,Cook,Scott,Founder & Entrepreneur,4/4/2023 5:01,California,West,1952.0,7.0,26.0,117.24,7.5,"$21,427,700,000,000 ",88.2,101.8,78.5,9.6,36.6,328239523.0,37.09024,-95.712891,Software,1
679,4100,Food & Beverage,Luca Garavoglia,54.0,Italy,Milan,Spirits,Food & Beverage,Italy,,False,U,M,2/27/1969 0:00,Garavoglia,Luca,Heir & Major Shareholder,4/4/2023 5:01,,,1969.0,2.0,27.0,110.62,0.6,"$2,001,244,392,042 ",61.9,101.9,82.9,24.3,59.1,60297396.0,41.87194,12.56738,Spirits,1
679,4100,Manufacturing,Antti Herlin,66.0,Finland,Kirkkonummi,"Elevators, escalators",Manufacturing,Finland,,False,D,M,11/14/1956 0:00,Herlin,Antti,Heir & Major Shareholder & Elevators,4/4/2023 5:01,,,1956.0,11.0,14.0,112.33,1.0,"$268,761,201,365 ",88.2,100.2,81.7,20.8,36.6,5520314.0,61.92411,25.748151,"Elevators, escalators",2
679,4100,Manufacturing,Hong Jie,55.0,China,Putian,Paint,Manufacturing,China,,True,U,M,10/1/1967 0:00,Hong,Jie,Founder & Entrepreneur,4/4/2023 5:01,,,1967.0,10.0,1.0,125.08,2.9,"$19,910,000,000,000 ",50.6,100.2,77.0,9.4,59.2,1397715000.0,35.86166,104.195397,Paint,1
679,4100,Service,"Jeremy Jacobs, Sr. & family",83.0,United States,East Aurora,Food service,Service,United States,,False,U,M,1/21/1940 0:00,Jacobs,Jeremy,Controlling Shareholder & (Family Estate),4/4/2023 5:01,New York,Northeast,1940.0,1.0,21.0,117.24,7.5,"$21,427,700,000,000 ",88.2,101.8,78.5,9.6,36.6,328239523.0,37.09024,-95.712891,Food service,1
679,4100,Fashion & Retail,Igor Kesaev,56.0,Russia,Moscow,"Tobacco distribution, retail",Fashion & Retail,Russia,,True,U,M,10/30/1966 0:00,Kesaev,Igor,Founder & Entrepreneur & distribution,4/4/2023 5:01,,,1966.0,10.0,30.0,180.75,4.5,"$1,699,876,578,871 ",81.9,102.6,72.7,11.4,46.2,144373535.0,61.52401,105.318756,"Tobacco distribution, retail",2
679,4100,Food & Beverage,Mary Alice Dorrance Malone,73.0,United States,Coatesville,Campbell Soup,Food & Beverage,United States,,False,U,F,2/3/1950 0:00,Malone,Mary Alice Dorrance,Heir & Major Shareholder,4/4/2023 5:01,Pennsylvania,Northeast,1950.0,2.0,3.0,117.24,7.5,"$21,427,700,000,000 ",88.2,101.8,78.5,9.6,36.6,328239523.0,37.09024,-95.712891,Campbell Soup,1
679,4100,Diversified,Joao Moreira Salles,61.0,Brazil,Rio de Janeiro,"Banking, minerals",Diversified,Brazil,,False,U,M,1/1/1962 0:00,Moreira Salles,Joao,Heir & Major Shareholder & Banking,4/4/2023 5:01,,,1962.0,1.0,1.0,167.4,3.7,"$1,839,758,040,766 ",51.3,115.4,75.7,14.2,65.1,212559417.0,-14.235004,-51.92528,"Banking, minerals",2
679,4100,Finance & Investments,Walther Moreira Salles Junior,66.0,Brazil,Rio de Janeiro,"Banking, minerals",Finance & Investments,Brazil,,False,U,M,4/12/1956 0:00,Moreira Salles Junior,Walther,Heir & Major Shareholder & Banking,4/4/2023 5:01,,,1956.0,4.0,12.0,167.4,3.7,"$1,839,758,040,766 ",51.3,115.4,75.7,14.2,65.1,212559417.0,-14.235004,-51.92528,"Banking, minerals",2
679,4100,Sports,Arturo Moreno,76.0,United States,Phoenix,"Billboards, Los Angeles Angels",Sports,United States,,True,U,M,8/14/1946 0:00,Moreno,Arturo,Founder & Entrepreneur & Billboards & Los,4/4/2023 5:01,Arizona,West,1946.0,8.0,14.0,117.24,7.5,"$21,427,700,000,000 ",88.2,101.8,78.5,9.6,36.6,328239523.0,37.09024,-95.712891,"Billboards, Los Angeles Angels",2
679,4100,Manufacturing,Peter Spuhler,63.0,Switzerland,Weiningen,Train cars,Manufacturing,Switzerland,,True,D,M,9/1/1959 0:00,Spuhler,Peter,Founder & Entrepreneur,4/4/2023 5:01,,,1959.0,9.0,1.0,99.55,0.4,"$703,082,435,360 ",59.6,105.2,83.6,10.1,28.8,8574832.0,46.818188,8.227512,Train cars,1
679,4100,Real Estate,Donald Sterling,88.0,United States,Beverly Hills,Real estate,Real Estate,United States,,True,U,M,4/26/1934 0:00,Sterling,Donald,Founder & Entrepreneur,4/4/2023 5:01,California,West,1934.0,4.0,26.0,117.24,7.5,"$21,427,700,000,000 ",88.2,101.8,78.5,9.6,36.6,328239523.0,37.09024,-95.712891,Real estate,1
679,4100,Diversified,Kerry Stokes,82.0,Australia,Perth,"Construction equipment, media",Diversified,Australia,,True,D,M,9/13/1940 0:00,Stokes,Kerry,Founder & Entrepreneur & equipment,4/4/2023 5:01,,,1940.0,9.0,13.0,119.8,1.6,"$1,392,680,589,329 ",113.1,100.3,82.7,23.0,47.4,25766605.0,-25.274398,133.775136,"Construction equipment, media",2
679,4100,Technology,Ken Xie,60.0,United States,Los Altos Hills,Cybersecurity,Technology,United States,,True,D,M,1/26/1963 0:00,Xie,Ken,Founder & Entrepreneur,4/4/2023 5:01,California,West,1963.0,1.0,26.0,117.24,7.5,"$21,427,700,000,000 ",88.2,101.8,78.5,9.6,36.6,328239523.0,37.09024,-95.712891,Cybersecurity,1
679,4100,Healthcare,Liangzhi Xie & family,57.0,China,Beijing,Biotech,Healthcare,China,,True,D,M,1/1/1966 0:00,Xie,Liangzhi,Controlling Shareholder & (Family Estate),4/4/2023 5:01,,,1966.0,1.0,1.0,125.08,2.9,"$19,910,000,000,000 ",50.6,100.2,77.0,9.4,59.2,1397715000.0,35.86166,104.195397,Biotech,1
699,4000,Energy,Sid Bass,80.0,United States,Fort Worth,"Oil, investments",Energy,United States,,False,U,M,4/9/1942 0:00,Bass,Sid,Heir & Major Shareholder & Oil,4/4/2023 5:01,Texas,South,1942.0,4.0,9.0,117.24,7.5,"$21,427,700,000,000 ",88.2,101.8,78.5,9.6,36.6,328239523.0,37.09024,-95.712891,"Oil, investments",2
699,4000,Technology,Ben Chestnut,48.0,United States,Atlanta,Email marketing,Technology,United States,,True,D,M,6/15/1974 0:00,Chestnut,Ben,Founder & Entrepreneur,4/4/2023 5:01,Georgia,South,1974.0,6.0,15.0,117.24,7.5,"$21,427,700,000,000 ",88.2,101.8,78.5,9.6,36.6,328239523.0,37.09024,-95.712891,Email marketing,1
699,4000,Food & Beverage,Elisabeth DeLuca & family,75.0,United States,,Subway,Food & Beverage,United States,,False,N,F,7/25/1947 0:00,DeLuca,Elisabeth,Controlling Shareholder & (Family Estate),4/4/2023 5:01,,South,1947.0,7.0,25.0,117.24,7.5,"$21,427,700,000,000 ",88.2,101.8,78.5,9.6,36.6,328239523.0,37.09024,-95.712891,Subway,1
699,4000,Diversified,Guangchang Guo,56.0,China,Shanghai,Conglomerate,Diversified,China,,True,D,M,2/16/1967 0:00,Guo,Guangchang,Founder & Entrepreneur,4/4/2023 5:01,,,1967.0,2.0,16.0,125.08,2.9,"$19,910,000,000,000 ",50.6,100.2,77.0,9.4,59.2,1397715000.0,35.86166,104.195397,Conglomerate,1
699,4000,Manufacturing,Vinod Rai Gupta,77.0,India,Delhi,Electrical equipment,Manufacturing,India,,False,U,F,9/15/1945 0:00,Gupta,Vinod Rai,Heir & Major Shareholder,4/4/2023 5:01,,,1945.0,9.0,15.0,180.44,7.7,"$2,611,000,000,000 ",28.1,113.0,69.4,11.2,49.7,1366417754.0,20.593684,78.96288,Electrical equipment,1
699,4000,Sports,John Henry,73.0,United States,Boca Raton,Sports,Sports,United States,,True,U,M,9/13/1949 0:00,Henry,John,Founder & Entrepreneur,4/4/2023 5:01,Florida,South,1949.0,9.0,13.0,117.24,7.5,"$21,427,700,000,000 ",88.2,101.8,78.5,9.6,36.6,328239523.0,37.09024,-95.712891,Sports,1
699,4000,Technology,Travis Kalanick,46.0,United States,Los Angeles,Uber,Technology,United States,Uber Technologies Inc.,True,U,M,8/6/1976 0:00,Kalanick,Travis,Founder & Lead Investor,4/4/2023 5:01,California,West,1976.0,8.0,6.0,117.24,7.5,"$21,427,700,000,000 ",88.2,101.8,78.5,9.6,36.6,328239523.0,37.09024,-95.712891,"Uber, Uber Technologies Inc.",2
699,4000,Manufacturing,Koon Poh Keong,61.0,Malaysia,Petaling Jaya,Aluminum,Manufacturing,Malaysia,,True,D,M,4/25/1961 0:00,Koon,Poh Keong,Founder & Entrepreneur,4/4/2023 5:01,,,1961.0,4.0,25.0,121.46,0.7,"$364,701,517,788 ",45.1,105.3,76.0,12.0,38.7,32447385.0,4.210484,101.975766,Aluminum,1
699,4000,Technology,Dan Kurzius,51.0,United States,Atlanta,Email marketing,Technology,United States,,True,D,M,12/1/1971 0:00,Kurzius,Dan,Founder & Entrepreneur,4/4/2023 5:01,Georgia,South,1971.0,12.0,1.0,117.24,7.5,"$21,427,700,000,000 ",88.2,101.8,78.5,9.6,36.6,328239523.0,37.09024,-95.712891,Email marketing,1
699,4000,Manufacturing,Paul Lee,65.0,China,Yuxi,Battery separators,Manufacturing,United States,,True,D,M,1/1/1958 0:00,Lee,Paul,Founder & Entrepreneur,4/4/2023 5:01,,,1958.0,1.0,1.0,125.08,2.9,"$19,910,000,000,000 ",50.6,100.2,77.0,9.4,59.2,1397715000.0,35.86166,104.195397,Battery separators,1
699,4000,Technology,Tobi Lutke,42.0,Canada,Ottawa,E-commerce,Technology,Canada,,True,D,M,7/16/1980 0:00,Lutke,Tobi,Founder & Entrepreneur,4/4/2023 5:01,,,1980.0,7.0,16.0,116.76,1.9,"$1,736,425,629,520 ",68.9,100.9,81.9,12.8,24.5,36991981.0,56.130366,-106.346771,E-commerce,1
699,4000,Automotive,Gail Miller,79.0,United States,Salt Lake City,Car dealerships,Automotive,United States,,True,U,F,10/14/1943 0:00,Miller,Gail,Founder & Entrepreneur & Car,4/4/2023 5:01,Utah,West,1943.0,10.0,14.0,117.24,7.5,"$21,427,700,000,000 ",88.2,101.8,78.5,9.6,36.6,328239523.0,37.09024,-95.712891,Car dealerships,1
699,4000,Telecom,Rajan Mittal,63.0,India,Delhi,Telecom,Telecom,India,,False,Split Family Fortune,M,1/5/1960 0:00,Mittal,Rajan,Heir & Major Shareholder,4/4/2023 5:01,,,1960.0,1.0,5.0,180.44,7.7,"$2,611,000,000,000 ",28.1,113.0,69.4,11.2,49.7,1366417754.0,20.593684,78.96288,Telecom,1
699,4000,Telecom,Rakesh Mittal,67.0,India,Delhi,Telecom,Telecom,India,,False,Split Family Fortune,M,9/18/1955 0:00,Mittal,Rakesh,Heir & Major Shareholder,4/4/2023 5:01,,,1955.0,9.0,18.0,180.44,7.7,"$2,611,000,000,000 ",28.1,113.0,69.4,11.2,49.7,1366417754.0,20.593684,78.96288,Telecom,1
699,4000,Media & Entertainment,Isaac Perlmutter,80.0,United States,Palm Beach,Marvel comics,Media & Entertainment,United States,Marvel Entertainment,True,D,M,12/1/1942 0:00,Perlmutter,Isaac,Chairman,4/4/2023 5:01,Florida,South,1942.0,12.0,1.0,117.24,7.5,"$21,427,700,000,000 ",88.2,101.8,78.5,9.6,36.6,328239523.0,37.09024,-95.712891,"Marvel Entertainment, Marvel comics",2
699,4000,Finance & Investments,"Bernard Saul, II.",90.0,United States,Chevy Chase,"Banking, real estate",Finance & Investments,United States,Saul Centers,False,U,M,4/15/1932 0:00,Saul,Bernard,Chairman and CEO,4/4/2023 5:01,Maryland,South,1932.0,4.0,15.0,117.24,7.5,"$21,427,700,000,000 ",88.2,101.8,78.5,9.6,36.6,328239523.0,37.09024,-95.712891,"Banking, Saul Centers, real estate",3
699,4000,Telecom,Shaul Shani,68.0,Italy,Milan,Telecom,Telecom,Israel,,True,D,M,1/1/1955 0:00,Shani,Shaul,Founder & Entrepreneur,4/4/2023 5:01,,,1955.0,1.0,1.0,110.62,0.6,"$2,001,244,392,042 ",61.9,101.9,82.9,24.3,59.1,60297396.0,41.87194,12.56738,Telecom,1
699,4000,Media & Entertainment,Steven Spielberg,76.0,United States,Pacific Palisades,Movies,Media & Entertainment,United States,,True,U,M,12/18/1946 0:00,Spielberg,Steven,Founder & Entrepreneur,4/4/2023 5:01,California,West,1946.0,12.0,18.0,117.24,7.5,"$21,427,700,000,000 ",88.2,101.8,78.5,9.6,36.6,328239523.0,37.09024,-95.712891,Movies,1
699,4000,Healthcare,Jerzy Starak,75.0,Poland,Konstancin,Pharmaceuticals,Healthcare,Poland,,True,E,M,12/12/1947 0:00,Starak,Jerzy,Founder & Entrepreneur,4/4/2023 5:01,,,1947.0,12.0,12.0,114.11,2.2,"$592,164,400,688 ",67.8,100.0,77.6,17.4,40.8,37970874.0,51.919438,19.145136,Pharmaceuticals,1
699,4000,Energy,Torbjorn Tornqvist,69.0,Switzerland,Geneva,Oil trading,Energy,Sweden,,True,U,M,11/8/1953 0:00,Tornqvist,Torbjorn,Founder & Entrepreneur & Oil,4/4/2023 5:01,,,1953.0,11.0,8.0,99.55,0.4,"$703,082,435,360 ",59.6,105.2,83.6,10.1,28.8,8574832.0,46.818188,8.227512,Oil trading,1
699,4000,Metals & Mining,Rufino Vigil Gonzalez,74.0,Mexico,Mexico City,Steel,Metals & Mining,Mexico,,True,U,M,6/1/1948 0:00,Vigil Gonzalez,Rufino,Founder & Entrepreneur,4/4/2023 5:01,,,1948.0,6.0,1.0,141.54,3.6,"$1,258,286,717,125 ",40.2,105.8,75.0,13.1,55.1,126014024.0,23.634501,-102.552784,Steel,1
699,4000,Diversified,Zhang Daocai,73.0,China,Shaoxing,Valves,Diversified,China,,True,U,M,1/1/1950 0:00,Zhang,Daocai,Founder & Entrepreneur,4/4/2023 5:01,,,1950.0,1.0,1.0,125.08,2.9,"$19,910,000,000,000 ",50.6,100.2,77.0,9.4,59.2,1397715000.0,35.86166,104.195397,Valves,1
721,3900,Manufacturing,Juergen Blickle,76.0,Germany,Bruchsal,Auto parts,Manufacturing,Germany,,False,D,M,1/1/1947 0:00,Blickle,Juergen,Heir & Major Shareholder,4/4/2023 5:01,,,1947.0,1.0,1.0,112.85,1.4,"$3,845,630,030,824 ",70.2,104.0,80.9,11.5,48.8,83132799.0,51.165691,10.451526,Auto parts,1
721,3900,Food & Beverage,"Austen Cargill, II.",72.0,United States,Livingston,Cargill,Food & Beverage,United States,,False,D,M,3/9/1951 0:00,Cargill,Austen,Heir & Major Shareholder,4/4/2023 5:01,Montana,West,1951.0,3.0,9.0,117.24,7.5,"$21,427,700,000,000 ",88.2,101.8,78.5,9.6,36.6,328239523.0,37.09024,-95.712891,Cargill,1
721,3900,Food & Beverage,"James Cargill, II.",73.0,United States,Birchwood,Cargill,Food & Beverage,United States,,False,D,M,4/7/1949 0:00,Cargill,James,Heir & Major Shareholder,4/4/2023 5:01,Wisconsin,Midwest,1949.0,4.0,7.0,117.24,7.5,"$21,427,700,000,000 ",88.2,101.8,78.5,9.6,36.6,328239523.0,37.09024,-95.712891,Cargill,1
721,3900,Finance & Investments,Vanich Chaiyawan,91.0,Thailand,Bangkok,"Insurance, beverages",Finance & Investments,Thailand,,True,U,M,1/1/1932 0:00,Chaiyawan,Vanich,Founder & Entrepreneur & Insurance,4/4/2023 5:01,,,1932.0,1.0,1.0,113.27,0.7,"$543,649,976,166 ",49.3,99.8,76.9,14.9,29.5,69625582.0,15.870032,100.992541,"Insurance, beverages",2
721,3900,Finance & Investments,Chen Dongsheng,65.0,China,Beijing,Insurance,Finance & Investments,China,,True,U,M,12/1/1957 0:00,Chen,Dongsheng,Founder & Entrepreneur,4/4/2023 5:01,,,1957.0,12.0,1.0,125.08,2.9,"$19,910,000,000,000 ",50.6,100.2,77.0,9.4,59.2,1397715000.0,35.86166,104.195397,Insurance,1
721,3900,Automotive,Mong-Koo Chung,85.0,South Korea,Seoul,Hyundai,Automotive,South Korea,,False,D,M,3/19/1938 0:00,Chung,Mong-Koo,Heir & Major Shareholder,4/4/2023 5:01,,,1938.0,3.0,19.0,115.16,0.4,"$2,029,000,000,000 ",94.3,98.1,82.6,15.6,33.2,51709098.0,35.907757,127.766922,Hyundai,1
721,3900,Finance & Investments,Kenneth Dart,67.0,Cayman Islands,George Town,Investments,Finance & Investments,Belize,,False,U,M,4/21/1955 0:00,Dart,Kenneth,Heir & Major Shareholder,4/4/2023 5:01,,,1955.0,4.0,21.0,,,,,,,,,,,,Investments,1
721,3900,Fashion & Retail,Giuseppe De'Longhi & family,83.0,Italy,Treviso,Coffee makers,Fashion & Retail,Italy,,False,D,M,4/24/1939 0:00,De'Longhi,Giuseppe,Controlling Shareholder & (Family Estate),4/4/2023 5:01,,,1939.0,4.0,24.0,110.62,0.6,"$2,001,244,392,042 ",61.9,101.9,82.9,24.3,59.1,60297396.0,41.87194,12.56738,Coffee makers,1
721,3900,Healthcare,Guenther Fielmann & family,83.0,Germany,Hamburg,Optometry,Healthcare,Germany,,True,D,M,9/17/1939 0:00,Fielmann,Guenther,Controlling Shareholder & (Family Estate),4/4/2023 5:01,,,1939.0,9.0,17.0,112.85,1.4,"$3,845,630,030,824 ",70.2,104.0,80.9,11.5,48.8,83132799.0,51.165691,10.451526,Optometry,1
721,3900,Energy,W. Herbert Hunt,94.0,United States,Dallas,Oil,Energy,United States,,False,D,M,3/6/1929 0:00,Hunt,W. Herbert,Heir & Major Shareholder & Oil,4/4/2023 5:01,Texas,South,1929.0,3.0,6.0,117.24,7.5,"$21,427,700,000,000 ",88.2,101.8,78.5,9.6,36.6,328239523.0,37.09024,-95.712891,Oil,1
721,3900,Sports,James Irsay,63.0,United States,Carmel,Indianapolis Colts,Sports,United States,Indianapolis Colts,False,U,M,6/13/1959 0:00,Irsay,James,CEO,4/4/2023 5:01,Indiana,Midwest,1959.0,6.0,13.0,117.24,7.5,"$21,427,700,000,000 ",88.2,101.8,78.5,9.6,36.6,328239523.0,37.09024,-95.712891,Indianapolis Colts,1
721,3900,Diversified,Somurai Jaruphnit,,Thailand,Bangkok,Diversified,Diversified,Thailand,,False,N,F,,Jaruphnit,Somurai,Heir & Major Shareholder,4/4/2023 5:01,,,,,,113.27,0.7,"$543,649,976,166 ",49.3,99.8,76.9,14.9,29.5,69625582.0,15.870032,100.992541,Diversified,10
721,3900,Food & Beverage,Marianne Liebmann,69.0,United States,Bozeman,Cargill,Food & Beverage,United States,,False,D,F,7/11/1953 0:00,Liebmann,Marianne,Heir & Major Shareholder,4/4/2023 5:01,Montana,West,1953.0,7.0,11.0,117.24,7.5,"$21,427,700,000,000 ",88.2,101.8,78.5,9.6,36.6,328239523.0,37.09024,-95.712891,Cargill,1
721,3900,Healthcare,Jorge Moll Filho & family,78.0,Brazil,Rio de Janeiro,Hospitals,Healthcare,Brazil,,True,D,M,1/1/1945 0:00,Moll Filho,Jorge,Controlling Shareholder & (Family Estate),4/4/2023 5:01,,,1945.0,1.0,1.0,167.4,3.7,"$1,839,758,040,766 ",51.3,115.4,75.7,14.2,65.1,212559417.0,-14.235004,-51.92528,Hospitals,1
721,3900,Diversified,Fernando Roberto Moreira Salles,76.0,Brazil,Sao Paulo,"Banking, minerals",Diversified,Brazil,,False,U,M,5/29/1946 0:00,Moreira Salles,Fernando Roberto,Heir & Major Shareholder & Banking,4/4/2023 5:01,,,1946.0,5.0,29.0,167.4,3.7,"$1,839,758,040,766 ",51.3,115.4,75.7,14.2,65.1,212559417.0,-14.235004,-51.92528,"Banking, minerals",2
721,3900,Diversified,Pedro Moreira Salles,63.0,Brazil,Sao Paulo,"Banking, minerals",Diversified,Brazil,,False,U,M,10/20/1959 0:00,Moreira Salles,Pedro,Heir & Major Shareholder & Banking,4/4/2023 5:01,,,1959.0,10.0,20.0,167.4,3.7,"$1,839,758,040,766 ",51.3,115.4,75.7,14.2,65.1,212559417.0,-14.235004,-51.92528,"Banking, minerals",2
721,3900,Gambling & Casinos,Gabe Newell,60.0,United States,Seattle,Videogames,Gambling & Casinos,United States,Valve Corporation,True,E,M,11/3/1962 0:00,Newell,Gabe,Cofounder and CEO,4/4/2023 5:01,Washington,West,1962.0,11.0,3.0,117.24,7.5,"$21,427,700,000,000 ",88.2,101.8,78.5,9.6,36.6,328239523.0,37.09024,-95.712891,"Valve Corporation, Videogames",2
721,3900,Fashion & Retail,Alfred Oetker,56.0,Germany,Bielefeld,Consumer goods,Fashion & Retail,Germany,,False,U,M,1/1/1967 0:00,Oetker,Alfred,Heir & Major Shareholder,4/4/2023 5:01,,,1967.0,1.0,1.0,112.85,1.4,"$3,845,630,030,824 ",70.2,104.0,80.9,11.5,48.8,83132799.0,51.165691,10.451526,Consumer goods,1
721,3900,Fashion & Retail,Carl Ferdinand Oetker,50.0,Germany,Bielefeld,Consumer goods,Fashion & Retail,Germany,,False,U,M,10/3/1972 0:00,Oetker,Carl Ferdinand,Heir & Major Shareholder,4/4/2023 5:01,,,1972.0,10.0,3.0,112.85,1.4,"$3,845,630,030,824 ",70.2,104.0,80.9,11.5,48.8,83132799.0,51.165691,10.451526,Consumer goods,1
721,3900,Fashion & Retail,Julia Oetker,44.0,Germany,Bielefeld,Consumer goods,Fashion & Retail,Germany,,False,U,F,1/26/1979 0:00,Oetker,Julia,Heir & Major Shareholder,4/4/2023 5:01,,,1979.0,1.0,26.0,112.85,1.4,"$3,845,630,030,824 ",70.2,104.0,80.9,11.5,48.8,83132799.0,51.165691,10.451526,Consumer goods,1
721,3900,Manufacturing,Ruan Hongliang & family,62.0,China,Jiaxing,Glass,Manufacturing,China,,True,D,M,1/1/1961 0:00,Ruan,Hongliang,Controlling Shareholder & (Family Estate),4/4/2023 5:01,,,1961.0,1.0,1.0,125.08,2.9,"$19,910,000,000,000 ",50.6,100.2,77.0,9.4,59.2,1397715000.0,35.86166,104.195397,Glass,1
721,3900,Finance & Investments,Mark Stevens,63.0,United States,Steamboat Springs,Venture capital,Finance & Investments,United States,,True,D,M,2/17/1960 0:00,Stevens,Mark,Founder & Entrepreneur,4/4/2023 5:01,Colorado,West,1960.0,2.0,17.0,117.24,7.5,"$21,427,700,000,000 ",88.2,101.8,78.5,9.6,36.6,328239523.0,37.09024,-95.712891,Venture capital,1
721,3900,Finance & Investments,Tsai Hong-tu,70.0,Taiwan,Taipei,Finance,Finance & Investments,Taiwan,,False,D,M,8/1/1952 0:00,Tsai,Hong-tu,Heir & Major Shareholder,4/4/2023 5:01,,,1952.0,8.0,1.0,,,,,,,,,,,,Finance,1
721,3900,Food & Beverage,Nusli Wadia,79.0,India,Mumbai,Consumer goods,Food & Beverage,India,,False,U,M,2/15/1944 0:00,Wadia,Nusli,Heir & Major Shareholder,4/4/2023 5:01,,,1944.0,2.0,15.0,180.44,7.7,"$2,611,000,000,000 ",28.1,113.0,69.4,11.2,49.7,1366417754.0,20.593684,78.96288,Consumer goods,1
721,3900,Healthcare,Wu Yiling,73.0,China,Shijiazhuang,Pharmaceuticals,Healthcare,China,,True,E,M,10/24/1949 0:00,Wu,Yiling,Founder & Entrepreneur,4/4/2023 5:01,,,1949.0,10.0,24.0,125.08,2.9,"$19,910,000,000,000 ",50.6,100.2,77.0,9.4,59.2,1397715000.0,35.86166,104.195397,Pharmaceuticals,1
721,3900,Manufacturing,Yu Renrong,57.0,China,Ningbo,Semiconductors,Manufacturing,China,,True,D,M,4/1/1966 0:00,Yu,Renrong,Founder & Entrepreneur,4/4/2023 5:01,,,1966.0,4.0,1.0,125.08,2.9,"$19,910,000,000,000 ",50.6,100.2,77.0,9.4,59.2,1397715000.0,35.86166,104.195397,Semiconductors,1
721,3900,Healthcare,Zhu Baoguo & family,60.0,China,Shenzhen,Pharmaceuticals,Healthcare,China,,True,D,M,4/25/1962 0:00,Zhu,Baoguo,Controlling Shareholder & (Family Estate),4/4/2023 5:01,,,1962.0,4.0,25.0,125.08,2.9,"$19,910,000,000,000 ",50.6,100.2,77.0,9.4,59.2,1397715000.0,35.86166,104.195397,Pharmaceuticals,1
748,3800,Service,Rahul Bhatia,63.0,India,Delhi,Aviation,Service,India,,False,Split Family Fortune,M,6/10/1959 0:00,Bhatia,Rahul,Heir & Major Shareholder,4/4/2023 5:01,,,1959.0,6.0,10.0,180.44,7.7,"$2,611,000,000,000 ",28.1,113.0,69.4,11.2,49.7,1366417754.0,20.593684,78.96288,Aviation,1
748,3800,Construction & Engineering,Francesco Gaetano Caltagirone,80.0,Italy,Rome,"Cement, diversified",Construction & Engineering,Italy,,True,D,M,3/21/1943 0:00,Caltagirone,Francesco Gaetano,Founder & Entrepreneur & Cement,4/4/2023 5:01,,,1943.0,3.0,21.0,110.62,0.6,"$2,001,244,392,042 ",61.9,101.9,82.9,24.3,59.1,60297396.0,41.87194,12.56738,"Cement, diversified",10
748,3800,Media & Entertainment,Barry Diller,81.0,United States,New York,Online media,Media & Entertainment,United States,,True,D,M,2/2/1942 0:00,Diller,Barry,Founder & Entrepreneur,4/4/2023 5:01,New York,Northeast,1942.0,2.0,2.0,117.24,7.5,"$21,427,700,000,000 ",88.2,101.8,78.5,9.6,36.6,328239523.0,37.09024,-95.712891,Online media,1
748,3800,Finance & Investments,Wesley Edens,61.0,United States,New York,Investments,Finance & Investments,United States,,True,U,M,10/31/1961 0:00,Edens,Wesley,Founder & Entrepreneur,4/4/2023 5:01,New York,Northeast,1961.0,10.0,31.0,117.24,7.5,"$21,427,700,000,000 ",88.2,101.8,78.5,9.6,36.6,328239523.0,37.09024,-95.712891,Investments,1
748,3800,Finance & Investments,Stephen Feinberg,63.0,United States,New York,Private equity,Finance & Investments,United States,Cerberus Capital Management,True,U,M,3/29/1960 0:00,Feinberg,Stephen,Co-founder and CEO,4/4/2023 5:01,New York,Northeast,1960.0,3.0,29.0,117.24,7.5,"$21,427,700,000,000 ",88.2,101.8,78.5,9.6,36.6,328239523.0,37.09024,-95.712891,"Cerberus Capital Management, Private equity",2
748,3800,Service,Rakesh Gangwal,69.0,United States,Miami,Airline,Service,United States,,True,D,M,7/25/1953 0:00,Gangwal,Rakesh,Founder & Entrepreneur,4/4/2023 5:01,Florida,South,1953.0,7.0,25.0,117.24,7.5,"$21,427,700,000,000 ",88.2,101.8,78.5,9.6,36.6,328239523.0,37.09024,-95.712891,Airline,1
748,3800,Food & Beverage,Joseph Grendys,61.0,United States,Chicago,Poultry processing,Food & Beverage,United States,,True,U,M,12/1/1961 0:00,Grendys,Joseph,Founder & Entrepreneur,4/4/2023 5:01,Illinois,Midwest,1961.0,12.0,1.0,117.24,7.5,"$21,427,700,000,000 ",88.2,101.8,78.5,9.6,36.6,328239523.0,37.09024,-95.712891,Poultry processing,1
748,3800,Media & Entertainment,Martha Ingram & family,87.0,United States,Nashville,"Book distribution, transportation",Media & Entertainment,United States,"Ingram Industries, Inc.",False,D,F,8/20/1935 0:00,Ingram,Martha,Former Chairman,4/4/2023 5:01,Tennessee,South,1935.0,8.0,20.0,117.24,7.5,"$21,427,700,000,000 ",88.2,101.8,78.5,9.6,36.6,328239523.0,37.09024,-95.712891,"Book distribution, Ingram Industries, Inc., transportation",3
748,3800,Automotive,Li Xiang,41.0,China,Beijing,Electric vehicles,Automotive,China,,True,D,M,10/1/1981 0:00,Li,Xiang,Founder & Entrepreneur,4/4/2023 5:01,,,1981.0,10.0,1.0,125.08,2.9,"$19,910,000,000,000 ",50.6,100.2,77.0,9.4,59.2,1397715000.0,35.86166,104.195397,Electric vehicles,1
748,3800,Real Estate,"H. Ross Perot, Jr.",64.0,United States,Dallas,Real estate,Real Estate,United States,,False,U,M,11/7/1958 0:00,Perot,H. Ross,Heir & Major Shareholder,4/4/2023 5:01,Texas,South,1958.0,11.0,7.0,117.24,7.5,"$21,427,700,000,000 ",88.2,101.8,78.5,9.6,36.6,328239523.0,37.09024,-95.712891,Real estate,1
748,3800,Real Estate,Chandru Raheja,82.0,India,Mumbai,Real estate,Real Estate,India,,False,U,M,10/1/1940 0:00,Raheja,Chandru,Heir & Major Shareholder,4/4/2023 5:01,,,1940.0,10.0,1.0,180.44,7.7,"$2,611,000,000,000 ",28.1,113.0,69.4,11.2,49.7,1366417754.0,20.593684,78.96288,Real estate,1
748,3800,Energy,Trevor Rees-Jones,71.0,United States,Dallas,Oil & gas,Energy,United States,,True,D,M,8/12/1951 0:00,Rees-Jones,Trevor,Founder & Entrepreneur & Oil & gas,4/4/2023 5:01,Texas,South,1951.0,8.0,12.0,117.24,7.5,"$21,427,700,000,000 ",88.2,101.8,78.5,9.6,36.6,328239523.0,37.09024,-95.712891,Oil & gas,1
748,3800,Telecom,Yasumitsu Shigeta,58.0,Japan,Tokyo,Mobile phone retailer,Telecom,Japan,,True,U,M,2/25/1965 0:00,Shigeta,Yasumitsu,Founder & Entrepreneur,4/4/2023 5:01,,,1965.0,2.0,25.0,105.48,0.5,"$5,081,769,542,380 ",63.2,98.8,84.2,11.9,46.7,126226568.0,36.204824,138.252924,Mobile phone retailer,1
748,3800,Healthcare,Su Qingcan,54.0,China,Xiamen,Healthcare,Healthcare,China,,True,N,M,1/1/1969 0:00,Su,Qingcan,Founder & Entrepreneur,4/4/2023 5:01,,,1969.0,1.0,1.0,125.08,2.9,"$19,910,000,000,000 ",50.6,100.2,77.0,9.4,59.2,1397715000.0,35.86166,104.195397,Healthcare,1
748,3800,Finance & Investments,Tsai Cheng-ta,73.0,Taiwan,Taipei,Finance,Finance & Investments,Taiwan,,False,D,M,4/1/1950 0:00,Tsai,Cheng-ta,Heir & Major Shareholder,4/4/2023 5:01,,,1950.0,4.0,1.0,,,,,,,,,,,,Finance,1
748,3800,Service,Steven Udvar-Hazy,77.0,United States,Westlake,Aircraft leasing,Service,United States,Air Lease Corp.,True,D,M,2/23/1946 0:00,Udvar-Hazy,Steven,CEO and Chairman,4/4/2023 5:01,Texas,South,1946.0,2.0,23.0,117.24,7.5,"$21,427,700,000,000 ",88.2,101.8,78.5,9.6,36.6,328239523.0,37.09024,-95.712891,"Air Lease Corp., Aircraft leasing",2
748,3800,Manufacturing,Elizabeth Uihlein,77.0,United States,Lake Forest,Packaging materials,Manufacturing,United States,,True,N,F,7/7/1945 0:00,Uihlein,Elizabeth,Founder & Lead Investor,4/4/2023 5:01,Illinois,Midwest,1945.0,7.0,7.0,117.24,7.5,"$21,427,700,000,000 ",88.2,101.8,78.5,9.6,36.6,328239523.0,37.09024,-95.712891,Packaging materials,1
748,3800,Manufacturing,Richard Uihlein,77.0,United States,Lake Forest,Packaging materials,Manufacturing,United States,,True,N,M,8/27/1945 0:00,Uihlein,Richard,Founder & Entrepreneur,4/4/2023 5:01,Illinois,Midwest,1945.0,8.0,27.0,117.24,7.5,"$21,427,700,000,000 ",88.2,101.8,78.5,9.6,36.6,328239523.0,37.09024,-95.712891,Packaging materials,1
766,3700,Finance & Investments,Hayes Barnard,51.0,United States,Austin,Fintech,Finance & Investments,United States,,True,N,M,2/15/1972 0:00,Barnard,Hayes,Founder & Entrepreneur,4/4/2023 5:01,Texas,South,1972.0,2.0,15.0,117.24,7.5,"$21,427,700,000,000 ",88.2,101.8,78.5,9.6,36.6,328239523.0,37.09024,-95.712891,Fintech,1
766,3700,Finance & Investments,William Berkley,76.0,United States,Coconut Grove,Insurance,Finance & Investments,United States,WR Berkley,True,E,M,9/1/1946 0:00,Berkley,William,Chairman and CEO,4/4/2023 5:01,Florida,South,1946.0,9.0,1.0,117.24,7.5,"$21,427,700,000,000 ",88.2,101.8,78.5,9.6,36.6,328239523.0,37.09024,-95.712891,"Insurance, WR Berkley",2
766,3700,Real Estate,Charles Cohen,71.0,United States,New York,Real estate,Real Estate,United States,,False,U,M,2/8/1952 0:00,Cohen,Charles,Heir & Major Shareholder,4/4/2023 5:01,New York,Northeast,1952.0,2.0,8.0,117.24,7.5,"$21,427,700,000,000 ",88.2,101.8,78.5,9.6,36.6,328239523.0,37.09024,-95.712891,Real estate,1
766,3700,Real Estate,Yakir Gabay,56.0,United Kingdom,London,Real estate,Real Estate,Cyprus,,True,D,M,4/13/1966 0:00,Gabay,Yakir,Founder & Entrepreneur,4/4/2023 5:01,,,1966.0,4.0,13.0,119.62,1.7,"$2,827,113,184,696 ",60.0,101.2,81.3,25.5,30.6,66834405.0,55.378051,-3.435973,Real estate,1
766,3700,Technology,Huang Li,59.0,China,Wuhan,Imaging systems,Technology,China,,True,D,M,6/27/1963 0:00,Huang,Li,Founder & Entrepreneur,4/4/2023 5:01,,,1963.0,6.0,27.0,125.08,2.9,"$19,910,000,000,000 ",50.6,100.2,77.0,9.4,59.2,1397715000.0,35.86166,104.195397,Imaging systems,1
766,3700,Logistics,Brad Jacobs,66.0,United States,Greenwich,Logistics,Logistics,United States,,True,E,M,7/1/1956 0:00,Jacobs,Brad,Founder & Entrepreneur,4/4/2023 5:01,Connecticut,Northeast,1956.0,7.0,1.0,117.24,7.5,"$21,427,700,000,000 ",88.2,101.8,78.5,9.6,36.6,328239523.0,37.09024,-95.712891,Logistics,1
766,3700,Real Estate,Ji Qi,56.0,China,Shanghai,"Hotels, motels",Real Estate,China,,True,U,M,10/1/1966 0:00,Ji,Qi,Founder & Entrepreneur & Hotels,4/4/2023 5:01,,,1966.0,10.0,1.0,125.08,2.9,"$19,910,000,000,000 ",50.6,100.2,77.0,9.4,59.2,1397715000.0,35.86166,104.195397,"Hotels, motels",2
766,3700,Media & Entertainment,Jason Jiang,50.0,China,Shanghai,Advertising,Media & Entertainment,Singapore,,True,D,M,1/1/1973 0:00,Jiang,Jason,Founder & Entrepreneur,4/4/2023 5:01,,,1973.0,1.0,1.0,125.08,2.9,"$19,910,000,000,000 ",50.6,100.2,77.0,9.4,59.2,1397715000.0,35.86166,104.195397,Advertising,1
766,3700,Technology,Jim Kavanaugh,60.0,United States,St. Louis,IT provider,Technology,United States,,True,U,M,10/17/1962 0:00,Kavanaugh,Jim,Founder & Entrepreneur & IT,4/4/2023 5:01,Missouri,Midwest,1962.0,10.0,17.0,117.24,7.5,"$21,427,700,000,000 ",88.2,101.8,78.5,9.6,36.6,328239523.0,37.09024,-95.712891,IT provider,1
766,3700,Real Estate,Richard LeFrak & family,77.0,United States,New York,Real estate,Real Estate,United States,,False,E,M,8/29/1945 0:00,LeFrak,Richard,Controlling Shareholder & (Family ),4/4/2023 5:01,New York,Northeast,1945.0,8.0,29.0,117.24,7.5,"$21,427,700,000,000 ",88.2,101.8,78.5,9.6,36.6,328239523.0,37.09024,-95.712891,Real estate,1
766,3700,Finance & Investments,Mikhail Lomtadze,47.0,Kazakhstan,Almaty,Fintech,Finance & Investments,Georgia,,True,U,M,10/17/1975 0:00,Lomtadze,Mikhail,Founder & Entrepreneur,4/4/2023 5:01,,,1975.0,10.0,17.0,182.75,5.2,"$180,161,741,180 ",61.7,104.4,73.2,11.7,28.4,18513930.0,48.019573,66.923684,Fintech,1
766,3700,Fashion & Retail,Tom Morris,68.0,United Kingdom,Merseyside,Retail,Fashion & Retail,United Kingdom,,True,U,M,10/2/1954 0:00,Morris,Tom,Founder & Entrepreneur,4/4/2023 5:01,,,1954.0,10.0,2.0,119.62,1.7,"$2,827,113,184,696 ",60.0,101.2,81.3,25.5,30.6,66834405.0,55.378051,-3.435973,Retail,1
766,3700,Manufacturing,Shigenobu Nagamori,78.0,Japan,Kyoto,Motors,Manufacturing,Japan,,True,D,M,8/28/1944 0:00,Nagamori,Shigenobu,Founder & Entrepreneur,4/4/2023 5:01,,,1944.0,8.0,28.0,105.48,0.5,"$5,081,769,542,380 ",63.2,98.8,84.2,11.9,46.7,126226568.0,36.204824,138.252924,Motors,1
766,3700,Finance & Investments,Daniel Och,62.0,United States,Miami Beach,Hedge funds,Finance & Investments,United States,Och-Ziff Capital Management,True,D,M,1/27/1961 0:00,Och,Daniel,Founder,4/4/2023 5:01,Florida,South,1961.0,1.0,27.0,117.24,7.5,"$21,427,700,000,000 ",88.2,101.8,78.5,9.6,36.6,328239523.0,37.09024,-95.712891,"Hedge funds, Och-Ziff Capital Management",2
766,3700,Fashion & Retail,Horst Paulmann & family,88.0,Chile,Santiago,Retail,Fashion & Retail,Chile,,True,U,M,1/1/1935 0:00,Paulmann,Horst,Controlling Shareholder & (Family Estate),4/4/2023 5:01,,,1935.0,1.0,1.0,131.91,2.6,"$282,318,159,745 ",88.5,101.4,80.0,18.2,34.0,18952038.0,-35.675147,-71.542969,Retail,1
766,3700,Service,Anthony Pritzker,62.0,United States,Los Angeles,"Hotels, investments",Service,United States,,False,E,M,1/7/1961 0:00,Pritzker,Anthony,Heir & Major Shareholder & Hotels,4/4/2023 5:01,California,West,1961.0,1.0,7.0,117.24,7.5,"$21,427,700,000,000 ",88.2,101.8,78.5,9.6,36.6,328239523.0,37.09024,-95.712891,"Hotels, investments",2
766,3700,Technology,John Sall,75.0,United States,Cary,Software,Technology,United States,SAS Institute,True,U,M,4/4/1948 0:00,Sall,John,Co-Founder & Executive Vice President,4/4/2023 5:01,North Carolina,South,1948.0,4.0,4.0,117.24,7.5,"$21,427,700,000,000 ",88.2,101.8,78.5,9.6,36.6,328239523.0,37.09024,-95.712891,"SAS Institute, Software",2
766,3700,Food & Beverage,Howard Schultz,69.0,United States,Seattle,Starbucks,Food & Beverage,United States,,True,D,M,7/19/1953 0:00,Schultz,Howard,Founder & Entrepreneur,4/4/2023 5:01,Washington,West,1953.0,7.0,19.0,117.24,7.5,"$21,427,700,000,000 ",88.2,101.8,78.5,9.6,36.6,328239523.0,37.09024,-95.712891,Starbucks,1
766,3700,Fashion & Retail,Richard Schulze,82.0,United States,Naples,Best Buy,Fashion & Retail,United States,Best Buy Co. Inc.,True,D,M,1/2/1941 0:00,Schulze,Richard,Chairman & Buy,4/4/2023 5:01,Florida,South,1941.0,1.0,2.0,117.24,7.5,"$21,427,700,000,000 ",88.2,101.8,78.5,9.6,36.6,328239523.0,37.09024,-95.712891,"Best Buy, Best Buy Co. Inc.",2
766,3700,Real Estate,Yitzhak Tshuva,74.0,Israel,Netanya,Real estate,Real Estate,Israel,,True,D,M,7/7/1948 0:00,Tshuva,Yitzhak,Founder & Entrepreneur,4/4/2023 5:01,,,1948.0,7.0,7.0,108.15,0.8,"$395,098,666,122 ",63.4,104.9,82.8,23.1,25.3,9053300.0,31.046051,34.851612,Real estate,1
766,3700,Manufacturing,Wang Yanqing & family,56.0,China,Wuxi,Electrical equipment,Manufacturing,China,,True,D,M,4/7/1966 0:00,Wang,Yanqing,Controlling Shareholder & (Family Estate),4/4/2023 5:01,,,1966.0,4.0,7.0,125.08,2.9,"$19,910,000,000,000 ",50.6,100.2,77.0,9.4,59.2,1397715000.0,35.86166,104.195397,Electrical equipment,1
787,3600,Diversified,Rajiv Bajaj,56.0,India,Pune,Diversified,Diversified,India,,False,Split Family Fortune,M,12/21/1966 0:00,Bajaj,Rajiv,Heir & Major Shareholder,4/4/2023 5:01,,,1966.0,12.0,21.0,180.44,7.7,"$2,611,000,000,000 ",28.1,113.0,69.4,11.2,49.7,1366417754.0,20.593684,78.96288,Diversified,10
787,3600,Diversified,Sanjiv Bajaj,53.0,India,Pune,Diversified,Diversified,India,,False,Split Family Fortune,M,11/2/1969 0:00,Bajaj,Sanjiv,Heir & Major Shareholder,4/4/2023 5:01,,,1969.0,11.0,2.0,180.44,7.7,"$2,611,000,000,000 ",28.1,113.0,69.4,11.2,49.7,1366417754.0,20.593684,78.96288,Diversified,10
787,3600,Finance & Investments,Leonid Boguslavsky,71.0,Italy,Florence,Venture capital,Finance & Investments,Canada,,True,D,M,6/17/1951 0:00,Boguslavsky,Leonid,Founder & Entrepreneur,4/4/2023 5:01,,,1951.0,6.0,17.0,110.62,0.6,"$2,001,244,392,042 ",61.9,101.9,82.9,24.3,59.1,60297396.0,41.87194,12.56738,Venture capital,1
787,3600,Finance & Investments,Jim Coulter,63.0,United States,San Francisco,Private equity,Finance & Investments,United States,,True,U,M,12/1/1959 0:00,Coulter,Jim,Founder & Entrepreneur,4/4/2023 5:01,California,West,1959.0,12.0,1.0,117.24,7.5,"$21,427,700,000,000 ",88.2,101.8,78.5,9.6,36.6,328239523.0,37.09024,-95.712891,Private equity,1
787,3600,Automotive,Nicolas D'Ieteren,47.0,Switzerland,Anzere,"Auto parts, distribution",Automotive,Belgium,,False,N,M,4/13/1975 0:00,D'Ieteren,Nicolas ,Heir & Major Shareholder & parts,4/4/2023 5:01,,,1975.0,4.0,13.0,99.55,0.4,"$703,082,435,360 ",59.6,105.2,83.6,10.1,28.8,8574832.0,46.818188,8.227512,"Auto parts, distribution",2
787,3600,Food & Beverage,Beatriz Davila de Santo Domingo,84.0,Bermuda,,Beer,Food & Beverage,Colombia,,False,U,F,3/7/1939 0:00,Davila de Santo Domingo,Beatriz,Heir & Major Shareholder,4/4/2023 5:01,,,1939.0,3.0,7.0,,,,,,,,,,,,Beer,1
787,3600,Real Estate,Bob Gaglardi,82.0,Canada,Vancouver,Hotels,Real Estate,Canada,,True,U,M,2/19/1941 0:00,Gaglardi,Bob,Founder & Entrepreneur,4/4/2023 5:01,,,1941.0,2.0,19.0,116.76,1.9,"$1,736,425,629,520 ",68.9,100.9,81.9,12.8,24.5,36991981.0,56.130366,-106.346771,Hotels,1
787,3600,Finance & Investments,Jaime Gilinski Bacal,65.0,United Kingdom,London,Banking,Finance & Investments,Colombia,,False,D,M,12/14/1957 0:00,Gilinski Bacal,Jaime,Heir & Major Shareholder,4/4/2023 5:01,,,1957.0,12.0,14.0,119.62,1.7,"$2,827,113,184,696 ",60.0,101.2,81.3,25.5,30.6,66834405.0,55.378051,-3.435973,Banking,1
787,3600,Gambling & Casinos,Pansy Ho,60.0,Hong Kong,Hong Kong,Casinos,Gambling & Casinos,Hong Kong,,False,U,F,8/26/1962 0:00,Ho,Pansy,Heir & Major Shareholder,4/4/2023 5:01,,,1962.0,8.0,26.0,,,,,,,,,,,,Casinos,1
787,3600,Finance & Investments,Alan Howard,59.0,Switzerland,Geneva,Hedge funds,Finance & Investments,United Kingdom,Brevan Howard Asset Management,True,U,M,9/1/1963 0:00,Howard,Alan,Founder,4/4/2023 5:01,,,1963.0,9.0,1.0,99.55,0.4,"$703,082,435,360 ",59.6,105.2,83.6,10.1,28.8,8574832.0,46.818188,8.227512,"Brevan Howard Asset Management, Hedge funds",2
787,3600,Automotive,Huang Yi,61.0,China,Beijing,Car dealerships,Automotive,Hong Kong,,True,D,M,1/1/1962 0:00,Huang,Yi,Founder & Entrepreneur & Car,4/4/2023 5:01,,,1962.0,1.0,1.0,125.08,2.9,"$19,910,000,000,000 ",50.6,100.2,77.0,9.4,59.2,1397715000.0,35.86166,104.195397,Car dealerships,1
787,3600,Finance & Investments,Peter Kellogg,80.0,United States,Short Hills,Investments,Finance & Investments,United States,,False,E,M,9/1/1942 0:00,Kellogg,Peter,Heir & Major Shareholder,4/4/2023 5:01,New Jersey,Northeast,1942.0,9.0,1.0,117.24,7.5,"$21,427,700,000,000 ",88.2,101.8,78.5,9.6,36.6,328239523.0,37.09024,-95.712891,Investments,1
787,3600,Finance & Investments,Vyacheslav Kim,53.0,Kazakhstan,Almaty,Fintech,Finance & Investments,Kazakhstan,,True,U,M,6/12/1969 0:00,Kim,Vyacheslav,Founder & Entrepreneur,4/4/2023 5:01,,,1969.0,6.0,12.0,182.75,5.2,"$180,161,741,180 ",61.7,104.4,73.2,11.7,28.4,18513930.0,48.019573,66.923684,Fintech,1
787,3600,Finance & Investments,Josh Kushner,37.0,United States,New York City,Venture capital,Finance & Investments,United States,Thrive Capital,True,U,M,6/12/1985 0:00,Kushner,Josh,Founder & Lead Investor,4/4/2023 5:01,New York,Northeast,1985.0,6.0,12.0,117.24,7.5,"$21,427,700,000,000 ",88.2,101.8,78.5,9.6,36.6,328239523.0,37.09024,-95.712891,"Thrive Capital, Venture capital",2
787,3600,Real Estate,Samuel Tak Lee,83.0,Hong Kong,Hong Kong,Real estate,Real Estate,Hong Kong,,False,D,M,4/9/1939 0:00,Lee,Samuel Tak,Heir & Major Shareholder,4/4/2023 5:01,,,1939.0,4.0,9.0,,,,,,,,,,,,Real estate,1
787,3600,Real Estate,Edwin Leong,71.0,Hong Kong,Hong Kong,Real estate,Real Estate,Hong Kong,,True,D,M,12/4/1951 0:00,Leong,Edwin,Founder & Entrepreneur,4/4/2023 5:01,,,1951.0,12.0,4.0,,,,,,,,,,,,Real estate,1
787,3600,Finance & Investments,"Stephen Mandel, Jr.",67.0,United States,Greenwich,Hedge funds,Finance & Investments,United States,Lone Pine Capital,True,D,M,3/12/1956 0:00,Mandel,Stephen,Founder,4/4/2023 5:01,Connecticut,Northeast,1956.0,3.0,12.0,117.24,7.5,"$21,427,700,000,000 ",88.2,101.8,78.5,9.6,36.6,328239523.0,37.09024,-95.712891,"Hedge funds, Lone Pine Capital",2
787,3600,Diversified,Mohamed Mansour,75.0,United Kingdom,London,Diversified,Diversified,Egypt,,True,U,M,1/23/1948 0:00,Mansour,Mohamed,Founder & Entrepreneur,4/4/2023 5:01,,,1948.0,1.0,23.0,119.62,1.7,"$2,827,113,184,696 ",60.0,101.2,81.3,25.5,30.6,66834405.0,55.378051,-3.435973,Diversified,10
787,3600,Fashion & Retail,Masahiro Miki,67.0,Japan,Tokyo,Shoes,Fashion & Retail,Japan,,True,U,M,7/26/1955 0:00,Miki,Masahiro,Founder & Entrepreneur,4/4/2023 5:01,,,1955.0,7.0,26.0,105.48,0.5,"$5,081,769,542,380 ",63.2,98.8,84.2,11.9,46.7,126226568.0,36.204824,138.252924,Shoes,1
787,3600,Technology,Masahiro Noda,84.0,Japan,Tokyo,Software,Technology,Japan,,True,U,M,8/24/1938 0:00,Noda,Masahiro,Founder & Entrepreneur,4/4/2023 5:01,,,1938.0,8.0,24.0,105.48,0.5,"$5,081,769,542,380 ",63.2,98.8,84.2,11.9,46.7,126226568.0,36.204824,138.252924,Software,1
787,3600,Technology,Cliff Obrecht,37.0,Australia,Sydney,Software,Technology,Australia,,True,D,M,12/28/1985 0:00,Obrecht,Cliff,Founder & Entrepreneur,4/4/2023 5:01,,,1985.0,12.0,28.0,119.8,1.6,"$1,392,680,589,329 ",113.1,100.3,82.7,23.0,47.4,25766605.0,-25.274398,133.775136,Software,1
787,3600,Technology,Melanie Perkins,35.0,Australia,Sydney,Software,Technology,Australia,Canva,True,D,F,5/13/1987 0:00,Perkins,Melanie,Cofounder & CEO,4/4/2023 5:01,,,1987.0,5.0,13.0,119.8,1.6,"$1,392,680,589,329 ",113.1,100.3,82.7,23.0,47.4,25766605.0,-25.274398,133.775136,"Canva, Software",2
787,3600,Finance & Investments,J.B. Pritzker,58.0,United States,Springfield,"Hotels, investments",Finance & Investments,United States,,False,E,M,1/19/1965 0:00,Pritzker,J.B.,Heir & Major Shareholder & Hotels,4/4/2023 5:01,Illinois,Midwest,1965.0,1.0,19.0,117.24,7.5,"$21,427,700,000,000 ",88.2,101.8,78.5,9.6,36.6,328239523.0,37.09024,-95.712891,"Hotels, investments",2
787,3600,Fashion & Retail,Juan Roig,73.0,Spain,Valencia,Supermarkets,Fashion & Retail,Spain,,False,D,M,10/8/1949 0:00,Roig,Juan,Heir & Major Shareholder,4/4/2023 5:01,,,1949.0,10.0,8.0,110.96,0.7,"$1,394,116,310,769 ",88.9,102.7,83.3,14.2,47.0,47076781.0,40.463667,-3.74922,Supermarkets,1
787,3600,Real Estate,Jerry Speyer & family,82.0,United States,New York,Real estate,Real Estate,United States,,True,E,M,6/23/1940 0:00,Speyer,Jerry,Controlling Shareholder & (Family ),4/4/2023 5:01,New York,Northeast,1940.0,6.0,23.0,117.24,7.5,"$21,427,700,000,000 ",88.2,101.8,78.5,9.6,36.6,328239523.0,37.09024,-95.712891,Real estate,1
787,3600,Fashion & Retail,Lawrence Stroll,63.0,Switzerland,Geneva,Fashion investments,Fashion & Retail,Canada,,True,U,M,7/11/1959 0:00,Stroll,Lawrence,Founder & Entrepreneur,4/4/2023 5:01,,,1959.0,7.0,11.0,99.55,0.4,"$703,082,435,360 ",59.6,105.2,83.6,10.1,28.8,8574832.0,46.818188,8.227512,Fashion investments,1
787,3600,Logistics,Tung Chee Chen,80.0,Hong Kong,Hong Kong,Shipping,Logistics,Hong Kong,,False,E,M,12/15/1942 0:00,Tung,Chee Chen,Heir & Major Shareholder,4/4/2023 5:01,,,1942.0,12.0,15.0,,,,,,,,,,,,Shipping,1
787,3600,Food & Beverage,Wang Junlin,60.0,China,Chengdu,Liquor,Food & Beverage,China,,True,D,M,9/1/1962 0:00,Wang,Junlin,Founder & Entrepreneur,4/4/2023 5:01,,,1962.0,9.0,1.0,125.08,2.9,"$19,910,000,000,000 ",50.6,100.2,77.0,9.4,59.2,1397715000.0,35.86166,104.195397,Liquor,1
787,3600,Automotive,Xia Zuoquan,61.0,China,Shenzhen,"Automobiles, batteries",Automotive,China,,True,U,M,1/1/1962 0:00,Xia,Zuoquan,Founder & Entrepreneur & Automobiles,4/4/2023 5:01,,,1962.0,1.0,1.0,125.08,2.9,"$19,910,000,000,000 ",50.6,100.2,77.0,9.4,59.2,1397715000.0,35.86166,104.195397,"Automobiles, batteries",2
787,3600,Technology,Zeng Fangqin,57.0,China,Shenzhen,Smartphone components,Technology,China,,True,D,F,12/25/1965 0:00,Zeng,Fangqin,Founder & Entrepreneur,4/4/2023 5:01,,,1965.0,12.0,25.0,125.08,2.9,"$19,910,000,000,000 ",50.6,100.2,77.0,9.4,59.2,1397715000.0,35.86166,104.195397,Smartphone components,1
787,3600,Manufacturing,Zhang Jian,54.0,China,Tianjin,"Electric bikes, scooters",Manufacturing,China,,True,U,M,1/1/1969 0:00,Zhang,Jian,Founder & Entrepreneur & bikes,4/4/2023 5:01,,,1969.0,1.0,1.0,125.08,2.9,"$19,910,000,000,000 ",50.6,100.2,77.0,9.4,59.2,1397715000.0,35.86166,104.195397,"Electric bikes, scooters",2
818,3500,Fashion & Retail,Rocco Basilico,33.0,United States,Los Angeles,Eyeglasses,Fashion & Retail,Italy,,False,N,M,7/11/1989 0:00,Basilico,Rocco,Heir & Major Shareholder,4/4/2023 5:01,California,West,1989.0,7.0,11.0,117.24,7.5,"$21,427,700,000,000 ",88.2,101.8,78.5,9.6,36.6,328239523.0,37.09024,-95.712891,Eyeglasses,1
818,3500,Healthcare,Maurizio Billi,65.0,Brazil,Sao Paulo,Generic drugs,Healthcare,Brazil,,False,U,M,11/22/1957 0:00,Billi,Maurizio,Heir & Major Shareholder,4/4/2023 5:01,,,1957.0,11.0,22.0,167.4,3.7,"$1,839,758,040,766 ",51.3,115.4,75.7,14.2,65.1,212559417.0,-14.235004,-51.92528,Generic drugs,1
818,3500,Finance & Investments,Fashu Chen,62.0,China,Fuzhou,Investments,Finance & Investments,China,,True,D,M,10/26/1960 0:00,Chen,Fashu,Founder & Entrepreneur,4/4/2023 5:01,,,1960.0,10.0,26.0,125.08,2.9,"$19,910,000,000,000 ",50.6,100.2,77.0,9.4,59.2,1397715000.0,35.86166,104.195397,Investments,1
818,3500,Manufacturing,Giuseppe Crippa & family,87.0,Italy,Cernusco Lombardone,Microchip testing,Manufacturing,Italy,,True,U,M,5/5/1935 0:00,Crippa,Giuseppe,Controlling Shareholder & (Family Estate),4/4/2023 5:01,,,1935.0,5.0,5.0,110.62,0.6,"$2,001,244,392,042 ",61.9,101.9,82.9,24.3,59.1,60297396.0,41.87194,12.56738,Microchip testing,1
818,3500,Finance & Investments,Daniel D'Aniello,76.0,United States,Vienna,Private equity,Finance & Investments,United States,,True,D,M,9/14/1946 0:00,D'Aniello,Daniel,Founder & Entrepreneur,4/4/2023 5:01,Virginia,South,1946.0,9.0,14.0,117.24,7.5,"$21,427,700,000,000 ",88.2,101.8,78.5,9.6,36.6,328239523.0,37.09024,-95.712891,Private equity,1
818,3500,Fashion & Retail,Claudio Del Vecchio,66.0,United States,Muttontown,Eyeglasses,Fashion & Retail,Italy,,False,N,M,2/26/1957 0:00,Del Vecchio,Claudio,Heir & Major Shareholder,4/4/2023 5:01,New York,Northeast,1957.0,2.0,26.0,117.24,7.5,"$21,427,700,000,000 ",88.2,101.8,78.5,9.6,36.6,328239523.0,37.09024,-95.712891,Eyeglasses,1
818,3500,Fashion & Retail,Clemente Del Vecchio,18.0,Italy,Milan,Eyeglases,Fashion & Retail,Italy,,False,N,M,5/6/2004 0:00,Del Vecchio,Clemente,Heir & Major Shareholder,4/4/2023 5:01,,,2004.0,5.0,6.0,110.62,0.6,"$2,001,244,392,042 ",61.9,101.9,82.9,24.3,59.1,60297396.0,41.87194,12.56738,Eyeglases,1
818,3500,Fashion & Retail,Leonardo Maria Del Vecchio,27.0,Italy,Milan,Eyeglasses,Fashion & Retail,Italy,,False,N,M,5/6/1995 0:00,Del Vecchio,Leonardo Maria,Heir & Major Shareholder,4/4/2023 5:01,,,1995.0,5.0,6.0,110.62,0.6,"$2,001,244,392,042 ",61.9,101.9,82.9,24.3,59.1,60297396.0,41.87194,12.56738,Eyeglasses,1
818,3500,Fashion & Retail,Luca Del Vecchio,21.0,Italy,Milan,Eyeglasses,Fashion & Retail,Italy,,False,N,M,8/31/2001 0:00,Del Vecchio,Luca,Heir & Major Shareholder,4/4/2023 5:01,,,2001.0,8.0,31.0,110.62,0.6,"$2,001,244,392,042 ",61.9,101.9,82.9,24.3,59.1,60297396.0,41.87194,12.56738,Eyeglasses,1
818,3500,Fashion & Retail,Marisa Del Vecchio,64.0,Italy,Rome,Eyeglasses,Fashion & Retail,Italy,,False,N,F,7/10/1958 0:00,Del Vecchio,Marisa,Heir & Major Shareholder,4/4/2023 5:01,,,1958.0,7.0,10.0,110.62,0.6,"$2,001,244,392,042 ",61.9,101.9,82.9,24.3,59.1,60297396.0,41.87194,12.56738,Eyeglasses,1
818,3500,Fashion & Retail,Paola Del Vecchio,61.0,Luxembourg,Luxembourg,Eyeglasses,Fashion & Retail,Italy,,False,N,F,5/14/1961 0:00,Del Vecchio,Paola,Heir & Major Shareholder,4/4/2023 5:01,,,1961.0,5.0,14.0,115.09,1.7,"$71,104,919,108 ",19.2,102.3,82.1,26.5,20.4,645397.0,49.815273,6.129583,Eyeglasses,1
818,3500,Finance & Investments,Walter P.J. Droege,70.0,Germany,Dusseldorf,Investing,Finance & Investments,Germany,,True,D,M,11/25/1952 0:00,Droege,Walter P.J.,Founder & Entrepreneur,4/4/2023 5:01,,,1952.0,11.0,25.0,112.85,1.4,"$3,845,630,030,824 ",70.2,104.0,80.9,11.5,48.8,83132799.0,51.165691,10.451526,Investing,1
818,3500,Fashion & Retail,Fan Daidi,57.0,China,Xian,Skincare,Fashion & Retail,China,,True,N,F,1/1/1966 0:00,Fan ,Daidi,Founder & Entrepreneur,4/4/2023 5:01,,,1966.0,1.0,1.0,125.08,2.9,"$19,910,000,000,000 ",50.6,100.2,77.0,9.4,59.2,1397715000.0,35.86166,104.195397,Skincare,1
818,3500,Technology,Peter Gassner,58.0,United States,Pleasanton,Software,Technology,United States,,True,U,M,2/26/1965 0:00,Gassner,Peter,Founder & Entrepreneur,4/4/2023 5:01,California,West,1965.0,2.0,26.0,117.24,7.5,"$21,427,700,000,000 ",88.2,101.8,78.5,9.6,36.6,328239523.0,37.09024,-95.712891,Software,1
818,3500,Energy,Mikhail Gutseriev,65.0,Russia,Moscow,"Oil, coal, real estate",Energy,Russia,,True,U,M,3/9/1958 0:00,Gutseriev,Mikhail,Founder & Entrepreneur & Oil & coal,4/4/2023 5:01,,,1958.0,3.0,9.0,180.75,4.5,"$1,699,876,578,871 ",81.9,102.6,72.7,11.4,46.2,144373535.0,61.52401,105.318756,"Oil, coal, real estate",3
818,3500,Manufacturing,Patrick Lee,81.0,Hong Kong,Hong Kong,Paper,Manufacturing,Hong Kong,,True,D,M,1/1/1942 0:00,Lee,Patrick,Founder & Entrepreneur,4/4/2023 5:01,,,1942.0,1.0,1.0,,,,,,,,,,,,Paper,1
818,3500,Food & Beverage,Leng Youbin,54.0,China,Beijing,Infant formula,Food & Beverage,China,,True,D,M,1/1/1969 0:00,Leng,Youbin,Founder & Entrepreneur,4/4/2023 5:01,,,1969.0,1.0,1.0,125.08,2.9,"$19,910,000,000,000 ",50.6,100.2,77.0,9.4,59.2,1397715000.0,35.86166,104.195397,Infant formula,1
818,3500,Finance & Investments,Daniel Loeb,61.0,United States,New York,Hedge funds,Finance & Investments,United States,Third Point,True,D,M,12/18/1961 0:00,Loeb,Daniel,Founder & Lead Investor,4/4/2023 5:01,New York,Northeast,1961.0,12.0,18.0,117.24,7.5,"$21,427,700,000,000 ",88.2,101.8,78.5,9.6,36.6,328239523.0,37.09024,-95.712891,"Hedge funds, Third Point",2
818,3500,Food & Beverage,Margarita Louis-Dreyfus & family,60.0,Switzerland,Davos,Commodities,Food & Beverage,Switzerland,Louis Dreyfus SAS,False,D,F,6/1/1962 0:00,Louis-Dreyfus,Margarita,Controlling Shareholder & (Family Estate),4/4/2023 5:01,,,1962.0,6.0,1.0,99.55,0.4,"$703,082,435,360 ",59.6,105.2,83.6,10.1,28.8,8574832.0,46.818188,8.227512,"Commodities, Louis Dreyfus SAS",2
818,3500,Healthcare,Prasert Prasarttong-Osoth,90.0,Thailand,Bangkok,Hospitals,Healthcare,Thailand,,True,U,M,3/26/1933 0:00,Prasarttong-Osoth,Prasert,Founder & Entrepreneur,4/4/2023 5:01,,,1933.0,3.0,26.0,113.27,0.7,"$543,649,976,166 ",49.3,99.8,76.9,14.9,29.5,69625582.0,15.870032,100.992541,Hospitals,1
818,3500,Finance & Investments,Ira Rennert,88.0,United States,New York,Investments,Finance & Investments,United States,,True,D,M,5/31/1934 0:00,Rennert,Ira,Founder & Entrepreneur,4/4/2023 5:01,New York,Northeast,1934.0,5.0,31.0,117.24,7.5,"$21,427,700,000,000 ",88.2,101.8,78.5,9.6,36.6,328239523.0,37.09024,-95.712891,Investments,1
818,3500,Fashion & Retail,Dirk Rossmann & family,76.0,Germany,Lower-Saxony,Drugstores,Fashion & Retail,Germany,,True,U,M,9/7/1946 0:00,Rossmann,Dirk,Controlling Shareholder & (Family Estate),4/4/2023 5:01,,,1946.0,9.0,7.0,112.85,1.4,"$3,845,630,030,824 ",70.2,104.0,80.9,11.5,48.8,83132799.0,51.165691,10.451526,Drugstores,1
818,3500,Construction & Engineering,Arkady Rotenberg,71.0,Russia,Moscow,"Construction, pipes, banking",Construction & Engineering,Russia,,True,U,M,12/15/1951 0:00,Rotenberg,Arkady,Founder & Entrepreneur & Construction & pipes,4/4/2023 5:01,,,1951.0,12.0,15.0,180.75,4.5,"$1,699,876,578,871 ",81.9,102.6,72.7,11.4,46.2,144373535.0,61.52401,105.318756,"Construction, banking, pipes",3
818,3500,Fashion & Retail,Remo Ruffini,61.0,Italy,Como,Winter jackets,Fashion & Retail,Italy,,True,U,M,8/27/1961 0:00,Ruffini,Remo,Founder & Entrepreneur,4/4/2023 5:01,,,1961.0,8.0,27.0,110.62,0.6,"$2,001,244,392,042 ",61.9,101.9,82.9,24.3,59.1,60297396.0,41.87194,12.56738,Winter jackets,1
818,3500,Healthcare,Karin Sartorius-Herbst,,Germany,Northeim,Biopharmaceuticals,Healthcare,Germany,,False,U,F,,Sartorius-Herbst,Karin,Heir & Major Shareholder,4/4/2023 5:01,,,,,,112.85,1.4,"$3,845,630,030,824 ",70.2,104.0,80.9,11.5,48.8,83132799.0,51.165691,10.451526,Biopharmaceuticals,1
818,3500,Automotive,Vivek Chaand Sehgal,66.0,India,Delhi,Auto parts,Automotive,Australia,,True,U,M,9/28/1956 0:00,Sehgal,Vivek Chaand,Founder & Entrepreneur,4/4/2023 5:01,,,1956.0,9.0,28.0,180.44,7.7,"$2,611,000,000,000 ",28.1,113.0,69.4,11.2,49.7,1366417754.0,20.593684,78.96288,Auto parts,1
818,3500,Finance & Investments,Scott Shleifer,45.0,United States,New York,Private equity,Finance & Investments,United States,Tiger Global Management,True,D,M,6/14/1977 0:00,Shleifer,Scott,Founder & Lead Investor,4/4/2023 5:01,New York,Northeast,1977.0,6.0,14.0,117.24,7.5,"$21,427,700,000,000 ",88.2,101.8,78.5,9.6,36.6,328239523.0,37.09024,-95.712891,"Private equity, Tiger Global Management",2
818,3500,Technology,Thomas Siebel,70.0,United States,Woodside,Business software,Technology,United States,,True,E,M,11/22/1952 0:00,Siebel,Thomas,Founder & Entrepreneur,4/4/2023 5:01,California,West,1952.0,11.0,22.0,117.24,7.5,"$21,427,700,000,000 ",88.2,101.8,78.5,9.6,36.6,328239523.0,37.09024,-95.712891,Business software,1
818,3500,Manufacturing,Wim van der Leegte & family,75.0,Netherlands,Eindhoven,Manufacturing,Manufacturing,Netherlands,,False,U,M,8/23/1947 0:00,van der Leegte,Wim,Controlling Shareholder & (Family Estate),4/4/2023 5:01,,,1947.0,8.0,23.0,115.91,2.6,"$909,070,395,161 ",85.0,104.2,81.8,23.0,41.2,17332850.0,52.132633,5.291266,Manufacturing,1
818,3500,Diversified,Xiao Yongming & family,58.0,China,Beijing,Fertilizer,Diversified,China,,True,D,M,7/1/1964 0:00,Xiao,Yongming,Controlling Shareholder & (Family Estate),4/4/2023 5:01,,,1964.0,7.0,1.0,125.08,2.9,"$19,910,000,000,000 ",50.6,100.2,77.0,9.4,59.2,1397715000.0,35.86166,104.195397,Fertilizer,1
818,3500,Technology,Michael Xie,54.0,United States,Los Altos Hills,Cybersecurity,Technology,United States,,True,U,M,2/20/1969 0:00,Xie,Michael,Founder & Entrepreneur,4/4/2023 5:01,California,West,1969.0,2.0,20.0,117.24,7.5,"$21,427,700,000,000 ",88.2,101.8,78.5,9.6,36.6,328239523.0,37.09024,-95.712891,Cybersecurity,1
818,3500,Logistics,Yang Shaopeng,65.0,China,Qingdao,Shipping,Logistics,China,,True,D,M,1/1/1958 0:00,Yang,Shaopeng,Founder & Entrepreneur,4/4/2023 5:01,,,1958.0,1.0,1.0,125.08,2.9,"$19,910,000,000,000 ",50.6,100.2,77.0,9.4,59.2,1397715000.0,35.86166,104.195397,Shipping,1
818,3500,Fashion & Retail,Nicoletta Zampillo,65.0,Monaco,Monaco,Eyeglasses,Fashion & Retail,Italy,,False,N,F,3/28/1958 0:00,Zampillo,Nicoletta,Heir & Major Shareholder,4/4/2023 5:01,,,1958.0,3.0,28.0,,,"$7,184,844,193 ",,,,,,38964.0,43.7384176,7.4246158,Eyeglasses,1
818,3500,Manufacturing,Barry Zekelman,56.0,Canada,Windsor,Steel,Manufacturing,Canada,,False,U,M,1/3/1967 0:00,Zekelman,Barry,Heir & Major Shareholder,4/4/2023 5:01,,,1967.0,1.0,3.0,116.76,1.9,"$1,736,425,629,520 ",68.9,100.9,81.9,12.8,24.5,36991981.0,56.130366,-106.346771,Steel,1
852,3400,Finance & Investments,William Ackman,56.0,United States,New York,Hedge funds,Finance & Investments,United States,"Pershing Square Capital Management, L.P.",True,U,M,5/11/1966 0:00,Ackman,William,Founder & CEO,4/4/2023 5:01,New York,Northeast,1966.0,5.0,11.0,117.24,7.5,"$21,427,700,000,000 ",88.2,101.8,78.5,9.6,36.6,328239523.0,37.09024,-95.712891,"Hedge funds, Pershing Square Capital Management, L.P.",2
852,3400,Energy,Somphote Ahunai,55.0,Thailand,Bangkok,Renewable energy,Energy,Thailand,,True,D,M,6/1/1967 0:00,Ahunai,Somphote,Founder & Entrepreneur,4/4/2023 5:01,,,1967.0,6.0,1.0,113.27,0.7,"$543,649,976,166 ",49.3,99.8,76.9,14.9,29.5,69625582.0,15.870032,100.992541,Renewable energy,1
852,3400,Metals & Mining,Igor Altushkin,52.0,Russia,Yekaterinburg,Metals,Metals & Mining,Russia,,True,U,M,9/10/1970 0:00,Altushkin,Igor,Founder & Entrepreneur,4/4/2023 5:01,,,1970.0,9.0,10.0,180.75,4.5,"$1,699,876,578,871 ",81.9,102.6,72.7,11.4,46.2,144373535.0,61.52401,105.318756,Metals,1
852,3400,Food & Beverage,Ramon Ang,69.0,Philippines,Manila,Diversified,Food & Beverage,Philippines,,True,U,M,1/14/1954 0:00,Ang,Ramon,Founder & Entrepreneur,4/4/2023 5:01,,,1954.0,1.0,14.0,129.61,2.5,"$376,795,508,680 ",35.5,107.5,71.1,14.0,43.1,108116615.0,12.879721,121.774017,Diversified,10
852,3400,Food & Beverage,Acharya Balkrishna,50.0,India,Haridwar,Consumer goods,Food & Beverage,India,,True,U,M,7/25/1972 0:00,Balkrishna,Acharya,Founder & Entrepreneur,4/4/2023 5:01,,,1972.0,7.0,25.0,180.44,7.7,"$2,611,000,000,000 ",28.1,113.0,69.4,11.2,49.7,1366417754.0,20.593684,78.96288,Consumer goods,1
852,3400,Manufacturing,Markus Blocher,52.0,Switzerland,Wilen bei Wollerau,Chemicals,Manufacturing,Switzerland,,False,U,M,1/1/1971 0:00,Blocher,Markus,Heir & Major Shareholder,4/4/2023 5:01,,,1971.0,1.0,1.0,99.55,0.4,"$703,082,435,360 ",59.6,105.2,83.6,10.1,28.8,8574832.0,46.818188,8.227512,Chemicals,1
852,3400,Diversified,Richard Branson,72.0,British Virgin Islands,Necker Island,Virgin,Diversified,United Kingdom,,True,D,M,7/18/1950 0:00,Branson,Richard,Founder & Entrepreneur,4/4/2023 5:01,,,1950.0,7.0,18.0,,,,,,,,,,,,Virgin,1
852,3400,Finance & Investments,Cho Jung-ho,64.0,South Korea,Seoul,Finance,Finance & Investments,South Korea,Meritz Financial Group,False,U,M,10/5/1958 0:00,Cho,Jung-ho,Heir & Major Shareholder,4/4/2023 5:01,,,1958.0,10.0,5.0,115.16,0.4,"$2,029,000,000,000 ",94.3,98.1,82.6,15.6,33.2,51709098.0,35.907757,127.766922,"Finance, Meritz Financial Group",2
852,3400,Food & Beverage,Alessandra Garavoglia,63.0,Italy,Milan,Spirits,Food & Beverage,Italy,,False,U,F,2/6/1960 0:00,Garavoglia,Alessandra,Heir & Major Shareholder,4/4/2023 5:01,,,1960.0,2.0,6.0,110.62,0.6,"$2,001,244,392,042 ",61.9,101.9,82.9,24.3,59.1,60297396.0,41.87194,12.56738,Spirits,1
852,3400,Fashion & Retail,Laurence Graff & family,84.0,Switzerland,Gstaad,Diamond jewelry,Fashion & Retail,United Kingdom,,True,E,M,6/13/1938 0:00,Graff,Laurence,Controlling Shareholder & (Family Estate),4/4/2023 5:01,,,1938.0,6.0,13.0,99.55,0.4,"$703,082,435,360 ",59.6,105.2,83.6,10.1,28.8,8574832.0,46.818188,8.227512,Diamond jewelry,1
852,3400,Media & Entertainment,"Amos Hostetter, Jr.",86.0,United States,Boston,Cable television,Media & Entertainment,United States,Pilot House Associates,True,D,M,1/12/1937 0:00,Hostetter,Amos,Founder & Lead Investor,4/4/2023 5:01,Massachusetts,Northeast,1937.0,1.0,12.0,117.24,7.5,"$21,427,700,000,000 ",88.2,101.8,78.5,9.6,36.6,328239523.0,37.09024,-95.712891,"Cable television, Pilot House Associates",2
852,3400,Sports,Robert Johnson,75.0,United States,Palm Beach,"Johnson & Johnson, sports",Sports,United States,,False,N,M,4/12/1947 0:00,Johnson,Robert ,Heir & Major Shareholder &,4/4/2023 5:01,Florida,South,1947.0,4.0,12.0,117.24,7.5,"$21,427,700,000,000 ",88.2,101.8,78.5,9.6,36.6,328239523.0,37.09024,-95.712891,"Johnson & Johnson, sports",2
852,3400,Finance & Investments,Steven Klinsky,66.0,United States,New York,Investments,Finance & Investments,United States,New Mountain Capital,True,E,M,5/30/1956 0:00,Klinsky,Steven,Founder & CEO,4/4/2023 5:01,New York,Northeast,1956.0,5.0,30.0,117.24,7.5,"$21,427,700,000,000 ",88.2,101.8,78.5,9.6,36.6,328239523.0,37.09024,-95.712891,"Investments, New Mountain Capital",2
852,3400,Fashion & Retail,William Lauder,62.0,United States,New York,Estee Lauder,Fashion & Retail,United States,,False,D,M,4/11/1960 0:00,Lauder,William,Heir & Major Shareholder,4/4/2023 5:01,New York,Northeast,1960.0,4.0,11.0,117.24,7.5,"$21,427,700,000,000 ",88.2,101.8,78.5,9.6,36.6,328239523.0,37.09024,-95.712891,Estee Lauder,1
852,3400,Food & Beverage,John Middleton,68.0,United States,Bryn Mawr,Tobacco,Food & Beverage,United States,,False,E,M,3/2/1955 0:00,Middleton,John,Heir & Major Shareholder,4/4/2023 5:01,Pennsylvania,Northeast,1955.0,3.0,2.0,117.24,7.5,"$21,427,700,000,000 ",88.2,101.8,78.5,9.6,36.6,328239523.0,37.09024,-95.712891,Tobacco,1
852,3400,Fashion & Retail,Hiroshi Mikitani,58.0,Japan,Tokyo,Online retail,Fashion & Retail,Japan,,True,D,M,3/11/1965 0:00,Mikitani,Hiroshi,Founder & Entrepreneur,4/4/2023 5:01,,,1965.0,3.0,11.0,105.48,0.5,"$5,081,769,542,380 ",63.2,98.8,84.2,11.9,46.7,126226568.0,36.204824,138.252924,Online retail,1
852,3400,Technology,Bob Parsons,72.0,United States,Scottsdale,Web hosting,Technology,United States,,True,E,M,11/27/1950 0:00,Parsons,Bob,Founder & Entrepreneur & Web,4/4/2023 5:01,Arizona,West,1950.0,11.0,27.0,117.24,7.5,"$21,427,700,000,000 ",88.2,101.8,78.5,9.6,36.6,328239523.0,37.09024,-95.712891,Web hosting,1
852,3400,Finance & Investments,J. Joe Ricketts & family,81.0,United States,Little Jackson Hole,TD Ameritrade,Finance & Investments,United States,,True,D,M,7/16/1941 0:00,Ricketts,J. Joe,Controlling Shareholder & TD  (Family Estate),4/4/2023 5:01,Wyoming,South,1941.0,7.0,16.0,117.24,7.5,"$21,427,700,000,000 ",88.2,101.8,78.5,9.6,36.6,328239523.0,37.09024,-95.712891,TD Ameritrade,1
852,3400,Real Estate,Herb Simon,88.0,United States,Indianapolis,Real estate,Real Estate,United States,Simon Property Group,True,D,M,10/23/1934 0:00,Simon,Herb,Chairman Emeritus & Inc.,4/4/2023 5:01,Indiana,Midwest,1934.0,10.0,23.0,117.24,7.5,"$21,427,700,000,000 ",88.2,101.8,78.5,9.6,36.6,328239523.0,37.09024,-95.712891,"Real estate, Simon Property Group",2
852,3400,Healthcare,Leena Tewari,65.0,India,Mumbai,Pharmaceuticals,Healthcare,India,,False,D,F,9/3/1957 0:00,Tewari,Leena,Heir & Major Shareholder,4/4/2023 5:01,,,1957.0,9.0,3.0,180.44,7.7,"$2,611,000,000,000 ",28.1,113.0,69.4,11.2,49.7,1366417754.0,20.593684,78.96288,Pharmaceuticals,1
852,3400,Media & Entertainment,Stefan von Holtzbrinck,59.0,Germany,Stuttgart,Publishing,Media & Entertainment,Germany,,False,U,M,5/15/1963 0:00,von Holtzbrinck,Stefan,Heir & Major Shareholder,4/4/2023 5:01,,,1963.0,5.0,15.0,112.85,1.4,"$3,845,630,030,824 ",70.2,104.0,80.9,11.5,48.8,83132799.0,51.165691,10.451526,Publishing,1
852,3400,Food & Beverage,Hans Peter Wild,81.0,Switzerland,Zug,Flavorings,Food & Beverage,Switzerland,,False,D,M,6/16/1941 0:00,Wild,Hans Peter,Heir & Major Shareholder,4/4/2023 5:01,,,1941.0,6.0,16.0,99.55,0.4,"$703,082,435,360 ",59.6,105.2,83.6,10.1,28.8,8574832.0,46.818188,8.227512,Flavorings,1
852,3400,Healthcare,Wu Guanjiang & family,54.0,China,Chongqing,Pharmaceuticals,Healthcare,China,,True,D,M,12/21/1968 0:00,Wu,Guanjiang,Controlling Shareholder & (Family Estate),4/4/2023 5:01,,,1968.0,12.0,21.0,125.08,2.9,"$19,910,000,000,000 ",50.6,100.2,77.0,9.4,59.2,1397715000.0,35.86166,104.195397,Pharmaceuticals,1
852,3400,Technology,Yi Zheng,52.0,China,Hangzhou,Software,Technology,China,,True,U,M,10/15/1970 0:00,Yi,Zheng,Founder & Entrepreneur,4/4/2023 5:01,,,1970.0,10.0,15.0,125.08,2.9,"$19,910,000,000,000 ",50.6,100.2,77.0,9.4,59.2,1397715000.0,35.86166,104.195397,Software,1
852,3400,Technology,Eric Yuan & family,53.0,United States,Santa Clara,Zoom Video Communications,Technology,United States,Zoom Video Communications,True,D,M,2/20/1970 0:00,Yuan,Eric,Founder and CEO,4/4/2023 5:01,California,West,1970.0,2.0,20.0,117.24,7.5,"$21,427,700,000,000 ",88.2,101.8,78.5,9.6,36.6,328239523.0,37.09024,-95.712891,Zoom Video Communications,1
852,3400,Media & Entertainment,Charles Zegar,75.0,United States,New York,Bloomberg LP,Media & Entertainment,United States,,True,U,M,2/29/1948 0:00,Zegar,Charles,Founder & Entrepreneur & LP,4/4/2023 5:01,New York,Northeast,1948.0,2.0,29.0,117.24,7.5,"$21,427,700,000,000 ",88.2,101.8,78.5,9.6,36.6,328239523.0,37.09024,-95.712891,Bloomberg LP,1
878,3300,Construction & Engineering,Mohed Altrad,75.0,France,Montpellier,"Scaffolding, cement mixers",Construction & Engineering,France,,True,D,M,3/9/1948 0:00,Altrad,Mohed,Founder & Entrepreneur & Scaffolding,4/4/2023 5:01,,,1948.0,3.0,9.0,110.05,1.1,"$2,715,518,274,227 ",65.6,102.5,82.5,24.2,60.7,67059887.0,46.227638,2.213749,"Scaffolding, cement mixers",2
878,3300,Finance & Investments,John Arnold,49.0,United States,Houston,Hedge funds,Finance & Investments,United States,Centaurus Advisors,True,E,M,3/9/1974 0:00,Arnold,John,Founder,4/4/2023 5:01,Texas,South,1974.0,3.0,9.0,117.24,7.5,"$21,427,700,000,000 ",88.2,101.8,78.5,9.6,36.6,328239523.0,37.09024,-95.712891,"Centaurus Advisors, Hedge funds",2
878,3300,Manufacturing,Bill Austin,81.0,United States,Brownsville,Hearing aids,Manufacturing,United States,,True,U,M,2/25/1942 0:00,Austin,Bill,Founder & Entrepreneur,4/4/2023 5:01,Texas,South,1942.0,2.0,25.0,117.24,7.5,"$21,427,700,000,000 ",88.2,101.8,78.5,9.6,36.6,328239523.0,37.09024,-95.712891,Hearing aids,1
878,3300,Manufacturing,Chen Shibin,56.0,China,Lianyungang,Quartz products,Manufacturing,China,,True,U,M,11/1/1966 0:00,Chen,Shibin,Founder & Entrepreneur,4/4/2023 5:01,,,1966.0,11.0,1.0,125.08,2.9,"$19,910,000,000,000 ",50.6,100.2,77.0,9.4,59.2,1397715000.0,35.86166,104.195397,Quartz products,1
878,3300,Food & Beverage,Bennett Dorrance,77.0,United States,Paradise Valley,Campbell Soup,Food & Beverage,United States,,False,U,M,2/9/1946 0:00,Dorrance,Bennett,Heir & Major Shareholder,4/4/2023 5:01,Arizona,West,1946.0,2.0,9.0,117.24,7.5,"$21,427,700,000,000 ",88.2,101.8,78.5,9.6,36.6,328239523.0,37.09024,-95.712891,Campbell Soup,1
878,3300,Food & Beverage,Walter Faria,68.0,Brazil,Rio de Janeiro,Beer,Food & Beverage,Brazil,,True,E,M,4/1/1955 0:00,Faria,Walter,Founder & Entrepreneur,4/4/2023 5:01,,,1955.0,4.0,1.0,167.4,3.7,"$1,839,758,040,766 ",51.3,115.4,75.7,14.2,65.1,212559417.0,-14.235004,-51.92528,Beer,1
878,3300,Automotive,Walter Frey,79.0,Switzerland,Küsnacht,Car dealerships,Automotive,Switzerland,,False,U,M,7/30/1943 0:00,Frey,Walter,Heir & Major Shareholder & Car,4/4/2023 5:01,,,1943.0,7.0,30.0,99.55,0.4,"$703,082,435,360 ",59.6,105.2,83.6,10.1,28.8,8574832.0,46.818188,8.227512,Car dealerships,1
878,3300,Technology,Fu Liquan & family,55.0,China,Hangzhou,Surveillance equipment,Technology,China,,True,D,M,8/1/1967 0:00,Fu,Liquan,Controlling Shareholder & (Family Estate),4/4/2023 5:01,,,1967.0,8.0,1.0,125.08,2.9,"$19,910,000,000,000 ",50.6,100.2,77.0,9.4,59.2,1397715000.0,35.86166,104.195397,Surveillance equipment,1
878,3300,Real Estate,John Gandel,88.0,Australia,Melbourne,Shopping malls,Real Estate,Australia,,False,E,M,8/13/1934 0:00,Gandel,John,Heir & Major Shareholder,4/4/2023 5:01,,,1934.0,8.0,13.0,119.8,1.6,"$1,392,680,589,329 ",113.1,100.3,82.7,23.0,47.4,25766605.0,-25.274398,133.775136,Shopping malls,1
878,3300,Construction & Engineering,Peter Gilgan,72.0,Canada,Oakville,Homebuilding,Construction & Engineering,Canada,Mattamy Group Corp.,True,U,M,1/1/1951 0:00,Gilgan,Peter,Founder & CEO and Chairman,4/4/2023 5:01,,,1951.0,1.0,1.0,116.76,1.9,"$1,736,425,629,520 ",68.9,100.9,81.9,12.8,24.5,36991981.0,56.130366,-106.346771,"Homebuilding, Mattamy Group Corp.",2
878,3300,Diversified,Kwek Leng Beng,82.0,Singapore,Singapore,Diversified,Diversified,Singapore,,False,U,M,1/1/1941 0:00,Kwek,Leng Beng,Heir & Major Shareholder,4/4/2023 5:01,,,1941.0,1.0,1.0,114.41,0.6,"$372,062,527,489 ",84.8,100.6,83.1,13.1,21.0,5703569.0,1.352083,103.819836,Diversified,10
878,3300,Finance & Investments,Pablo Legorreta,59.0,United States,Sag Harbor,Investments,Finance & Investments,United States,,True,D,M,10/30/1963 0:00,Legorreta,Pablo,Founder & Entrepreneur,4/4/2023 5:01,New York,Northeast,1963.0,10.0,30.0,117.24,7.5,"$21,427,700,000,000 ",88.2,101.8,78.5,9.6,36.6,328239523.0,37.09024,-95.712891,Investments,1
878,3300,Media & Entertainment,Arnon Milchan,78.0,Israel,Tel Aviv,Movie making,Media & Entertainment,Israel,,True,D,M,12/6/1944 0:00,Milchan,Arnon,Founder & Entrepreneur,4/4/2023 5:01,,,1944.0,12.0,6.0,108.15,0.8,"$395,098,666,122 ",63.4,104.9,82.8,23.1,25.3,9053300.0,31.046051,34.851612,Movie making,1
878,3300,Fashion & Retail,Akio Nitori,79.0,Japan,Hokkaido,Home furnishings,Fashion & Retail,Japan,,True,D,M,3/5/1944 0:00,Nitori,Akio,Founder & Entrepreneur,4/4/2023 5:01,,,1944.0,3.0,5.0,105.48,0.5,"$5,081,769,542,380 ",63.2,98.8,84.2,11.9,46.7,126226568.0,36.204824,138.252924,Home furnishings,1
878,3300,Metals & Mining,Julio Ponce Lerou,77.0,Chile,Santiago,Fertilizer,Metals & Mining,Chile,,True,D,M,11/13/1945 0:00,Ponce Lerou,Julio,Founder & Entrepreneur,4/4/2023 5:01,,,1945.0,11.0,13.0,131.91,2.6,"$282,318,159,745 ",88.5,101.4,80.0,18.2,34.0,18952038.0,-35.675147,-71.542969,Fertilizer,1
878,3300,Finance & Investments,Rodger Riney & family,77.0,United States,St. Louis,Discount brokerage,Finance & Investments,United States,"Scottrade, Inc.",True,D,M,1/1/1946 0:00,Riney,Rodger,Controlling Shareholder & (Family Estate),4/4/2023 5:01,Missouri,Midwest,1946.0,1.0,1.0,117.24,7.5,"$21,427,700,000,000 ",88.2,101.8,78.5,9.6,36.6,328239523.0,37.09024,-95.712891,"Discount brokerage, Scottrade, Inc.",2
878,3300,Diversified,Phil Ruffin,88.0,United States,Las Vegas,"Casinos, real estate",Diversified,United States,,True,U,M,3/17/1935 0:00,Ruffin,Phil,Founder & Entrepreneur & Casinos,4/4/2023 5:01,Nevada,West,1935.0,3.0,17.0,117.24,7.5,"$21,427,700,000,000 ",88.2,101.8,78.5,9.6,36.6,328239523.0,37.09024,-95.712891,"Casinos, real estate",2
878,3300,Telecom,Naguib Sawiris,68.0,Egypt,Cairo,Telecom,Telecom,Egypt,,False,D,M,6/15/1954 0:00,Sawiris,Naguib,Heir & Major Shareholder,4/4/2023 5:01,,,1954.0,6.0,15.0,288.57,9.2,"$303,175,127,598 ",35.2,106.3,71.8,12.5,44.4,100388073.0,26.820553,30.802498,Telecom,1
878,3300,Finance & Investments,Neil Shen,55.0,China,Hong Kong,Venture capital,Finance & Investments,Hong Kong,Sequoia China,True,D,M,12/16/1967 0:00,Shen,Neil,Founder & Lead Investor,4/4/2023 5:01,,,1967.0,12.0,16.0,125.08,2.9,"$19,910,000,000,000 ",50.6,100.2,77.0,9.4,59.2,1397715000.0,35.86166,104.195397,"Sequoia China, Venture capital",2
878,3300,Technology,Gil Shwed,54.0,Israel,Tel Aviv,Software,Technology,Israel,,True,D,M,6/12/1968 0:00,Shwed,Gil,Founder & Entrepreneur,4/4/2023 5:01,,,1968.0,6.0,12.0,108.15,0.8,"$395,098,666,122 ",63.4,104.9,82.8,23.1,25.3,9053300.0,31.046051,34.851612,Software,1
878,3300,Finance & Investments,Stephen Smith,71.0,Canada,Toronto,Finance and investments,Finance & Investments,Canada,,True,U,M,6/2/1951 0:00,Smith,Stephen,Founder & Entrepreneur & and,4/4/2023 5:01,,,1951.0,6.0,2.0,116.76,1.9,"$1,736,425,629,520 ",68.9,100.9,81.9,12.8,24.5,36991981.0,56.130366,-106.346771,Finance and investments,1
878,3300,Finance & Investments,Nik Storonsky,38.0,United Kingdom,London,Fintech,Finance & Investments,United Kingdom,,True,D,M,7/21/1984 0:00,Storonsky,Nik,Founder & Entrepreneur,4/4/2023 5:01,,,1984.0,7.0,21.0,119.62,1.7,"$2,827,113,184,696 ",60.0,101.2,81.3,25.5,30.6,66834405.0,55.378051,-3.435973,Fintech,1
878,3300,Finance & Investments,Jeffrey Talpins,48.0,United States,Larchmont,Hedge fund,Finance & Investments,United States,Element Capital Management,True,U,M,3/6/1975 0:00,Talpins,Jeffrey,Founder,4/4/2023 5:01,New York,Northeast,1975.0,3.0,6.0,117.24,7.5,"$21,427,700,000,000 ",88.2,101.8,78.5,9.6,36.6,328239523.0,37.09024,-95.712891,"Element Capital Management, Hedge fund",2
878,3300,Finance & Investments,Carl Thoma,74.0,United States,Dallas,Investments,Finance & Investments,United States,,True,U,M,10/12/1948 0:00,Thoma,Carl,Founder & Lead Investor,4/4/2023 5:01,Texas,South,1948.0,10.0,12.0,117.24,7.5,"$21,427,700,000,000 ",88.2,101.8,78.5,9.6,36.6,328239523.0,37.09024,-95.712891,Investments,1
878,3300,Manufacturing,Todd Wanek,59.0,United States,St. Petersburg,Furniture,Manufacturing,United States,,False,D,M,3/16/1964 0:00,Wanek,Todd,Heir & Major Shareholder,4/4/2023 5:01,Florida,South,1964.0,3.0,16.0,117.24,7.5,"$21,427,700,000,000 ",88.2,101.8,78.5,9.6,36.6,328239523.0,37.09024,-95.712891,Furniture,1
878,3300,Manufacturing,Xue Hua,53.0,China,Guangzhou,Agribusiness,Manufacturing,China,,True,D,M,,Xue,Hua,Founder & Entrepreneur,4/4/2023 5:01,,,,,,125.08,2.9,"$19,910,000,000,000 ",50.6,100.2,77.0,9.4,59.2,1397715000.0,35.86166,104.195397,Agribusiness,1
878,3300,Fashion & Retail,Takao Yasuda,73.0,Singapore,Singapore,Retail,Fashion & Retail,Japan,,True,U,M,5/7/1949 0:00,Yasuda,Takao,Founder & Entrepreneur,4/4/2023 5:01,,,1949.0,5.0,7.0,114.41,0.6,"$372,062,527,489 ",84.8,100.6,83.1,13.1,21.0,5703569.0,1.352083,103.819836,Retail,1
905,3200,Food & Beverage,Karen Virginia Beckmann Legoretta,53.0,,,Tequila,Food & Beverage,Mexico,,False,U,F,,Beckmann Legoretta,Karen Virginia,Heir & Major Shareholder,4/4/2023 5:01,,,,,,,,,,,,,,,,,Tequila,1
905,3200,Fashion & Retail,Giuliana Benetton,85.0,Italy,Treviso,"Fashion retail, investments",Fashion & Retail,Italy,,True,U,F,7/8/1937 0:00,Benetton,Giuliana,Founder & Entrepreneur,4/4/2023 5:01,,,1937.0,7.0,8.0,110.62,0.6,"$2,001,244,392,042 ",61.9,101.9,82.9,24.3,59.1,60297396.0,41.87194,12.56738,"Fashion retail, investments",2
905,3200,Fashion & Retail,Luciano Benetton,87.0,Italy,Ponzano Veneto,"Fashion retail, investments",Fashion & Retail,Italy,,True,U,M,5/13/1935 0:00,Benetton,Luciano,Founder & Entrepreneur,4/4/2023 5:01,,,1935.0,5.0,13.0,110.62,0.6,"$2,001,244,392,042 ",61.9,101.9,82.9,24.3,59.1,60297396.0,41.87194,12.56738,"Fashion retail, investments",2
905,3200,Manufacturing,Arun Bharat Ram,82.0,India,Delhi,Chemicals,Manufacturing,India,,False,D,M,11/15/1940 0:00,Bharat Ram,Arun,Heir & Major Shareholder,4/4/2023 5:01,,,1940.0,11.0,15.0,180.44,7.7,"$2,611,000,000,000 ",28.1,113.0,69.4,11.2,49.7,1366417754.0,20.593684,78.96288,Chemicals,1
905,3200,Finance & Investments,Ron Burkle,70.0,United Kingdom,London,"Supermarkets, investments",Finance & Investments,United States,"The Yucaipa Companies, LLC",True,U,M,11/12/1952 0:00,Burkle,Ron,Founder & Lead Investor & Supermarkets,4/4/2023 5:01,,,1952.0,11.0,12.0,119.62,1.7,"$2,827,113,184,696 ",60.0,101.2,81.3,25.5,30.6,66834405.0,55.378051,-3.435973,"Supermarkets, The Yucaipa Companies, LLC, investments",3
905,3200,Manufacturing,Chen Kaixuan,64.0,China,Guangzhou,Household chemicals,Manufacturing,China,,True,D,M,5/1/1958 0:00,Chen,Kaixuan,Founder & Entrepreneur,4/4/2023 5:01,,,1958.0,5.0,1.0,125.08,2.9,"$19,910,000,000,000 ",50.6,100.2,77.0,9.4,59.2,1397715000.0,35.86166,104.195397,Household chemicals,1
905,3200,Fashion & Retail,Brunello Cucinelli & family,69.0,Italy,Solomeo,Fashion,Fashion & Retail,Italy,,True,U,M,9/3/1953 0:00,Cucinelli,Brunello,Controlling Shareholder & (Family Estate),4/4/2023 5:01,,,1953.0,9.0,3.0,110.62,0.6,"$2,001,244,392,042 ",61.9,101.9,82.9,24.3,59.1,60297396.0,41.87194,12.56738,Fashion,1
905,3200,Manufacturing,Antonio Del Valle Ruiz & family,84.0,Mexico,Mexico City,Chemicals,Manufacturing,Mexico,,True,D,M,8/13/1938 0:00,Del Valle Ruiz,Antonio,Controlling Shareholder & (Family Estate),4/4/2023 5:01,,,1938.0,8.0,13.0,141.54,3.6,"$1,258,286,717,125 ",40.2,105.8,75.0,13.1,55.1,126014024.0,23.634501,-102.552784,Chemicals,1
905,3200,Healthcare,Gustavo Denegri & family,86.0,Italy,torino,Biotech,Healthcare,Italy,,True,Split Family Fortune,M,3/17/1937 0:00,Denegri,Gustavo,Controlling Shareholder & (Family Estate),4/4/2023 5:01,,,1937.0,3.0,17.0,110.62,0.6,"$2,001,244,392,042 ",61.9,101.9,82.9,24.3,59.1,60297396.0,41.87194,12.56738,Biotech,1
905,3200,Automotive,Dong Jinggui,53.0,China,Wuxi,Electric scooters,Automotive,China,,True,U,M,,Dong,Jinggui,Founder & Entrepreneur,4/4/2023 5:01,,,,,,125.08,2.9,"$19,910,000,000,000 ",50.6,100.2,77.0,9.4,59.2,1397715000.0,35.86166,104.195397,Electric scooters,1
905,3200,Media & Entertainment,Charles Ergen,70.0,United States,Denver,Satellite TV,Media & Entertainment,United States,DISH Network,True,D,M,3/1/1953 0:00,Ergen,Charles,Founder and Chairman,4/4/2023 5:01,Colorado,West,1953.0,3.0,1.0,117.24,7.5,"$21,427,700,000,000 ",88.2,101.8,78.5,9.6,36.6,328239523.0,37.09024,-95.712891,"DISH Network, Satellite TV",2
905,3200,Technology,David Filo,56.0,United States,Palo Alto,Yahoo,Technology,United States,Yahoo!,True,D,M,4/15/1966 0:00,Filo,David,Founder & Lead Investor,4/4/2023 5:01,California,West,1966.0,4.0,15.0,117.24,7.5,"$21,427,700,000,000 ",88.2,101.8,78.5,9.6,36.6,328239523.0,37.09024,-95.712891,"Yahoo, Yahoo!",2
905,3200,Logistics,Lindsay Fox,85.0,Australia,Melbourne,"Logistics, real estate",Logistics,Australia,,True,U,M,4/19/1937 0:00,Fox,Lindsay,Founder & Entrepreneur & Logistics,4/4/2023 5:01,,,1937.0,4.0,19.0,119.8,1.6,"$1,392,680,589,329 ",113.1,100.3,82.7,23.0,47.4,25766605.0,-25.274398,133.775136,"Logistics, real estate",2
905,3200,Fashion & Retail,Sergei Galitsky,55.0,Russia,Krasnodar,Retail,Fashion & Retail,Russia,,True,E,M,8/14/1967 0:00,Galitsky,Sergei,Founder & Entrepreneur,4/4/2023 5:01,,,1967.0,8.0,14.0,180.75,4.5,"$1,699,876,578,871 ",81.9,102.6,72.7,11.4,46.2,144373535.0,61.52401,105.318756,Retail,1
905,3200,Technology,Senapathy Gopalakrishnan,67.0,India,Bangalore,Software services,Technology,India,,True,D,M,4/5/1955 0:00,Gopalakrishnan,Senapathy,Founder & Entrepreneur,4/4/2023 5:01,,,1955.0,4.0,5.0,180.44,7.7,"$2,611,000,000,000 ",28.1,113.0,69.4,11.2,49.7,1366417754.0,20.593684,78.96288,Software services,1
905,3200,Fashion & Retail,Luciano Hang,60.0,Brazil,Brusque,Department stores,Fashion & Retail,Brazil,,True,D,M,10/11/1962 0:00,Hang,Luciano,Founder & Entrepreneur,4/4/2023 5:01,,,1962.0,10.0,11.0,167.4,3.7,"$1,839,758,040,766 ",51.3,115.4,75.7,14.2,65.1,212559417.0,-14.235004,-51.92528,Department stores,1
905,3200,Finance & Investments,Michael Hintze,69.0,United Kingdom,London,Investment,Finance & Investments,Australia,CQS LLP,True,E,M,7/27/1953 0:00,Hintze,Michael,Founder,4/4/2023 5:01,,,1953.0,7.0,27.0,119.62,1.7,"$2,827,113,184,696 ",60.0,101.2,81.3,25.5,30.6,66834405.0,55.378051,-3.435973,"CQS LLP, Investment",2
905,3200,Healthcare,Hu Baifan,60.0,China,Shaoxing,Pharmaceuticals,Healthcare,China,,True,D,M,10/1/1962 0:00,Hu,Baifan,Founder & Entrepreneur,4/4/2023 5:01,,,1962.0,10.0,1.0,125.08,2.9,"$19,910,000,000,000 ",50.6,100.2,77.0,9.4,59.2,1397715000.0,35.86166,104.195397,Pharmaceuticals,1
905,3200,Finance & Investments,Hamilton James & family,71.0,United States,New York,Investments,Finance & Investments,United States,,True,U,M,8/3/1951 0:00,James,Hamilton,Controlling Shareholder & (Family Estate),4/4/2023 5:01,New York,Northeast,1951.0,8.0,3.0,117.24,7.5,"$21,427,700,000,000 ",88.2,101.8,78.5,9.6,36.6,328239523.0,37.09024,-95.712891,Investments,1
905,3200,Technology,Lee Boo-jin,52.0,South Korea,Seoul,Samsung,Technology,South Korea,,False,D,F,10/6/1970 0:00,Lee,Boo-jin,Heir & Major Shareholder,4/4/2023 5:01,,,1970.0,10.0,6.0,115.16,0.4,"$2,029,000,000,000 ",94.3,98.1,82.6,15.6,33.2,51709098.0,35.907757,127.766922,Samsung,1
905,3200,Manufacturing,Li Liangbin,55.0,China,Xinyu,Lithium,Manufacturing,China,,True,D,M,9/1/1967 0:00,Li,Liangbin,Founder & Entrepreneur,4/4/2023 5:01,,,1967.0,9.0,1.0,125.08,2.9,"$19,910,000,000,000 ",50.6,100.2,77.0,9.4,59.2,1397715000.0,35.86166,104.195397,Lithium,1
905,3200,Manufacturing,Liang Feng,54.0,China,Shanghai,Manufacturing,Manufacturing,China,,True,D,M,11/22/1968 0:00,Liang,Feng,Founder & Entrepreneur,4/4/2023 5:01,,,1968.0,11.0,22.0,125.08,2.9,"$19,910,000,000,000 ",50.6,100.2,77.0,9.4,59.2,1397715000.0,35.86166,104.195397,Manufacturing,1
905,3200,Healthcare,Samir Mehta,59.0,India,Ahmedabad,"Pharmaceuticals, power",Healthcare,India,,False,U,M,9/18/1963 0:00,Mehta,Samir,Heir & Major Shareholder & Pharmaceuticals,4/4/2023 5:01,,,1963.0,9.0,18.0,180.44,7.7,"$2,611,000,000,000 ",28.1,113.0,69.4,11.2,49.7,1366417754.0,20.593684,78.96288,"Pharmaceuticals, power",2
905,3200,Healthcare,Sudhir Mehta,68.0,India,Ahmedabad,"Pharmaceuticals, power",Healthcare,India,,False,U,M,4/10/1954 0:00,Mehta,Sudhir,Heir & Major Shareholder & Pharmaceuticals,4/4/2023 5:01,,,1954.0,4.0,10.0,180.44,7.7,"$2,611,000,000,000 ",28.1,113.0,69.4,11.2,49.7,1366417754.0,20.593684,78.96288,"Pharmaceuticals, power",2
905,3200,Metals & Mining,Aristotelis Mistakidis,61.0,Switzerland,Zug,"Mining, commodities",Metals & Mining,Greece,,True,D,M,11/21/1961 0:00,Mistakidis,Aristotelis,Founder & Entrepreneur & Mining,4/4/2023 5:01,,,1961.0,11.0,21.0,99.55,0.4,"$703,082,435,360 ",59.6,105.2,83.6,10.1,28.8,8574832.0,46.818188,8.227512,"Mining, commodities",2
905,3200,Real Estate,Geoffrey Palmer,72.0,United States,Beverly Hills,Real estate,Real Estate,United States,,False,N,M,5/11/1950 0:00,Palmer,Geoffrey,Heir & Major Shareholder,4/4/2023 5:01,California,West,1950.0,5.0,11.0,117.24,7.5,"$21,427,700,000,000 ",88.2,101.8,78.5,9.6,36.6,328239523.0,37.09024,-95.712891,Real estate,1
905,3200,Automotive,Roger Penske,86.0,United States,Birmingham,Cars,Automotive,United States,,True,U,M,2/20/1937 0:00,Penske,Roger,Founder & Entrepreneur,4/4/2023 5:01,Michigan,Midwest,1937.0,2.0,20.0,117.24,7.5,"$21,427,700,000,000 ",88.2,101.8,78.5,9.6,36.6,328239523.0,37.09024,-95.712891,Cars,1
905,3200,Construction & Engineering,Ravi Pillai,69.0,United Arab Emirates,Dubai,Construction,Construction & Engineering,India,,True,U,M,9/2/1953 0:00,Pillai,Ravi,Founder & Entrepreneur,4/4/2023 5:01,,,1953.0,9.0,2.0,114.52,-1.9,"$421,142,267,938 ",36.8,108.4,77.8,0.1,15.9,9770529.0,23.424076,53.847818,Construction,1
905,3200,Finance & Investments,David Rubenstein,73.0,United States,Bethesda,Private equity,Finance & Investments,United States,Carlyle Group,True,D,M,8/11/1949 0:00,Rubenstein,David,Cofounder and Co-executive Chairman,4/4/2023 5:01,Maryland,South,1949.0,8.0,11.0,117.24,7.5,"$21,427,700,000,000 ",88.2,101.8,78.5,9.6,36.6,328239523.0,37.09024,-95.712891,"Carlyle Group, Private equity",2
905,3200,Food & Beverage,Hilton Schlosberg,70.0,United States,Irvine,Energy drinks,Food & Beverage,United Kingdom,,True,U,M,1/1/1953 0:00,Schlosberg,Hilton,Founder & Entrepreneur,4/4/2023 5:01,California,West,1953.0,1.0,1.0,117.24,7.5,"$21,427,700,000,000 ",88.2,101.8,78.5,9.6,36.6,328239523.0,37.09024,-95.712891,Energy drinks,1
905,3200,Service,Klaus-Peter Schulenberg,71.0,Germany,Bremen,Ticketing service,Service,Germany,,True,U,M,7/1/1951 0:00,Schulenberg,Klaus-Peter,Founder & Entrepreneur,4/4/2023 5:01,,,1951.0,7.0,1.0,112.85,1.4,"$3,845,630,030,824 ",70.2,104.0,80.9,11.5,48.8,83132799.0,51.165691,10.451526,Ticketing service,1
905,3200,Energy,Lynn Schusterman & family,84.0,United States,Tulsa,"Oil & gas, investments",Energy,United States,,False,D,F,1/21/1939 0:00,Schusterman,Lynn,Controlling Shareholder & Oil & gas & (Family Estate),4/4/2023 5:01,Oklahoma,South,1939.0,1.0,21.0,117.24,7.5,"$21,427,700,000,000 ",88.2,101.8,78.5,9.6,36.6,328239523.0,37.09024,-95.712891,"Oil & gas, investments",2
905,3200,Manufacturing,Isabella Seràgnoli,77.0,Italy,Bologna,Packaging,Manufacturing,Italy,,False,U,F,12/23/1945 0:00,Seràgnoli,Isabella,Heir & Major Shareholder,4/4/2023 5:01,,,1945.0,12.0,23.0,110.62,0.6,"$2,001,244,392,042 ",61.9,101.9,82.9,24.3,59.1,60297396.0,41.87194,12.56738,Packaging,1
905,3200,Fashion & Retail,Shen Guojun,60.0,China,Beijing,Retail,Fashion & Retail,China,,True,D,M,7/31/1962 0:00,Shen,Guojun,Founder & Entrepreneur,4/4/2023 5:01,,,1962.0,7.0,31.0,125.08,2.9,"$19,910,000,000,000 ",50.6,100.2,77.0,9.4,59.2,1397715000.0,35.86166,104.195397,Retail,1
905,3200,Finance & Investments,Warren Stephens,66.0,United States,Little Rock,Investment banking,Finance & Investments,United States,,False,U,M,2/18/1957 0:00,Stephens,Warren,Heir & Major Shareholder,4/4/2023 5:01,Arkansas,South,1957.0,2.0,18.0,117.24,7.5,"$21,427,700,000,000 ",88.2,101.8,78.5,9.6,36.6,328239523.0,37.09024,-95.712891,Investment banking,1
905,3200,Healthcare,Pat Stryker,66.0,United States,Fort Collins,Medical equipment,Healthcare,United States,,False,U,F,4/6/1956 0:00,Stryker,Pat,Heir & Major Shareholder,4/4/2023 5:01,Colorado,West,1956.0,4.0,6.0,117.24,7.5,"$21,427,700,000,000 ",88.2,101.8,78.5,9.6,36.6,328239523.0,37.09024,-95.712891,Medical equipment,1
905,3200,Logistics,Roman Trotsenko,52.0,Russia,Moscow,"Transport, engineering, real estate",Logistics,Russia,,True,R,M,9/12/1970 0:00,Trotsenko,Roman,Founder & Entrepreneur & Transport & engineering,4/4/2023 5:01,,,1970.0,9.0,12.0,180.75,4.5,"$1,699,876,578,871 ",81.9,102.6,72.7,11.4,46.2,144373535.0,61.52401,105.318756,"Transport, engineering, real estate",3
905,3200,Technology,Harald Tschira,48.0,Germany,Heidelberg,Software,Technology,Germany,,False,Split Family Fortune,M,4/25/1974 0:00,Tschira,Harald,Heir & Major Shareholder,4/4/2023 5:01,,,1974.0,4.0,25.0,112.85,1.4,"$3,845,630,030,824 ",70.2,104.0,80.9,11.5,48.8,83132799.0,51.165691,10.451526,Software,1
905,3200,Technology,Udo Tschira,53.0,Germany,Wiesloch,Software,Technology,Germany,,False,Split Family Fortune,M,9/17/1969 0:00,Tschira,Udo,Heir & Major Shareholder,4/4/2023 5:01,,,1969.0,9.0,17.0,112.85,1.4,"$3,845,630,030,824 ",70.2,104.0,80.9,11.5,48.8,83132799.0,51.165691,10.451526,Software,1
905,3200,Finance & Investments,Vincent Viola,67.0,United States,New York,Electronic trading,Finance & Investments,United States,,True,D,M,2/12/1956 0:00,Viola,Vincent,Founder & Entrepreneur,4/4/2023 5:01,New York,Northeast,1956.0,2.0,12.0,117.24,7.5,"$21,427,700,000,000 ",88.2,101.8,78.5,9.6,36.6,328239523.0,37.09024,-95.712891,Electronic trading,1
905,3200,Food & Beverage,Wu Shaoxun,67.0,China,Daye,Wine,Food & Beverage,China,,True,D,M,1/1/1956 0:00,Wu,Shaoxun,Founder & Entrepreneur,4/4/2023 5:01,,,1956.0,1.0,1.0,125.08,2.9,"$19,910,000,000,000 ",50.6,100.2,77.0,9.4,59.2,1397715000.0,35.86166,104.195397,Wine,1
905,3200,Gambling & Casinos,Steve Wynn,81.0,United States,Palm Beach,"Casinos, hotels",Gambling & Casinos,United States,Wynn Resorts,True,D,M,1/27/1942 0:00,Wynn,Steve,Founder & Lead Investor & Casinos,4/4/2023 5:01,Florida,South,1942.0,1.0,27.0,117.24,7.5,"$21,427,700,000,000 ",88.2,101.8,78.5,9.6,36.6,328239523.0,37.09024,-95.712891,"Casinos, Wynn Resorts, hotels",3
905,3200,Gambling & Casinos,Jon Yarbrough,65.0,United States,Franklin,Video games,Gambling & Casinos,United States,,True,U,M,5/10/1957 0:00,Yarbrough,Jon,Founder & Entrepreneur,4/4/2023 5:01,Tennessee,South,1957.0,5.0,10.0,117.24,7.5,"$21,427,700,000,000 ",88.2,101.8,78.5,9.6,36.6,328239523.0,37.09024,-95.712891,Video games,1
905,3200,Manufacturing,Zhou Bajin,87.0,China,Changzhou,Auto parts,Manufacturing,China,,True,D,M,5/1/1935 0:00,Zhou,Bajin,Founder & Entrepreneur,4/4/2023 5:01,,,1935.0,5.0,1.0,125.08,2.9,"$19,910,000,000,000 ",50.6,100.2,77.0,9.4,59.2,1397715000.0,35.86166,104.195397,Auto parts,1
949,3100,Manufacturing,Cho Tak Wong,76.0,China,Fuqing,Auto parts,Manufacturing,Hong Kong,,True,D,M,5/15/1946 0:00,Cho,Tak Wong,Founder & Entrepreneur,4/4/2023 5:01,,,1946.0,5.0,15.0,125.08,2.9,"$19,910,000,000,000 ",50.6,100.2,77.0,9.4,59.2,1397715000.0,35.86166,104.195397,Auto parts,1
949,3100,Gambling & Casinos,John Coates,53.0,United Kingdom,Stoke-On-Trent,Online gambling,Gambling & Casinos,United Kingdom,,True,U,M,1/7/1970 0:00,Coates,John,Founder & Entrepreneur,4/4/2023 5:01,,,1970.0,1.0,7.0,119.62,1.7,"$2,827,113,184,696 ",60.0,101.2,81.3,25.5,30.6,66834405.0,55.378051,-3.435973,Online gambling,1
949,3100,Finance & Investments,Ryan Cohen,37.0,United States,Bal Harbour,Investments,Finance & Investments,Canada,,True,U,M,8/4/1985 0:00,Cohen,Ryan,Founder & Entrepreneur,4/4/2023 5:01,Florida,South,1985.0,8.0,4.0,117.24,7.5,"$21,427,700,000,000 ",88.2,101.8,78.5,9.6,36.6,328239523.0,37.09024,-95.712891,Investments,1
949,3100,Food & Beverage,Deng Wen,55.0,China,Chengdu,Flavorings,Food & Beverage,China,,True,U,M,3/1/1968 0:00,Deng,Wen,Founder & Entrepreneur,4/4/2023 5:01,,,1968.0,3.0,1.0,125.08,2.9,"$19,910,000,000,000 ",50.6,100.2,77.0,9.4,59.2,1397715000.0,35.86166,104.195397,Flavorings,1
949,3100,Manufacturing,Gurbachan Singh Dhingra,72.0,India,Delhi,Paints,Manufacturing,India,,True,D,M,4/9/1950 0:00,Dhingra,Gurbachan Singh,Founder & Entrepreneur,4/4/2023 5:01,,,1950.0,4.0,9.0,180.44,7.7,"$2,611,000,000,000 ",28.1,113.0,69.4,11.2,49.7,1366417754.0,20.593684,78.96288,Paints,1
949,3100,Manufacturing,Kuldip Singh Dhingra,75.0,India,Delhi,Paints,Manufacturing,India,,True,D,M,9/2/1947 0:00,Dhingra,Kuldip Singh,Founder & Entrepreneur,4/4/2023 5:01,,,1947.0,9.0,2.0,180.44,7.7,"$2,611,000,000,000 ",28.1,113.0,69.4,11.2,49.7,1366417754.0,20.593684,78.96288,Paints,1
949,3100,Finance & Investments,Martin Ebner,77.0,Switzerland,Wilen,Investments,Finance & Investments,Switzerland,,True,D,M,8/1/1945 0:00,Ebner,Martin,Founder & Entrepreneur,4/4/2023 5:01,,,1945.0,8.0,1.0,99.55,0.4,"$703,082,435,360 ",59.6,105.2,83.6,10.1,28.8,8574832.0,46.818188,8.227512,Investments,1
949,3100,Manufacturing,Charles Edelstenne,85.0,France,Paris,Aviation,Manufacturing,France,,True,D,M,1/3/1938 0:00,Edelstenne,Charles,Founder & Entrepreneur,4/4/2023 5:01,,,1938.0,1.0,3.0,110.05,1.1,"$2,715,518,274,227 ",65.6,102.5,82.5,24.2,60.7,67059887.0,46.227638,2.213749,Aviation,1
949,3100,Real Estate,Sergei Gordeev,50.0,Russia,Moscow,Real estate,Real Estate,Russia,,True,U,M,11/22/1972 0:00,Gordeev,Sergei,Founder & Entrepreneur,4/4/2023 5:01,,,1972.0,11.0,22.0,180.75,4.5,"$1,699,876,578,871 ",81.9,102.6,72.7,11.4,46.2,144373535.0,61.52401,105.318756,Real estate,1
949,3100,Media & Entertainment,Jeff T. Green,46.0,United States,Newbury Park,Digital advertising,Media & Entertainment,United States,,True,D,M,3/30/1977 0:00,Green,Jeff T.,Founder & Entrepreneur,4/4/2023 5:01,California,West,1977.0,3.0,30.0,117.24,7.5,"$21,427,700,000,000 ",88.2,101.8,78.5,9.6,36.6,328239523.0,37.09024,-95.712891,Digital advertising,1
949,3100,Technology,Reed Hastings,62.0,United States,Santa Cruz,Netflix,Technology,United States,Netflix,True,D,M,10/8/1960 0:00,Hastings,Reed,CEO,4/4/2023 5:01,California,West,1960.0,10.0,8.0,117.24,7.5,"$21,427,700,000,000 ",88.2,101.8,78.5,9.6,36.6,328239523.0,37.09024,-95.712891,Netflix,1
949,3100,Service,Bertil Hult,82.0,Switzerland,Lucerne,Education,Service,Sweden,,True,D,M,2/10/1941 0:00,Hult,Bertil,Founder & Entrepreneur,4/4/2023 5:01,,,1941.0,2.0,10.0,99.55,0.4,"$703,082,435,360 ",59.6,105.2,83.6,10.1,28.8,8574832.0,46.818188,8.227512,Education,1
949,3100,Fashion & Retail,Miguel Krigsner,73.0,Brazil,Sao Jose dos Pinhais,Cosmetics,Fashion & Retail,Brazil,,True,D,M,1/9/1950 0:00,Krigsner,Miguel,Founder & Entrepreneur,4/4/2023 5:01,,,1950.0,1.0,9.0,167.4,3.7,"$1,839,758,040,766 ",51.3,115.4,75.7,14.2,65.1,212559417.0,-14.235004,-51.92528,Cosmetics,1
949,3100,Manufacturing,Kuok Khoon Hong,73.0,Singapore,Singapore,Palm oil,Manufacturing,Singapore,,False,D,M,1/1/1950 0:00,Kuok,Khoon Hong,Heir & Major Shareholder & oil,4/4/2023 5:01,,,1950.0,1.0,1.0,114.41,0.6,"$372,062,527,489 ",84.8,100.6,83.1,13.1,21.0,5703569.0,1.352083,103.819836,Palm oil,1
949,3100,Fashion & Retail,Aerin Lauder,52.0,United States,New York,Estee Lauder,Fashion & Retail,United States,,False,D,F,4/23/1970 0:00,Lauder,Aerin,Heir & Major Shareholder,4/4/2023 5:01,New York,Northeast,1970.0,4.0,23.0,117.24,7.5,"$21,427,700,000,000 ",88.2,101.8,78.5,9.6,36.6,328239523.0,37.09024,-95.712891,Estee Lauder,1
949,3100,Food & Beverage,Sheldon Lavin,90.0,United States,Highland Park,Meat processing,Food & Beverage,United States,,True,U,M,6/17/1932 0:00,Lavin,Sheldon,Founder & Entrepreneur,4/4/2023 5:01,Illinois,,1932.0,6.0,17.0,117.24,7.5,"$21,427,700,000,000 ",88.2,101.8,78.5,9.6,36.6,328239523.0,37.09024,-95.712891,Meat processing,1
949,3100,Manufacturing,Yin Yee Lee,71.0,Hong Kong,Hong Kong,Glass,Manufacturing,China,,True,D,M,1/1/1952 0:00,Lee,Yin Yee,Founder & Entrepreneur,4/4/2023 5:01,,,1952.0,1.0,1.0,,,,,,,,,,,,Glass,1
949,3100,Manufacturing,Vladimir Litvinenko & family,67.0,Russia,Saint Petersburg,Chemical industry,Manufacturing,Russia,,True,R,M,8/14/1955 0:00,Litvinenko,Vladimir,Controlling Shareholder & (Family Estate),4/4/2023 5:01,,,1955.0,8.0,14.0,180.75,4.5,"$1,699,876,578,871 ",81.9,102.6,72.7,11.4,46.2,144373535.0,61.52401,105.318756,Chemical industry,1
949,3100,Metals & Mining,Daniel Mate,59.0,Switzerland,Kanton Schwyz,"Mining, commodities",Metals & Mining,Spain,,True,D,M,6/2/1963 0:00,Mate,Daniel,Founder & Entrepreneur & Mining,4/4/2023 5:01,,,1963.0,6.0,2.0,99.55,0.4,"$703,082,435,360 ",59.6,105.2,83.6,10.1,28.8,8574832.0,46.818188,8.227512,"Mining, commodities",2
949,3100,Fashion & Retail,Ravi Modi,46.0,India,Kolkata,Readymade garments,Fashion & Retail,India,,True,U,M,3/13/1977 0:00,Modi,Ravi,Founder & Entrepreneur,4/4/2023 5:01,,,1977.0,3.0,13.0,180.44,7.7,"$2,611,000,000,000 ",28.1,113.0,69.4,11.2,49.7,1366417754.0,20.593684,78.96288,Readymade garments,1
949,3100,Diversified,Farhad Moshiri,67.0,Monaco,Monaco,Diversified,Diversified,United Kingdom,,True,U,M,5/18/1955 0:00,Moshiri,Farhad,Founder & Entrepreneur,4/4/2023 5:01,,,1955.0,5.0,18.0,,,"$7,184,844,193 ",,,,,,38964.0,43.7384176,7.4246158,Diversified,10
949,3100,Finance & Investments,Jonathan Nelson,66.0,United States,Providence,Private equity,Finance & Investments,United States,Providence Equity Partners,True,U,M,5/18/1956 0:00,Nelson,Jonathan,Executive Chairman,4/4/2023 5:01,Rhode Island,Northeast,1956.0,5.0,18.0,117.24,7.5,"$21,427,700,000,000 ",88.2,101.8,78.5,9.6,36.6,328239523.0,37.09024,-95.712891,"Private equity, Providence Equity Partners",2
949,3100,Real Estate,Or Wai Sheun,71.0,Hong Kong,Hong Kong,Real estate,Real Estate,Hong Kong,,True,D,M,6/1/1951 0:00,Or,Wai Sheun,Founder & Entrepreneur,4/4/2023 5:01,,,1951.0,6.0,1.0,,,,,,,,,,,,Real estate,1
949,3100,Real Estate,Katharina Otto-Bernstein,59.0,United States,New York,Real estate,Real Estate,Germany,,False,D,F,1/1/1964 0:00,Otto-Bernstein,Katharina,Heir & Major Shareholder,4/4/2023 5:01,New York,Northeast,1964.0,1.0,1.0,117.24,7.5,"$21,427,700,000,000 ",88.2,101.8,78.5,9.6,36.6,328239523.0,37.09024,-95.712891,Real estate,1
949,3100,Finance & Investments,Sergei Popov,51.0,Switzerland,,Banking,Finance & Investments,Russia,,True,E,M,8/12/1971 0:00,Popov,Sergei,Founder & Entrepreneur,4/4/2023 5:01,,,1971.0,8.0,12.0,99.55,0.4,"$703,082,435,360 ",59.6,105.2,83.6,10.1,28.8,8574832.0,46.818188,8.227512,Banking,1
949,3100,Finance & Investments,Penny Pritzker,63.0,United States,Chicago,"Hotels, investments",Finance & Investments,United States,Inspired Capital,False,D,F,5/2/1959 0:00,Pritzker,Penny,Heir & Major Shareholder & Hotels,4/4/2023 5:01,Illinois,Midwest,1959.0,5.0,2.0,117.24,7.5,"$21,427,700,000,000 ",88.2,101.8,78.5,9.6,36.6,328239523.0,37.09024,-95.712891,"Hotels, Inspired Capital, investments",3
949,3100,Diversified,Theodore Rachmat,79.0,Indonesia,Jakarta,Diversified,Diversified,Indonesia,,False,D,M,12/15/1943 0:00,Rachmat,Theodore,Heir & Major Shareholder,4/4/2023 5:01,,,1943.0,12.0,15.0,151.18,3.0,"$1,119,190,780,753 ",36.3,106.4,71.5,10.2,30.1,270203917.0,-0.789275,113.921327,Diversified,10
949,3100,Fashion & Retail,Renzo Rosso & family,67.0,Italy,Bassano del Grappa,Fashion,Fashion & Retail,Italy,,True,D,M,9/15/1955 0:00,Rosso,Renzo,Controlling Shareholder & (Family Estate),4/4/2023 5:01,,,1955.0,9.0,15.0,110.62,0.6,"$2,001,244,392,042 ",61.9,101.9,82.9,24.3,59.1,60297396.0,41.87194,12.56738,Fashion,1
949,3100,Media & Entertainment,Friede Springer,80.0,Germany,Berlin,Publishing,Media & Entertainment,Germany,,False,D,F,8/15/1942 0:00,Springer,Friede,Heir & Major Shareholder,4/4/2023 5:01,,,1942.0,8.0,15.0,112.85,1.4,"$3,845,630,030,824 ",70.2,104.0,80.9,11.5,48.8,83132799.0,51.165691,10.451526,Publishing,1
949,3100,Real Estate,Rita Tong Liu,74.0,Hong Kong,Hong Kong,Real estate,Real Estate,Hong Kong,,True,D,F,6/29/1948 0:00,Tong Liu,Rita,Founder & Entrepreneur,4/4/2023 5:01,,,1948.0,6.0,29.0,,,,,,,,,,,,Real estate,1
949,3100,Finance & Investments,Timur Turlov,35.0,Kazakhstan,Almaty,Stock brokerage,Finance & Investments,Kazakhstan,,True,U,M,11/13/1987 0:00,Turlov,Timur,Founder & Entrepreneur,4/4/2023 5:01,,,1987.0,11.0,13.0,182.75,5.2,"$180,161,741,180 ",61.7,104.4,73.2,11.7,28.4,18513930.0,48.019573,66.923684,Stock brokerage,1
949,3100,Fashion & Retail,Frank VanderSloot,74.0,United States,Idaho Falls,"Nutrition, wellness products",Fashion & Retail,United States,,True,U,M,8/14/1948 0:00,VanderSloot,Frank,Founder & Entrepreneur & Nutrition,4/4/2023 5:01,Idaho,West,1948.0,8.0,14.0,117.24,7.5,"$21,427,700,000,000 ",88.2,101.8,78.5,9.6,36.6,328239523.0,37.09024,-95.712891,"Nutrition, wellness products",2
949,3100,Media & Entertainment,Yoo Jung-hyun,53.0,South Korea,Jeju-do,Online games,Media & Entertainment,South Korea,,True,U,F,4/16/1969 0:00,Yoo,Jung-hyun,Founder & Entrepreneur,4/4/2023 5:01,,,1969.0,4.0,16.0,115.16,0.4,"$2,029,000,000,000 ",94.3,98.1,82.6,15.6,33.2,51709098.0,35.907757,127.766922,Online games,1
982,3000,Diversified,Abdulla bin Ahmad Al Ghurair & family,,United Arab Emirates,Dubai,Diversified,Diversified,United Arab Emirates,,False,U,M,,Al Ghurair,Abdulla bin Ahmad,Controlling Shareholder & (Family Estate),4/4/2023 5:01,,,,,,114.52,-1.9,"$421,142,267,938 ",36.8,108.4,77.8,0.1,15.9,9770529.0,23.424076,53.847818,Diversified,10
982,3000,Diversified,Semahat Sevim Arsel,94.0,Turkey,Istanbul,Diversified,Diversified,Turkey,,False,U,F,9/8/1928 0:00,Arsel,Semahat Sevim,Heir & Major Shareholder,4/4/2023 5:01,,,1928.0,9.0,8.0,234.44,15.2,"$754,411,708,203 ",23.9,93.2,77.4,17.9,42.3,83429615.0,38.963745,35.243322,Diversified,10
982,3000,Real Estate,Nicolas Berggruen,61.0,United States,Beverly Hills,"Real estate, investments",Real Estate,United States,,False,U,M,8/10/1961 0:00,Berggruen,Nicolas,Heir & Major Shareholder & estate,4/4/2023 5:01,California,West,1961.0,8.0,10.0,117.24,7.5,"$21,427,700,000,000 ",88.2,101.8,78.5,9.6,36.6,328239523.0,37.09024,-95.712891,"Real estate, investments",2
982,3000,Energy,George Bishop,85.0,United States,The Woodlands,Oil & gas,Energy,United States,,True,U,M,10/6/1937 0:00,Bishop,George,Founder & Entrepreneur & Oil & gas,4/4/2023 5:01,Texas,South,1937.0,10.0,6.0,117.24,7.5,"$21,427,700,000,000 ",88.2,101.8,78.5,9.6,36.6,328239523.0,37.09024,-95.712891,Oil & gas,1
982,3000,Automotive,Norman Braman,90.0,United States,Miami,"Art, car dealerships",Automotive,United States,,True,U,M,8/22/1932 0:00,Braman,Norman,Founder & Entrepreneur & Art & car,4/4/2023 5:01,Florida,South,1932.0,8.0,22.0,117.24,7.5,"$21,427,700,000,000 ",88.2,101.8,78.5,9.6,36.6,328239523.0,37.09024,-95.712891,"Art, car dealerships",2
982,3000,Technology,Eva Maria Bucher-Haefner,66.0,Switzerland,Zurich,"Software, investments",Technology,Switzerland,,False,E,F,1/1/1957 0:00,Bucher-Haefner,Eva Maria,Heir & Major Shareholder & Software,4/4/2023 5:01,,,1957.0,1.0,1.0,99.55,0.4,"$703,082,435,360 ",59.6,105.2,83.6,10.1,28.8,8574832.0,46.818188,8.227512,"Software, investments",2
982,3000,Healthcare,Cai Dongchen,70.0,China,Luancheng,Pharmaceuticals,Healthcare,China,,True,D,M,2/1/1953 0:00,Cai,Dongchen,Founder & Entrepreneur,4/4/2023 5:01,,,1953.0,2.0,1.0,125.08,2.9,"$19,910,000,000,000 ",50.6,100.2,77.0,9.4,59.2,1397715000.0,35.86166,104.195397,Pharmaceuticals,1
982,3000,Food & Beverage,Jean-Pierre Cayard,80.0,France,Paris,Spirits,Food & Beverage,France,,False,U,M,1/1/1943 0:00,Cayard,Jean-Pierre,Heir & Major Shareholder,4/4/2023 5:01,,,1943.0,1.0,1.0,110.05,1.1,"$2,715,518,274,227 ",65.6,102.5,82.5,24.2,60.7,67059887.0,46.227638,2.213749,Spirits,1
982,3000,Real Estate,Chan Tan Ching-fen,,Hong Kong,Hong Kong,Real estate,Real Estate,Hong Kong,,False,D,F,,Chan,Tan Ching-fen,Heir & Major Shareholder,4/4/2023 5:01,,,,,,,,,,,,,,,,,Real estate,1
982,3000,Fashion & Retail,Todd Christopher,60.0,United States,Clearwater,Hair care products,Fashion & Retail,United States,,True,E,M,10/8/1962 0:00,Christopher,Todd,Founder & Entrepreneur,4/4/2023 5:01,Florida,South,1962.0,10.0,8.0,117.24,7.5,"$21,427,700,000,000 ",88.2,101.8,78.5,9.6,36.6,328239523.0,37.09024,-95.712891,Hair care products,1
982,3000,Real Estate,Mang Yee Chu & family,63.0,China,Guangzhou,Real estate,Real Estate,China,,True,D,M,1/1/1960 0:00,Chu,Mang Yee,Controlling Shareholder & (Family ),4/4/2023 5:01,,,1960.0,1.0,1.0,125.08,2.9,"$19,910,000,000,000 ",50.6,100.2,77.0,9.4,59.2,1397715000.0,35.86166,104.195397,Real estate,1
982,3000,Finance & Investments,"William Conway, Jr.",73.0,United States,McLean,Private equity,Finance & Investments,United States,Carlyle Group,True,D,M,8/27/1949 0:00,Conway,William,Founder & Lead Investor,4/4/2023 5:01,Virginia,South,1949.0,8.0,27.0,117.24,7.5,"$21,427,700,000,000 ",88.2,101.8,78.5,9.6,36.6,328239523.0,37.09024,-95.712891,"Carlyle Group, Private equity",2
982,3000,Fashion & Retail,Jean Coutu & family,95.0,Canada,Montreal,Drugstores,Fashion & Retail,Canada,Jean Coutu Group (PJC) Inc. (Cl A),True,D,M,5/29/1927 0:00,Coutu,Jean,Chairman,4/4/2023 5:01,,,1927.0,5.0,29.0,116.76,1.9,"$1,736,425,629,520 ",68.9,100.9,81.9,12.8,24.5,36991981.0,56.130366,-106.346771,"Drugstores, Jean Coutu Group (PJC) Inc. (Cl A)",2
982,3000,Automotive,Catheline Perier D'Ieteren,78.0,,,"Auto parts, distribution",Automotive,Belgium,,False,N,F,7/5/1944 0:00,D'Ieteren,Catheline Perier,Heir & Major Shareholder & parts,4/4/2023 5:01,,,1944.0,7.0,5.0,,,,,,,,,,,,"Auto parts, distribution",2
982,3000,Real Estate,"Edward DeBartolo, Jr.",76.0,United States,Tampa,Shopping centers,Real Estate,United States,,False,U,M,11/6/1946 0:00,DeBartolo,Edward,Heir & Major Shareholder,4/4/2023 5:01,Florida,South,1946.0,11.0,6.0,117.24,7.5,"$21,427,700,000,000 ",88.2,101.8,78.5,9.6,36.6,328239523.0,37.09024,-95.712891,Shopping centers,1
982,3000,Finance & Investments,Stephen Deckoff,57.0,United States,St. John,Private equity,Finance & Investments,United States,,True,N,M,11/4/1965 0:00,Deckoff,Stephen,Founder & Entrepreneur,4/4/2023 5:01,U.S. Virgin Islands,U.S. Territories,1965.0,11.0,4.0,117.24,7.5,"$21,427,700,000,000 ",88.2,101.8,78.5,9.6,36.6,328239523.0,37.09024,-95.712891,Private equity,1
982,3000,Metals & Mining,Feng Hailiang,62.0,China,Zhuji,"Copper, education",Metals & Mining,China,,True,U,M,10/1/1960 0:00,Feng,Hailiang,Founder & Entrepreneur & Copper,4/4/2023 5:01,,,1960.0,10.0,1.0,125.08,2.9,"$19,910,000,000,000 ",50.6,100.2,77.0,9.4,59.2,1397715000.0,35.86166,104.195397,"Copper, education",2
982,3000,Automotive,"Ernest Garcia, II.",65.0,United States,Tempe,Used cars,Automotive,United States,,True,D,M,5/21/1957 0:00,Garcia,Ernest,Founder & Entrepreneur,4/4/2023 5:01,Arizona,West,1957.0,5.0,21.0,117.24,7.5,"$21,427,700,000,000 ",88.2,101.8,78.5,9.6,36.6,328239523.0,37.09024,-95.712891,Used cars,1
982,3000,Food & Beverage,Sam Goi,76.0,Singapore,Singapore,Frozen foods,Food & Beverage,Singapore,,True,U,M,12/28/1946 0:00,Goi,Sam,Founder & Entrepreneur,4/4/2023 5:01,,,1946.0,12.0,28.0,114.41,0.6,"$372,062,527,489 ",84.8,100.6,83.1,13.1,21.0,5703569.0,1.352083,103.819836,Frozen foods,1
982,3000,Diversified,Carlos Hank Rhon,75.0,Mexico,Mexico City,Banking,Diversified,Mexico,,False,U,M,12/10/1947 0:00,Hank Rhon,Carlos,Heir & Major Shareholder,4/4/2023 5:01,,,1947.0,12.0,10.0,141.54,3.6,"$1,258,286,717,125 ",40.2,105.8,75.0,13.1,55.1,126014024.0,23.634501,-102.552784,Banking,1
982,3000,Manufacturing,Susan Carol Holland,66.0,Italy,Milan,Hearing aids,Manufacturing,Italy,,False,D,F,5/27/1956 0:00,Holland,Susan Carol,Heir & Major Shareholder,4/4/2023 5:01,,,1956.0,5.0,27.0,110.62,0.6,"$2,001,244,392,042 ",61.9,101.9,82.9,24.3,59.1,60297396.0,41.87194,12.56738,Hearing aids,1
982,3000,Real Estate,Hui Ka Yan,64.0,China,Shenzhen,Real estate,Real Estate,China,,True,D,M,10/1/1958 0:00,Hui,Ka Yan,Founder & Entrepreneur,4/4/2023 5:01,,,1958.0,10.0,1.0,125.08,2.9,"$19,910,000,000,000 ",50.6,100.2,77.0,9.4,59.2,1397715000.0,35.86166,104.195397,Real estate,1
982,3000,Manufacturing,Vivek Jain,67.0,India,Delhi,Chemicals,Manufacturing,India,,False,U,M,8/30/1955 0:00,Jain,Vivek,Heir & Major Shareholder,4/4/2023 5:01,,,1955.0,8.0,30.0,180.44,7.7,"$2,611,000,000,000 ",28.1,113.0,69.4,11.2,49.7,1366417754.0,20.593684,78.96288,Chemicals,1
982,3000,Fashion & Retail,Friedrich Knapp,71.0,Germany,Brunswick,Fashion retail,Fashion & Retail,Germany,,True,D,M,5/6/1951 0:00,Knapp,Friedrich,Founder & Entrepreneur,4/4/2023 5:01,,,1951.0,5.0,6.0,112.85,1.4,"$3,845,630,030,824 ",70.2,104.0,80.9,11.5,48.8,83132799.0,51.165691,10.451526,Fashion retail,1
982,3000,Healthcare,Egor Kulkov,51.0,Switzerland,Grimisuat,Pharmaceuticals,Healthcare,Russia,,True,U,M,12/7/1971 0:00,Kulkov,Egor,Founder & Entrepreneur,4/4/2023 5:01,,,1971.0,12.0,7.0,99.55,0.4,"$703,082,435,360 ",59.6,105.2,83.6,10.1,28.8,8574832.0,46.818188,8.227512,Pharmaceuticals,1
982,3000,Fashion & Retail,Lin Ming-hsiung,73.0,Taiwan,Taipei,Supermarkets,Fashion & Retail,Taiwan,,True,D,M,1/1/1950 0:00,Lin,Ming-hsiung,Founder & Entrepreneur,4/4/2023 5:01,,,1950.0,1.0,1.0,,,,,,,,,,,,Supermarkets,1
982,3000,Technology,Lin Xiucheng & family,67.0,China,Xiamen,Electronics,Technology,China,,True,D,M,10/10/1955 0:00,Lin,Xiucheng,Controlling Shareholder & (Family Estate),4/4/2023 5:01,,,1955.0,10.0,10.0,125.08,2.9,"$19,910,000,000,000 ",50.6,100.2,77.0,9.4,59.2,1397715000.0,35.86166,104.195397,Electronics,1
982,3000,Food & Beverage,Harsh Mariwala,71.0,India,Mumbai,Consumer goods,Food & Beverage,India,,False,D,M,5/14/1951 0:00,Mariwala,Harsh,Heir & Major Shareholder,4/4/2023 5:01,,,1951.0,5.0,14.0,180.44,7.7,"$2,611,000,000,000 ",28.1,113.0,69.4,11.2,49.7,1366417754.0,20.593684,78.96288,Consumer goods,1
982,3000,Healthcare,Gilles Martin,59.0,France,Nantes,Laboratory services,Healthcare,France,,True,D,M,10/20/1963 0:00,Martin,Gilles,Founder & Entrepreneur,4/4/2023 5:01,,,1963.0,10.0,20.0,110.05,1.1,"$2,715,518,274,227 ",65.6,102.5,82.5,24.2,60.7,67059887.0,46.227638,2.213749,Laboratory services,1
982,3000,Healthcare,Maja Oeri,68.0,Switzerland,Basel,Pharmaceuticals,Healthcare,Switzerland,,False,D,F,1/1/1955 0:00,Oeri,Maja,Heir & Major Shareholder,4/4/2023 5:01,,,1955.0,1.0,1.0,99.55,0.4,"$703,082,435,360 ",59.6,105.2,83.6,10.1,28.8,8574832.0,46.818188,8.227512,Pharmaceuticals,1
982,3000,Finance & Investments,John Paulson,67.0,United States,New York,Hedge funds,Finance & Investments,United States,Paulson & Co. Inc.,True,D,M,12/14/1955 0:00,Paulson,John,Founder,4/4/2023 5:01,New York,Northeast,1955.0,12.0,14.0,117.24,7.5,"$21,427,700,000,000 ",88.2,101.8,78.5,9.6,36.6,328239523.0,37.09024,-95.712891,"Hedge funds, Paulson & Co. Inc.",2
982,3000,Healthcare,Ajay Piramal,67.0,India,Mumbai,Pharmaceuticals,Healthcare,India,,False,D,M,8/3/1955 0:00,Piramal,Ajay,Heir & Major Shareholder,4/4/2023 5:01,,,1955.0,8.0,3.0,180.44,7.7,"$2,611,000,000,000 ",28.1,113.0,69.4,11.2,49.7,1366417754.0,20.593684,78.96288,Pharmaceuticals,1
982,3000,Fashion & Retail,Guanghe Qiu & family,71.0,China,Wenzhou,Fashion retail,Fashion & Retail,China,,True,D,M,11/10/1951 0:00,Qiu,Guanghe,Controlling Shareholder & (Family Estate),4/4/2023 5:01,,,1951.0,11.0,10.0,125.08,2.9,"$19,910,000,000,000 ",50.6,100.2,77.0,9.4,59.2,1397715000.0,35.86166,104.195397,Fashion retail,1
982,3000,Fashion & Retail,Stephen Rubin,86.0,United Kingdom,London,Sports apparel,Fashion & Retail,United Kingdom,,False,R,M,3/12/1937 0:00,Rubin,Stephen,Heir & Major Shareholder,4/4/2023 5:01,,,1937.0,3.0,12.0,119.62,1.7,"$2,827,113,184,696 ",60.0,101.2,81.3,25.5,30.6,66834405.0,55.378051,-3.435973,Sports apparel,1
982,3000,Food & Beverage,Robert Sands,64.0,United States,Delray Beach,Liquor,Food & Beverage,United States,,False,Split Family Fortune,M,6/10/1958 0:00,Sands,Robert,Heir & Major Shareholder,4/4/2023 5:01,Florida,South,1958.0,6.0,10.0,117.24,7.5,"$21,427,700,000,000 ",88.2,101.8,78.5,9.6,36.6,328239523.0,37.09024,-95.712891,Liquor,1
982,3000,Real Estate,Erik Selin,55.0,Sweden,Göteborg,Real estate,Real Estate,Sweden,,True,D,M,5/8/1967 0:00,Selin,Erik,Founder & Entrepreneur,4/4/2023 5:01,,,1967.0,5.0,8.0,110.51,1.8,"$530,832,908,738 ",67.0,126.6,82.5,27.9,49.1,10285453.0,60.128161,18.643501,Real estate,1
982,3000,Food & Beverage,Yonghong Shi & family,54.0,China,Chengdu,Restaurants,Food & Beverage,China,,True,D,M,1/1/1969 0:00,Shi,Yonghong,Controlling Shareholder & (Family Estate),4/4/2023 5:01,,,1969.0,1.0,1.0,125.08,2.9,"$19,910,000,000,000 ",50.6,100.2,77.0,9.4,59.2,1397715000.0,35.86166,104.195397,Restaurants,1
982,3000,Manufacturing,Martua Sitorus,63.0,Singapore,Singapore,Palm oil,Manufacturing,Indonesia,,True,U,M,2/18/1960 0:00,Sitorus,Martua,Founder & Entrepreneur & oil,4/4/2023 5:01,,,1960.0,2.0,18.0,114.41,0.6,"$372,062,527,489 ",84.8,100.6,83.1,13.1,21.0,5703569.0,1.352083,103.819836,Palm oil,1
982,3000,Diversified,Guangxin Sun,60.0,China,Urumqi,Diversified,Diversified,China,,True,U,M,12/1/1962 0:00,Sun,Guangxin,Founder & Entrepreneur,4/4/2023 5:01,,,1962.0,12.0,1.0,125.08,2.9,"$19,910,000,000,000 ",50.6,100.2,77.0,9.4,59.2,1397715000.0,35.86166,104.195397,Diversified,10
982,3000,Diversified,Sukanto Tanoto,73.0,Singapore,Singapore,Diversified,Diversified,Indonesia,,True,U,M,12/25/1949 0:00,Tanoto,Sukanto,Founder & Entrepreneur,4/4/2023 5:01,,,1949.0,12.0,25.0,114.41,0.6,"$372,062,527,489 ",84.8,100.6,83.1,13.1,21.0,5703569.0,1.352083,103.819836,Diversified,10
982,3000,Service,Sunny Varkey,65.0,United Arab Emirates,Dubai,Education,Service,India,,False,U,M,4/9/1957 0:00,Varkey,Sunny,Heir & Major Shareholder,4/4/2023 5:01,,,1957.0,4.0,9.0,114.52,-1.9,"$421,142,267,938 ",36.8,108.4,77.8,0.1,15.9,9770529.0,23.424076,53.847818,Education,1
982,3000,Media & Entertainment,Gang Ye,42.0,Singapore,Singapore,Gaming,Media & Entertainment,Singapore,,True,D,M,6/1/1980 0:00,Ye,Gang,Founder & Entrepreneur,4/4/2023 5:01,,,1980.0,6.0,1.0,114.41,0.6,"$372,062,527,489 ",84.8,100.6,83.1,13.1,21.0,5703569.0,1.352083,103.819836,Gaming,1
982,3000,Healthcare,Ye Xiaoping,60.0,China,Hangzhou,Pharmaceuticals,Healthcare,China,,True,U,M,2/1/1963 0:00,Ye,Xiaoping,Founder & Entrepreneur,4/4/2023 5:01,,,1963.0,2.0,1.0,125.08,2.9,"$19,910,000,000,000 ",50.6,100.2,77.0,9.4,59.2,1397715000.0,35.86166,104.195397,Pharmaceuticals,1
982,3000,Finance & Investments,Lei Zhang,50.0,Hong Kong,Hong Kong,Investments,Finance & Investments,China,,True,E,M,12/1/1972 0:00,Zhang,Lei,Founder & Entrepreneur,4/4/2023 5:01,,,1972.0,12.0,1.0,,,,,,,,,,,,Investments,1
982,3000,Manufacturing,Zhu Gongshan & family,65.0,China,Shanghai,Solar panel materials,Manufacturing,China,,True,D,M,1/1/1958 0:00,Zhu,Gongshan,Controlling Shareholder & (Family Estate),4/4/2023 5:01,,,1958.0,1.0,1.0,125.08,2.9,"$19,910,000,000,000 ",50.6,100.2,77.0,9.4,59.2,1397715000.0,35.86166,104.195397,Solar panel materials,1
1027,2900,Fashion & Retail,Isak Andic & family,69.0,Spain,Barcelona,Fashion retail,Fashion & Retail,Spain,,True,U,M,10/20/1953 0:00,Andic,Isak,Controlling Shareholder & (Family Estate),4/4/2023 5:01,,,1953.0,10.0,20.0,110.96,0.7,"$1,394,116,310,769 ",88.9,102.7,83.3,14.2,47.0,47076781.0,40.463667,-3.74922,Fashion retail,1
1027,2900,Automotive,Alberto Bombassei,82.0,Italy,Bergamo,Automotive brakes,Automotive,Italy,,False,U,M,10/5/1940 0:00,Bombassei,Alberto,Heir & Major Shareholder,4/4/2023 5:01,,,1940.0,10.0,5.0,110.62,0.6,"$2,001,244,392,042 ",61.9,101.9,82.9,24.3,59.1,60297396.0,41.87194,12.56738,Automotive brakes,1
1027,2900,Healthcare,Cao Longxiang & family,65.0,China,Taixing,Pharmaceuticals,Healthcare,China,,True,E,M,9/5/1957 0:00,Cao,Longxiang,Controlling Shareholder & (Family Estate),4/4/2023 5:01,,,1957.0,9.0,5.0,125.08,2.9,"$19,910,000,000,000 ",50.6,100.2,77.0,9.4,59.2,1397715000.0,35.86166,104.195397,Pharmaceuticals,1
1027,2900,Real Estate,"Roy Carroll, II.",60.0,United States,Greensboro,Real estate,Real Estate,United States,,True,N,M,11/1/1962 0:00,Carroll,Roy,Founder & Entrepreneur,4/4/2023 5:01,North Carolina,South,1962.0,11.0,1.0,117.24,7.5,"$21,427,700,000,000 ",88.2,101.8,78.5,9.6,36.6,328239523.0,37.09024,-95.712891,Real estate,1
1027,2900,Telecom,John Caudwell,70.0,United Kingdom,Stoke-on-Trent,Mobile phones,Telecom,United Kingdom,,True,D,M,10/1/1952 0:00,Caudwell,John,Founder & Entrepreneur,4/4/2023 5:01,,,1952.0,10.0,1.0,119.62,1.7,"$2,827,113,184,696 ",60.0,101.2,81.3,25.5,30.6,66834405.0,55.378051,-3.435973,Mobile phones,1
1027,2900,Technology,James Clark,79.0,United States,Palm Beach,"Netscape, investments",Technology,United States,Netscape Communications Corporation,True,D,M,3/23/1944 0:00,Clark,James,Founder & Lead Investor & Netscape,4/4/2023 5:01,Florida,South,1944.0,3.0,23.0,117.24,7.5,"$21,427,700,000,000 ",88.2,101.8,78.5,9.6,36.6,328239523.0,37.09024,-95.712891,"Netscape, Netscape Communications Corporation, investments",3
1027,2900,Fashion & Retail,Jacques D'Amours,66.0,Canada,Montreal,Convenience stores,Fashion & Retail,Canada,Alimentation Couche Tard Inc. Cl A,True,U,M,12/8/1956 0:00,D'Amours,Jacques,Founder & Lead Investor,4/4/2023 5:01,,,1956.0,12.0,8.0,116.76,1.9,"$1,736,425,629,520 ",68.9,100.9,81.9,12.8,24.5,36991981.0,56.130366,-106.346771,"Alimentation Couche Tard Inc. Cl A, Convenience stores",2
1027,2900,Fashion & Retail,John Paul DeJoria,78.0,United States,Austin,"Hair products, tequila",Fashion & Retail,United States,,True,U,M,4/13/1944 0:00,DeJoria,John Paul,Founder & Entrepreneur & products,4/4/2023 5:01,Texas,South,1944.0,4.0,13.0,117.24,7.5,"$21,427,700,000,000 ",88.2,101.8,78.5,9.6,36.6,328239523.0,37.09024,-95.712891,"Hair products, tequila",2
1027,2900,Sports,Bernard Ecclestone & family,92.0,United Kingdom,London,Formula One,Sports,United Kingdom,,True,D,M,10/28/1930 0:00,Ecclestone,Bernard,Controlling Shareholder & One (Family Estate),4/4/2023 5:01,,,1930.0,10.0,28.0,119.62,1.7,"$2,827,113,184,696 ",60.0,101.2,81.3,25.5,30.6,66834405.0,55.378051,-3.435973,Formula One,1
1027,2900,Technology,Michael Federmann & family,79.0,Israel,Tel Aviv,"Defense, hotels",Technology,Israel,,True,D,M,9/9/1943 0:00,Federmann,Michael,Controlling Shareholder & Defense & (Family Estate),4/4/2023 5:01,,,1943.0,9.0,9.0,108.15,0.8,"$395,098,666,122 ",63.4,104.9,82.8,23.1,25.3,9053300.0,31.046051,34.851612,"Defense, hotels",2
1027,2900,Media & Entertainment,Kenneth Feld & family,74.0,United States,Sarasota,Live entertainment,Media & Entertainment,United States,Feld Entertainment,False,U,M,10/31/1948 0:00,Feld,Kenneth,Chairman,4/4/2023 5:01,Florida,South,1948.0,10.0,31.0,117.24,7.5,"$21,427,700,000,000 ",88.2,101.8,78.5,9.6,36.6,328239523.0,37.09024,-95.712891,"Feld Entertainment, Live entertainment",2
1027,2900,Manufacturing,Gu Yuhua & family,73.0,China,Hangzhou,Furniture,Manufacturing,China,,True,D,M,10/5/1949 0:00,Gu,Yuhua,Controlling Shareholder & (Family Estate),4/4/2023 5:01,,,1949.0,10.0,5.0,125.08,2.9,"$19,910,000,000,000 ",50.6,100.2,77.0,9.4,59.2,1397715000.0,35.86166,104.195397,Furniture,1
1027,2900,Construction & Engineering,Otto Happel,75.0,Switzerland,Luzerne,Engineering,Construction & Engineering,Germany,,False,D,M,2/9/1948 0:00,Happel,Otto,Heir & Major Shareholder,4/4/2023 5:01,,,1948.0,2.0,9.0,99.55,0.4,"$703,082,435,360 ",59.6,105.2,83.6,10.1,28.8,8574832.0,46.818188,8.227512,Engineering,1
1027,2900,Healthcare,Gudrun Heine,68.0,Germany,Ohningen,Medical devices,Healthcare,Germany,,False,D,F,10/19/1954 0:00,Heine,Gudrun,Heir & Major Shareholder,4/4/2023 5:01,,,1954.0,10.0,19.0,112.85,1.4,"$3,845,630,030,824 ",70.2,104.0,80.9,11.5,48.8,83132799.0,51.165691,10.451526,Medical devices,1
1027,2900,Real Estate,Donald Horton & family,73.0,United States,Fort Worth,Homebuilding,Real Estate,United States,,True,U,M,3/5/1950 0:00,Horton,Donald,Controlling Shareholder & (Family Estate),4/4/2023 5:01,Texas,South,1950.0,3.0,5.0,117.24,7.5,"$21,427,700,000,000 ",88.2,101.8,78.5,9.6,36.6,328239523.0,37.09024,-95.712891,Homebuilding,1
1027,2900,Real Estate,Zarakh Iliev,56.0,Russia,Moscow,Real estate,Real Estate,Russia,,True,U,M,9/9/1966 0:00,Iliev,Zarakh,Founder & Entrepreneur,4/4/2023 5:01,,,1966.0,9.0,9.0,180.75,4.5,"$1,699,876,578,871 ",81.9,102.6,72.7,11.4,46.2,144373535.0,61.52401,105.318756,Real estate,1
1027,2900,Diversified,Ipek Kirac,38.0,Turkey,Istanbul,Diversified,Diversified,Turkey,,False,U,F,11/28/1984 0:00,Kirac,Ipek,Heir & Major Shareholder,4/4/2023 5:01,,,1984.0,11.0,28.0,234.44,15.2,"$754,411,708,203 ",23.9,93.2,77.4,17.9,42.3,83429615.0,38.963745,35.243322,Diversified,10
1027,2900,Technology,Lee Seo-hyun,49.0,South Korea,Seoul,Samsung,Technology,South Korea,,False,D,F,9/20/1973 0:00,Lee,Seo-hyun,Heir & Major Shareholder,4/4/2023 5:01,,,1973.0,9.0,20.0,115.16,0.4,"$2,029,000,000,000 ",94.3,98.1,82.6,15.6,33.2,51709098.0,35.907757,127.766922,Samsung,1
1027,2900,Healthcare,Li Jianquan & family,66.0,China,Shenzhen,Consumer products,Healthcare,Hong Kong,,True,D,M,1/1/1957 0:00,Li,Jianquan,Controlling Shareholder & (Family Estate),4/4/2023 5:01,,,1957.0,1.0,1.0,125.08,2.9,"$19,910,000,000,000 ",50.6,100.2,77.0,9.4,59.2,1397715000.0,35.86166,104.195397,Consumer products,1
1027,2900,Healthcare,Li Li,57.0,China,Changsha,Healthcare,Healthcare,China,,True,U,M,9/1/1965 0:00,Li,Li,Founder & Entrepreneur,4/4/2023 5:01,,,1965.0,9.0,1.0,125.08,2.9,"$19,910,000,000,000 ",50.6,100.2,77.0,9.4,59.2,1397715000.0,35.86166,104.195397,Healthcare,1
1027,2900,Manufacturing,Li Xiaohua & family,61.0,China,Yuxi,Packaging,Manufacturing,China,,True,D,M,1/1/1962 0:00,Li,Xiaohua,Controlling Shareholder & (Family Estate),4/4/2023 5:01,,,1962.0,1.0,1.0,125.08,2.9,"$19,910,000,000,000 ",50.6,100.2,77.0,9.4,59.2,1397715000.0,35.86166,104.195397,Packaging,1
1027,2900,Manufacturing,Liu Xiaodong,55.0,China,Shanghai,Flavorings,Manufacturing,China,,True,U,M,7/3/1967 0:00,Liu,Xiaodong,Founder & Entrepreneur,4/4/2023 5:01,,,1967.0,7.0,3.0,125.08,2.9,"$19,910,000,000,000 ",50.6,100.2,77.0,9.4,59.2,1397715000.0,35.86166,104.195397,Flavorings,1
1027,2900,Technology,Martin Lorentzon,54.0,Sweden,Stockholm,Spotify,Technology,Sweden,,True,E,M,4/1/1969 0:00,Lorentzon,Martin,Founder & Entrepreneur,4/4/2023 5:01,,,1969.0,4.0,1.0,110.51,1.8,"$530,832,908,738 ",67.0,126.6,82.5,27.9,49.1,10285453.0,60.128161,18.643501,Spotify,1
1027,2900,Energy,Ronald McAulay,87.0,Hong Kong,Hong Kong,Energy,Energy,Hong Kong,,False,D,M,10/5/1935 0:00,McAulay,Ronald,Heir & Major Shareholder,4/4/2023 5:01,,,1935.0,10.0,5.0,,,,,,,,,,,,Energy,1
1027,2900,Fashion & Retail,Erwin Franz Mueller,90.0,Germany,Ulm,Drugstores,Fashion & Retail,Germany,,True,U,M,8/9/1932 0:00,Mueller,Erwin Franz,Founder & Entrepreneur,4/4/2023 5:01,,,1932.0,8.0,9.0,112.85,1.4,"$3,845,630,030,824 ",70.2,104.0,80.9,11.5,48.8,83132799.0,51.165691,10.451526,Drugstores,1
1027,2900,Technology,Georg Nemetschek & family,89.0,Germany,Munich,Software,Technology,Germany,,True,D,M,1/1/1934 0:00,Nemetschek,Georg,Controlling Shareholder & (Family Estate),4/4/2023 5:01,,,1934.0,1.0,1.0,112.85,1.4,"$3,845,630,030,824 ",70.2,104.0,80.9,11.5,48.8,83132799.0,51.165691,10.451526,Software,1
1027,2900,Real Estate,God Nisanov,50.0,Russia,Moscow,Real estate,Real Estate,Russia,,True,U,M,4/24/1972 0:00,Nisanov,God,Founder & Entrepreneur,4/4/2023 5:01,,,1972.0,4.0,24.0,180.75,4.5,"$1,699,876,578,871 ",81.9,102.6,72.7,11.4,46.2,144373535.0,61.52401,105.318756,Real estate,1
1027,2900,Real Estate,Vikas Oberoi,52.0,India,Mumbai,Real estate,Real Estate,India,,False,D,M,9/8/1970 0:00,Oberoi,Vikas,Heir & Major Shareholder,4/4/2023 5:01,,,1970.0,9.0,8.0,180.44,7.7,"$2,611,000,000,000 ",28.1,113.0,69.4,11.2,49.7,1366417754.0,20.593684,78.96288,Real estate,1
1027,2900,Energy,Gregorio Perez Companc & family,87.0,Argentina,Buenos Aires,Oil & gas,Energy,Argentina,,True,U,M,8/23/1935 0:00,Perez Companc,Gregorio,Controlling Shareholder & Oil & gas (Family Estate),4/4/2023 5:01,,,1935.0,8.0,23.0,232.75,53.5,"$449,663,446,954 ",90.0,109.7,76.5,10.1,106.3,44938712.0,-38.416097,-63.616672,Oil & gas,1
1027,2900,Finance & Investments,Sebastian Piñera & family,73.0,Chile,Santiago,Investments,Finance & Investments,Chile,Chile,True,U,M,12/1/1949 0:00,Piñera,Sebastian,Controlling Shareholder & (Family Estate),4/4/2023 5:01,,,1949.0,12.0,1.0,131.91,2.6,"$282,318,159,745 ",88.5,101.4,80.0,18.2,34.0,18952038.0,-35.675147,-71.542969,"Chile, Investments",2
1027,2900,Automotive,Arvind Poddar,65.0,India,Mumbai,Tires,Automotive,India,,False,D,M,11/7/1957 0:00,Poddar,Arvind,Heir & Major Shareholder,4/4/2023 5:01,,,1957.0,11.0,7.0,180.44,7.7,"$2,611,000,000,000 ",28.1,113.0,69.4,11.2,49.7,1366417754.0,20.593684,78.96288,Tires,1
1027,2900,Healthcare,Alexey Repik,43.0,Russia,Moscow,Pharmaceuticals,Healthcare,Russia,,True,U,M,8/27/1979 0:00,Repik,Alexey,Founder & Entrepreneur,4/4/2023 5:01,,,1979.0,8.0,27.0,180.75,4.5,"$1,699,876,578,871 ",81.9,102.6,72.7,11.4,46.2,144373535.0,61.52401,105.318756,Pharmaceuticals,1
1027,2900,Media & Entertainment,Haim Saban,78.0,United States,Beverly Hills,"TV network, investments",Media & Entertainment,United States,,True,D,M,10/15/1944 0:00,Saban,Haim,Founder & Entrepreneur & TV network,4/4/2023 5:01,California,West,1944.0,10.0,15.0,117.24,7.5,"$21,427,700,000,000 ",88.2,101.8,78.5,9.6,36.6,328239523.0,37.09024,-95.712891,"TV network, investments",2
1027,2900,Food & Beverage,Rodney Sacks,73.0,United States,Laguna Beach,Energy drinks,Food & Beverage,United States,Monster Beverage,True,U,M,12/24/1949 0:00,Sacks,Rodney,CEO,4/4/2023 5:01,California,West,1949.0,12.0,24.0,117.24,7.5,"$21,427,700,000,000 ",88.2,101.8,78.5,9.6,36.6,328239523.0,37.09024,-95.712891,"Energy drinks, Monster Beverage",2
1027,2900,Finance & Investments,Karthik Sarma,48.0,United States,New York,Hedge fund,Finance & Investments,India,,True,D,M,12/1/1974 0:00,Sarma,Karthik,Founder & Entrepreneur,4/4/2023 5:01,New York,Northeast,1974.0,12.0,1.0,117.24,7.5,"$21,427,700,000,000 ",88.2,101.8,78.5,9.6,36.6,328239523.0,37.09024,-95.712891,Hedge fund,1
1027,2900,Healthcare,Sybill Storz,85.0,Germany,Leipzig,Medical devices,Healthcare,Germany,,False,D,F,4/6/1937 0:00,Storz,Sybill,Heir & Major Shareholder,4/4/2023 5:01,,,1937.0,4.0,6.0,112.85,1.4,"$3,845,630,030,824 ",70.2,104.0,80.9,11.5,48.8,83132799.0,51.165691,10.451526,Medical devices,1
1027,2900,Finance & Investments,Daniel Sundheim,46.0,United States,New York,Hedge funds,Finance & Investments,United States,,True,D,M,3/29/1977 0:00,Sundheim,Daniel,Founder & Lead Investor,4/4/2023 5:01,New York,Northeast,1977.0,3.0,29.0,117.24,7.5,"$21,427,700,000,000 ",88.2,101.8,78.5,9.6,36.6,328239523.0,37.09024,-95.712891,Hedge funds,1
1027,2900,Food & Beverage,"William Wrigley, Jr.",59.0,United States,North Palm Beach,Chewing gum,Food & Beverage,United States,"Wrigley Management, Inc.",False,D,M,11/1/1963 0:00,Wrigley,William,Heir & Major Shareholder & gum,4/4/2023 5:01,Florida,South,1963.0,11.0,1.0,117.24,7.5,"$21,427,700,000,000 ",88.2,101.8,78.5,9.6,36.6,328239523.0,37.09024,-95.712891,"Chewing gum, Wrigley Management, Inc.",2
1027,2900,Fashion & Retail,Zhang Wenzhong,61.0,China,Beijing,Supermarkets,Fashion & Retail,China,,True,D,M,1/1/1962 0:00,Zhang,Wenzhong,Founder & Entrepreneur,4/4/2023 5:01,,,1962.0,1.0,1.0,125.08,2.9,"$19,910,000,000,000 ",50.6,100.2,77.0,9.4,59.2,1397715000.0,35.86166,104.195397,Supermarkets,1
1027,2900,Fashion & Retail,Zhou Jianping,62.0,China,Jiangyin,Fashion retail,Fashion & Retail,China,,True,E,M,5/28/1960 0:00,Zhou,Jianping,Founder & Entrepreneur,4/4/2023 5:01,,,1960.0,5.0,28.0,125.08,2.9,"$19,910,000,000,000 ",50.6,100.2,77.0,9.4,59.2,1397715000.0,35.86166,104.195397,Fashion retail,1
1067,2800,Fashion & Retail,Joy Alukkas,66.0,India,Cochin,Jewelry,Fashion & Retail,India,,False,U,M,9/4/1956 0:00,Alukkas,Joy,Heir & Major Shareholder,4/4/2023 5:01,,,1956.0,9.0,4.0,180.44,7.7,"$2,611,000,000,000 ",28.1,113.0,69.4,11.2,49.7,1366417754.0,20.593684,78.96288,Jewelry,1
1067,2800,Healthcare,Kang An,74.0,China,Xinxiang,Pharmaceuticals,Healthcare,China,,True,D,M,1/1/1949 0:00,An,Kang,Founder & Entrepreneur,4/4/2023 5:01,,,1949.0,1.0,1.0,125.08,2.9,"$19,910,000,000,000 ",50.6,100.2,77.0,9.4,59.2,1397715000.0,35.86166,104.195397,Pharmaceuticals,1
1067,2800,Technology,Garrett Camp,44.0,United States,San Francisco,Uber,Technology,Canada,Uber Technologies Inc.,True,E,M,10/4/1978 0:00,Camp,Garrett,Cofounder and Chairman,4/4/2023 5:01,California,West,1978.0,10.0,4.0,117.24,7.5,"$21,427,700,000,000 ",88.2,101.8,78.5,9.6,36.6,328239523.0,37.09024,-95.712891,"Uber, Uber Technologies Inc.",2
1067,2800,Gambling & Casinos,Chen Lip Keong,75.0,Cambodia,Phnom Penh,"Casinos, property, energy",Gambling & Casinos,Malaysia,,True,U,M,7/1/1947 0:00,Chen,Lip Keong,Founder & Entrepreneur & Casinos & property,4/4/2023 5:01,,,1947.0,7.0,1.0,127.63,2.5,"$27,089,389,787 ",13.7,107.4,69.6,17.1,23.1,16486542.0,12.565679,104.990963,"Casinos, energy, property",3
1067,2800,Real Estate,Choo Chong Ngen,69.0,Singapore,Singapore,Hotels,Real Estate,Singapore,,True,U,M,4/21/1953 0:00,Choo,Chong Ngen,Founder & Entrepreneur,4/4/2023 5:01,,,1953.0,4.0,21.0,114.41,0.6,"$372,062,527,489 ",84.8,100.6,83.1,13.1,21.0,5703569.0,1.352083,103.819836,Hotels,1
1067,2800,Automotive,Euisun Chung,52.0,South Korea,Seoul,Hyundai,Automotive,South Korea,Hyundai Motor Co. Ltd.,False,D,M,10/18/1970 0:00,Chung,Euisun,Heir & Major Shareholder,4/4/2023 5:01,,,1970.0,10.0,18.0,115.16,0.4,"$2,029,000,000,000 ",94.3,98.1,82.6,15.6,33.2,51709098.0,35.907757,127.766922,"Hyundai, Hyundai Motor Co. Ltd.",2
1067,2800,Diversified,Smita Crishna-Godrej,72.0,India,Mumbai,Consumer goods,Diversified,India,,False,U,F,12/30/1950 0:00,Crishna-Godrej,Smita,Heir & Major Shareholder,4/4/2023 5:01,,,1950.0,12.0,30.0,180.44,7.7,"$2,611,000,000,000 ",28.1,113.0,69.4,11.2,49.7,1366417754.0,20.593684,78.96288,Consumer goods,1
1067,2800,Fashion & Retail,Eleanor Butt Crook & family,90.0,United States,San Marcos,Supermarkets,Fashion & Retail,United States,,False,N,F,7/21/1932 0:00,Crook,Eleanor Butt,Controlling Shareholder & (Family Estate),4/4/2023 5:01,Texas,South,1932.0,7.0,21.0,117.24,7.5,"$21,427,700,000,000 ",88.2,101.8,78.5,9.6,36.6,328239523.0,37.09024,-95.712891,Supermarkets,1
1067,2800,Manufacturing,Du Jiangtao & family,53.0,China,Beijing,Chemicals,Manufacturing,China,,True,D,M,11/17/1969 0:00,Du,Jiangtao,Controlling Shareholder & (Family Estate),4/4/2023 5:01,,,1969.0,11.0,17.0,125.08,2.9,"$19,910,000,000,000 ",50.6,100.2,77.0,9.4,59.2,1397715000.0,35.86166,104.195397,Chemicals,1
1067,2800,Sports,Lorenzo Fertitta,54.0,United States,Las Vegas,"Casinos, mixed martial arts",Sports,United States,,False,U,M,1/3/1969 0:00,Fertitta,Lorenzo,Heir & Major Shareholder & Casinos,4/4/2023 5:01,Nevada,West,1969.0,1.0,3.0,117.24,7.5,"$21,427,700,000,000 ",88.2,101.8,78.5,9.6,36.6,328239523.0,37.09024,-95.712891,"Casinos, mixed martial arts",2
1067,2800,Technology,Sebastian Glaser,,Germany,Munich,Sensor technology,Technology,Germany,,False,U,M,,Glaser,Sebastian,Heir & Major Shareholder,4/4/2023 5:01,,,,,,112.85,1.4,"$3,845,630,030,824 ",70.2,104.0,80.9,11.5,48.8,83132799.0,51.165691,10.451526,Sensor technology,1
1067,2800,Diversified,Adi Godrej,81.0,India,Mumbai,Consumer goods,Diversified,India,,False,U,M,4/3/1942 0:00,Godrej,Adi,Heir & Major Shareholder,4/4/2023 5:01,,,1942.0,4.0,3.0,180.44,7.7,"$2,611,000,000,000 ",28.1,113.0,69.4,11.2,49.7,1366417754.0,20.593684,78.96288,Consumer goods,1
1067,2800,Diversified,Jamshyd Godrej,74.0,India,Mumbai,Diversified,Diversified,India,,False,U,M,1/24/1949 0:00,Godrej,Jamshyd,Heir & Major Shareholder,4/4/2023 5:01,,,1949.0,1.0,24.0,180.44,7.7,"$2,611,000,000,000 ",28.1,113.0,69.4,11.2,49.7,1366417754.0,20.593684,78.96288,Diversified,10
1067,2800,Real Estate,Lee Yeow Chor,56.0,Malaysia,,"Palm oil, property",Real Estate,Malaysia,,False,Split Family Fortune,M,1/1/1967 0:00,Lee,Yeow Chor,Heir & Major Shareholder & oil,4/4/2023 5:01,,,1967.0,1.0,1.0,121.46,0.7,"$364,701,517,788 ",45.1,105.3,76.0,12.0,38.7,32447385.0,4.210484,101.975766,"Palm oil, property",2
1067,2800,Manufacturing,Li Weiguo,58.0,China,Beijing,Construction materials,Manufacturing,China,,True,D,M,1/1/1965 0:00,Li,Weiguo,Founder & Entrepreneur,4/4/2023 5:01,,,1965.0,1.0,1.0,125.08,2.9,"$19,910,000,000,000 ",50.6,100.2,77.0,9.4,59.2,1397715000.0,35.86166,104.195397,Construction materials,1
1067,2800,Manufacturing,Dmitry Mazepin,54.0,Russia,Moscow,Chemicals,Manufacturing,Russia,,True,R,M,4/18/1968 0:00,Mazepin,Dmitry,Founder & Entrepreneur,4/4/2023 5:01,,,1968.0,4.0,18.0,180.75,4.5,"$1,699,876,578,871 ",81.9,102.6,72.7,11.4,46.2,144373535.0,61.52401,105.318756,Chemicals,1
1067,2800,Fashion & Retail,"Drayton McLane, Jr.",86.0,United States,Temple,"Walmart, logistics",Fashion & Retail,United States,,False,D,M,7/22/1936 0:00,McLane,Drayton,Heir & Major Shareholder & Walmart,4/4/2023 5:01,Texas,South,1936.0,7.0,22.0,117.24,7.5,"$21,427,700,000,000 ",88.2,101.8,78.5,9.6,36.6,328239523.0,37.09024,-95.712891,"Walmart, logistics",2
1067,2800,Telecom,Najib Mikati,67.0,Lebanon,Beirut,Telecom,Telecom,Lebanon,,True,D,M,11/24/1955 0:00,Mikati,Najib,Founder & Entrepreneur,4/4/2023 5:01,,,1955.0,11.0,24.0,130.02,3.0,"$53,367,042,272 ",26.3,95.1,78.9,15.3,32.2,6855713.0,33.854721,35.862285,Telecom,1
1067,2800,Telecom,Taha Mikati,78.0,Lebanon,Beirut,Telecom,Telecom,Lebanon,,True,D,M,1/1/1945 0:00,Mikati,Taha,Founder & Entrepreneur,4/4/2023 5:01,,,1945.0,1.0,1.0,130.02,3.0,"$53,367,042,272 ",26.3,95.1,78.9,15.3,32.2,6855713.0,33.854721,35.862285,Telecom,1
1067,2800,Real Estate,Akira Mori & family,86.0,Japan,Tokyo,Real estate,Real Estate,Japan,,False,D,M,7/12/1936 0:00,Mori,Akira,Controlling Shareholder & (Family ),4/4/2023 5:01,,,1936.0,7.0,12.0,105.48,0.5,"$5,081,769,542,380 ",63.2,98.8,84.2,11.9,46.7,126226568.0,36.204824,138.252924,Real estate,1
1067,2800,Diversified,Rishad Naoroji,71.0,India,Mumbai,Consumer goods,Diversified,India,,False,U,M,8/30/1951 0:00,Naoroji,Rishad,Heir & Major Shareholder,4/4/2023 5:01,,,1951.0,8.0,30.0,180.44,7.7,"$2,611,000,000,000 ",28.1,113.0,69.4,11.2,49.7,1366417754.0,20.593684,78.96288,Consumer goods,1
1067,2800,Diversified,Philip Niarchos,69.0,France,Paris,Art collection,Diversified,Greece,,False,E,M,1/1/1954 0:00,Niarchos,Philip,Heir & Major Shareholder & Art,4/4/2023 5:01,,,1954.0,1.0,1.0,110.05,1.1,"$2,715,518,274,227 ",65.6,102.5,82.5,24.2,60.7,67059887.0,46.227638,2.213749,Art collection,1
1067,2800,Technology,Nandan Nilekani,67.0,India,Bangalore,Software services,Technology,India,,True,D,M,6/2/1955 0:00,Nilekani,Nandan,Founder & Entrepreneur,4/4/2023 5:01,,,1955.0,6.0,2.0,180.44,7.7,"$2,611,000,000,000 ",28.1,113.0,69.4,11.2,49.7,1366417754.0,20.593684,78.96288,Software services,1
1067,2800,Fashion & Retail,Benjamin Otto,,Germany,Hamburg,Retail,Fashion & Retail,Germany,,False,D,M,,Otto,Benjamin,Heir & Major Shareholder,4/4/2023 5:01,,,,,,112.85,1.4,"$3,845,630,030,824 ",70.2,104.0,80.9,11.5,48.8,83132799.0,51.165691,10.451526,Retail,1
1067,2800,Diversified,Maren Otto,,Germany,Berlin,"Retail, real estate",Diversified,Germany,,False,D,F,,Otto,Maren,Heir & Major Shareholder,4/4/2023 5:01,,,,,,112.85,1.4,"$3,845,630,030,824 ",70.2,104.0,80.9,11.5,48.8,83132799.0,51.165691,10.451526,"Retail, real estate",2
1067,2800,Service,Ranjan Pai,50.0,India,Bangalore,Education,Service,India,,False,U,M,11/11/1972 0:00,Pai,Ranjan,Heir & Major Shareholder,4/4/2023 5:01,,,1972.0,11.0,11.0,180.44,7.7,"$2,611,000,000,000 ",28.1,113.0,69.4,11.2,49.7,1366417754.0,20.593684,78.96288,Education,1
1067,2800,Manufacturing,Madhukar Parekh,76.0,India,Mumbai,Adhesives,Manufacturing,India,,False,D,M,1/1/1947 0:00,Parekh,Madhukar,Heir & Major Shareholder,4/4/2023 5:01,,,1947.0,1.0,1.0,180.44,7.7,"$2,611,000,000,000 ",28.1,113.0,69.4,11.2,49.7,1366417754.0,20.593684,78.96288,Adhesives,1
1067,2800,Technology,Sean Parker,43.0,United States,Los Angeles,Facebook,Technology,United States,,True,E,M,12/3/1979 0:00,Parker,Sean,Founder & Entrepreneur,4/4/2023 5:01,California,West,1979.0,12.0,3.0,117.24,7.5,"$21,427,700,000,000 ",88.2,101.8,78.5,9.6,36.6,328239523.0,37.09024,-95.712891,Facebook,1
1067,2800,Healthcare,Stewart Rahr,77.0,United States,New York,Drug distribution,Healthcare,United States,,False,U,M,2/18/1946 0:00,Rahr,Stewart,Heir & Major Shareholder,4/4/2023 5:01,New York,Northeast,1946.0,2.0,18.0,117.24,7.5,"$21,427,700,000,000 ",88.2,101.8,78.5,9.6,36.6,328239523.0,37.09024,-95.712891,Drug distribution,1
1067,2800,Media & Entertainment,Su Hua,41.0,China,Beijing,Video streaming,Media & Entertainment,China,,True,D,M,1/1/1982 0:00,Su,Hua,Founder & Entrepreneur,4/4/2023 5:01,,,1982.0,1.0,1.0,125.08,2.9,"$19,910,000,000,000 ",50.6,100.2,77.0,9.4,59.2,1397715000.0,35.86166,104.195397,Video streaming,1
1067,2800,Manufacturing,Sun Shoukuan,73.0,China,Yingkou,"Metals, coal",Manufacturing,China,,True,E,M,10/1/1949 0:00,Sun,Shoukuan,Founder & Entrepreneur & Metals,4/4/2023 5:01,,,1949.0,10.0,1.0,125.08,2.9,"$19,910,000,000,000 ",50.6,100.2,77.0,9.4,59.2,1397715000.0,35.86166,104.195397,"Metals, coal",2
1067,2800,Manufacturing,Tseng Cheng,61.0,Taiwan,,Petrochemicals,Manufacturing,Taiwan,,False,U,M,12/1/1961 0:00,Tseng,Cheng,Heir & Major Shareholder,4/4/2023 5:01,,,1961.0,12.0,1.0,,,,,,,,,,,,Petrochemicals,1
1067,2800,Logistics,Tung Chee Hwa,85.0,Hong Kong,Hong Kong,Shipping,Logistics,Hong Kong,,False,E,M,7/7/1937 0:00,Tung,Chee Hwa,Heir & Major Shareholder,4/4/2023 5:01,,,1937.0,7.0,7.0,,,,,,,,,,,,Shipping,1
1067,2800,Technology,Meg Whitman,66.0,United States,Los Angeles,EBay,Technology,United States,Quibi,True,D,F,8/4/1956 0:00,Whitman,Meg,CEO,4/4/2023 5:01,California,West,1956.0,8.0,4.0,117.24,7.5,"$21,427,700,000,000 ",88.2,101.8,78.5,9.6,36.6,328239523.0,37.09024,-95.712891,"EBay, Quibi",2
1067,2800,Manufacturing,Wong Luen Hei,61.0,Hong Kong,Hong Kong,Building materials,Manufacturing,China,,True,D,M,1/1/1962 0:00,Wong,Luen Hei,Founder & Entrepreneur,4/4/2023 5:01,,,1962.0,1.0,1.0,,,,,,,,,,,,Building materials,1
1067,2800,Healthcare,Chenghai Ye & family,79.0,Hong Kong,Hong Kong,Pharmaceuticals,Healthcare,Hong Kong,,True,D,M,8/15/1943 0:00,Ye,Chenghai,Controlling Shareholder & (Family Estate),4/4/2023 5:01,,,1943.0,8.0,15.0,,,,,,,,,,,,Pharmaceuticals,1
1067,2800,Manufacturing,Zhu Xingming,56.0,China,Shenzhen,Electrical equipment,Manufacturing,China,,True,U,M,3/1/1967 0:00,Zhu,Xingming,Founder & Entrepreneur,4/4/2023 5:01,,,1967.0,3.0,1.0,125.08,2.9,"$19,910,000,000,000 ",50.6,100.2,77.0,9.4,59.2,1397715000.0,35.86166,104.195397,Electrical equipment,1
1104,2700,Finance & Investments,Jose Joao Abdalla Filho,77.0,Brazil,Rio de Janeiro,Investments,Finance & Investments,Brazil,,False,D,M,5/30/1945 0:00,Abdalla Filho,Jose Joao,Heir & Major Shareholder,4/4/2023 5:01,,,1945.0,5.0,30.0,167.4,3.7,"$1,839,758,040,766 ",51.3,115.4,75.7,14.2,65.1,212559417.0,-14.235004,-51.92528,Investments,1
1104,2700,Finance & Investments,Juan Abello,81.0,Spain,Madrid,Investments,Finance & Investments,Spain,,False,D,M,12/16/1941 0:00,Abello,Juan,Heir & Major Shareholder,4/4/2023 5:01,,,1941.0,12.0,16.0,110.96,0.7,"$1,394,116,310,769 ",88.9,102.7,83.3,14.2,47.0,47076781.0,40.463667,-3.74922,Investments,1
1104,2700,Diversified,Suhail Bahwan,84.0,Oman,Muscat,Diversified,Diversified,Oman,,True,U,M,1/1/1939 0:00,Bahwan,Suhail,Founder & Entrepreneur,4/4/2023 5:01,,,1939.0,1.0,1.0,113.53,0.1,"$76,983,094,928 ",38.0,103.4,77.6,2.5,27.4,5266535.0,21.4735329,55.975413,Diversified,10
1104,2700,Diversified,Madhur Bajaj,70.0,India,Mumbai,Diversified,Diversified,India,,False,Split Family Fortune,M,8/19/1952 0:00,Bajaj,Madhur,Heir & Major Shareholder,4/4/2023 5:01,,,1952.0,8.0,19.0,180.44,7.7,"$2,611,000,000,000 ",28.1,113.0,69.4,11.2,49.7,1366417754.0,20.593684,78.96288,Diversified,10
1104,2700,Diversified,Niraj Bajaj,68.0,India,Mumbai,Diversified,Diversified,India,,False,Split Family Fortune,M,10/10/1954 0:00,Bajaj,Niraj,Heir & Major Shareholder,4/4/2023 5:01,,,1954.0,10.0,10.0,180.44,7.7,"$2,611,000,000,000 ",28.1,113.0,69.4,11.2,49.7,1366417754.0,20.593684,78.96288,Diversified,10
1104,2700,Diversified,Shekhar Bajaj,74.0,India,Mumbai,Diversified,Diversified,India,,False,Split Family Fortune,M,6/8/1948 0:00,Bajaj,Shekhar,Heir & Major Shareholder,4/4/2023 5:01,,,1948.0,6.0,8.0,180.44,7.7,"$2,611,000,000,000 ",28.1,113.0,69.4,11.2,49.7,1366417754.0,20.593684,78.96288,Diversified,10
1104,2700,Finance & Investments,Harindarpal Banga,72.0,Hong Kong,Hong Kong,Commodities,Finance & Investments,India,,True,U,M,8/10/1950 0:00,Banga,Harindarpal,Founder & Entrepreneur,4/4/2023 5:01,,,1950.0,8.0,10.0,,,,,,,,,,,,Commodities,1
1104,2700,Healthcare,Ulrike Baro,,Germany,Munich,Biopharmaceuticals,Healthcare,Germany,,False,U,F,,Baro,Ulrike,Heir & Major Shareholder,4/4/2023 5:01,,,,,,112.85,1.4,"$3,845,630,030,824 ",70.2,104.0,80.9,11.5,48.8,83132799.0,51.165691,10.451526,Biopharmaceuticals,1
1104,2700,Healthcare,Anne Beaufour,59.0,United Kingdom,,Pharmaceuticals,Healthcare,France,,False,U,F,8/8/1963 0:00,Beaufour,Anne,Heir & Major Shareholder,4/4/2023 5:01,,,1963.0,8.0,8.0,119.62,1.7,"$2,827,113,184,696 ",60.0,101.2,81.3,25.5,30.6,66834405.0,55.378051,-3.435973,Pharmaceuticals,1
1104,2700,Healthcare,Henri Beaufour,57.0,United Kingdom,London,Pharmaceuticals,Healthcare,France,,False,U,M,6/1/1965 0:00,Beaufour,Henri,Heir & Major Shareholder,4/4/2023 5:01,,,1965.0,6.0,1.0,119.62,1.7,"$2,827,113,184,696 ",60.0,101.2,81.3,25.5,30.6,66834405.0,55.378051,-3.435973,Pharmaceuticals,1
1104,2700,Manufacturing,Andrei Bokarev,56.0,Russia,Moscow,"Metals, mining",Manufacturing,Russia,,True,U,M,10/23/1966 0:00,Bokarev,Andrei,Founder & Entrepreneur & Metals,4/4/2023 5:01,,,1966.0,10.0,23.0,180.75,4.5,"$1,699,876,578,871 ",81.9,102.6,72.7,11.4,46.2,144373535.0,61.52401,105.318756,"Metals, mining",2
1104,2700,Food & Beverage,Jack Cowin,80.0,Australia,Sydney,Fast food,Food & Beverage,Australia,,True,D,M,7/13/1942 0:00,Cowin,Jack,Founder & Entrepreneur,4/4/2023 5:01,,,1942.0,7.0,13.0,119.8,1.6,"$1,392,680,589,329 ",113.1,100.3,82.7,23.0,47.4,25766605.0,-25.274398,133.775136,Fast food,1
1104,2700,Finance & Investments,Glenn Dubin,65.0,United States,New York,Hedge funds,Finance & Investments,United States,,True,U,M,4/13/1957 0:00,Dubin,Glenn,Founder & Entrepreneur,4/4/2023 5:01,New York,Northeast,1957.0,4.0,13.0,117.24,7.5,"$21,427,700,000,000 ",88.2,101.8,78.5,9.6,36.6,328239523.0,37.09024,-95.712891,Hedge funds,1
1104,2700,Energy,N. Murray Edwards,63.0,United Kingdom,London,Oil & gas,Energy,Canada,,True,D,M,12/10/1959 0:00,Edwards,N. Murray,Founder & Entrepreneur & Oil & gas,4/4/2023 5:01,,,1959.0,12.0,10.0,119.62,1.7,"$2,827,113,184,696 ",60.0,101.2,81.3,25.5,30.6,66834405.0,55.378051,-3.435973,Oil & gas,1
1104,2700,Sports,"Frank Fertitta, III.",61.0,United States,Las Vegas,"Casinos, mixed martial arts",Sports,United States,,False,U,M,2/24/1962 0:00,Fertitta,Frank,Heir & Major Shareholder & Casinos,4/4/2023 5:01,Nevada,West,1962.0,2.0,24.0,117.24,7.5,"$21,427,700,000,000 ",88.2,101.8,78.5,9.6,36.6,328239523.0,37.09024,-95.712891,"Casinos, mixed martial arts",2
1104,2700,Automotive,Abhay Firodia,78.0,India,Pune,Automobiles,Automotive,India,,False,D,M,11/5/1944 0:00,Firodia,Abhay,Heir & Major Shareholder,4/4/2023 5:01,,,1944.0,11.0,5.0,180.44,7.7,"$2,611,000,000,000 ",28.1,113.0,69.4,11.2,49.7,1366417754.0,20.593684,78.96288,Automobiles,1
1104,2700,Finance & Investments,Bruce Flatt,57.0,United Kingdom,London,Money management,Finance & Investments,Canada,,True,D,M,6/1/1965 0:00,Flatt,Bruce,Founder & Lead Investor,4/4/2023 5:01,,,1965.0,6.0,1.0,119.62,1.7,"$2,827,113,184,696 ",60.0,101.2,81.3,25.5,30.6,66834405.0,55.378051,-3.435973,Money management,1
1104,2700,Service,Miguel Fluxa Rossello,84.0,Spain,Esporles,Hotels,Service,Spain,,False,D,M,7/27/1938 0:00,Fluxa Rossello,Miguel,Heir & Major Shareholder,4/4/2023 5:01,,,1938.0,7.0,27.0,110.96,0.7,"$1,394,116,310,769 ",88.9,102.7,83.3,14.2,47.0,47076781.0,40.463667,-3.74922,Hotels,1
1104,2700,Metals & Mining,Robert Friedland,72.0,Singapore,Singapore,Mining,Metals & Mining,United States,Ivanhoe Mines Ltd.,True,U,M,8/18/1950 0:00,Friedland,Robert,Founder and Executive Chairman,4/4/2023 5:01,,,1950.0,8.0,18.0,114.41,0.6,"$372,062,527,489 ",84.8,100.6,83.1,13.1,21.0,5703569.0,1.352083,103.819836,"Ivanhoe Mines Ltd., Mining",2
1104,2700,Metals & Mining,Alexander Frolov,58.0,Russia,Moscow,"Mining, steel",Metals & Mining,Russia,,True,U,M,5/17/1964 0:00,Frolov,Alexander,Founder & Entrepreneur & Mining,4/4/2023 5:01,,,1964.0,5.0,17.0,180.75,4.5,"$1,699,876,578,871 ",81.9,102.6,72.7,11.4,46.2,144373535.0,61.52401,105.318756,"Mining, steel",2
1104,2700,Diversified,Nadir Godrej,72.0,India,Mumbai,Consumer goods,Diversified,India,,False,U,M,1/1/1951 0:00,Godrej,Nadir,Heir & Major Shareholder,4/4/2023 5:01,,,1951.0,1.0,1.0,180.44,7.7,"$2,611,000,000,000 ",28.1,113.0,69.4,11.2,49.7,1366417754.0,20.593684,78.96288,Consumer goods,1
1104,2700,Service,Maggie Hardy,57.0,United States,Belle Vernon,Building materials,Service,United States,,False,U,F,12/7/1965 0:00,Hardy Knox,Maggie,Heir & Major Shareholder,4/4/2023 5:01,Pennsylvania,Northeast,1965.0,12.0,7.0,117.24,7.5,"$21,427,700,000,000 ",88.2,101.8,78.5,9.6,36.6,328239523.0,37.09024,-95.712891,Building materials,1
1104,2700,Finance & Investments,Nithin Kamath,43.0,India,Bangalore,Financial services,Finance & Investments,India,,True,N,M,10/5/1979 0:00,Kamath,Nithin,Founder & Entrepreneur,4/4/2023 5:01,,,1979.0,10.0,5.0,180.44,7.7,"$2,611,000,000,000 ",28.1,113.0,69.4,11.2,49.7,1366417754.0,20.593684,78.96288,Financial services,1
1104,2700,Construction & Engineering,Samvel Karapetyan,57.0,Russia,Moscow,Real estate,Construction & Engineering,Russia,,True,U,M,8/18/1965 0:00,Karapetyan,Samvel,Founder & Entrepreneur,4/4/2023 5:01,,,1965.0,8.0,18.0,180.75,4.5,"$1,699,876,578,871 ",81.9,102.6,72.7,11.4,46.2,144373535.0,61.52401,105.318756,Real estate,1
1104,2700,Real Estate,Kei Hoi Pang,57.0,Hong Kong,Hong Kong,Real estate,Real Estate,China,,True,D,M,1/1/1966 0:00,Kei,Hoi Pang,Founder & Entrepreneur,4/4/2023 5:01,,,1966.0,1.0,1.0,,,,,,,,,,,,Real estate,1
1104,2700,Diversified,Mustafa Rahmi Koc,92.0,Turkey,Istanbul,Diversified,Diversified,Turkey,,False,U,M,10/9/1930 0:00,Koc,Mustafa Rahmi,Heir & Major Shareholder,4/4/2023 5:01,,,1930.0,10.0,9.0,234.44,15.2,"$754,411,708,203 ",23.9,93.2,77.4,17.9,42.3,83429615.0,38.963745,35.243322,Diversified,10
1104,2700,Finance & Investments,Yuri Kovalchuk & family,71.0,Russia,St. Petersburg,"Banking, insurance, media",Finance & Investments,Russia,,True,U,M,7/25/1951 0:00,Kovalchuk,Yuri,Controlling Shareholder & Banking & insurance & (Family Estate),4/4/2023 5:01,,,1951.0,7.0,25.0,180.75,4.5,"$1,699,876,578,871 ",81.9,102.6,72.7,11.4,46.2,144373535.0,61.52401,105.318756,"Banking, insurance, media",3
1104,2700,Real Estate,Geoffrey Kwok,37.0,Hong Kong,Hong Kong,Real estate,Real Estate,Hong Kong,,False,D,M,5/1/1985 0:00,Kwok,Geoffrey,Heir & Major Shareholder,4/4/2023 5:01,,,1985.0,5.0,1.0,,,,,,,,,,,,Real estate,1
1104,2700,Real Estate,Jonathan Kwok,31.0,Hong Kong,Hong Kong,Real Estate,Real Estate,Hong Kong,,False,U,M,3/1/1992 0:00,Kwok,Jonathan,Heir & Major Shareholder,4/4/2023 5:01,,,1992.0,3.0,1.0,,,,,,,,,,,,Real Estate,1
1104,2700,Manufacturing,Hans Langer,71.0,Germany,Gräfelfing,3D printing,Manufacturing,Germany,,True,U,M,1/18/1952 0:00,Langer,Hans,Founder & Entrepreneur & 3D,4/4/2023 5:01,,,1952.0,1.0,18.0,112.85,1.4,"$3,845,630,030,824 ",70.2,104.0,80.9,11.5,48.8,83132799.0,51.165691,10.451526,3D printing,1
1104,2700,Manufacturing,Frank Laukien,63.0,United States,Boston,Scientific equipment,Manufacturing,United States,,False,U,M,2/4/1960 0:00,Laukien,Frank,Heir & Major Shareholder,4/4/2023 5:01,Massachusetts,Northeast,1960.0,2.0,4.0,117.24,7.5,"$21,427,700,000,000 ",88.2,101.8,78.5,9.6,36.6,328239523.0,37.09024,-95.712891,Scientific equipment,1
1104,2700,Real Estate,Maritsa Lazari & family,78.0,United Kingdom,London,Real estate,Real Estate,United Kingdom,,True,D,F,10/14/1944 0:00,Lazari,Maritsa,Controlling Shareholder & (Family ),4/4/2023 5:01,,,1944.0,10.0,14.0,119.62,1.7,"$2,827,113,184,696 ",60.0,101.2,81.3,25.5,30.6,66834405.0,55.378051,-3.435973,Real estate,1
1104,2700,Real Estate,Angela Leong,62.0,Hong Kong,Hong Kong,Casinos,Real Estate,Hong Kong,,False,D,F,3/23/1961 0:00,Leong,Angela,Heir & Major Shareholder,4/4/2023 5:01,,,1961.0,3.0,23.0,,,,,,,,,,,,Casinos,1
1104,2700,Technology,Li Zhongchu,59.0,China,Beijing,Software,Technology,China,,True,D,M,8/26/1963 0:00,Li,Zhongchu,Founder & Entrepreneur,4/4/2023 5:01,,,1963.0,8.0,26.0,125.08,2.9,"$19,910,000,000,000 ",50.6,100.2,77.0,9.4,59.2,1397715000.0,35.86166,104.195397,Software,1
1104,2700,Food & Beverage,Liang Yunchao,54.0,China,Guangzhou,Nutritional supplements,Food & Beverage,China,,True,D,M,1/3/1969 0:00,Liang,Yunchao,Founder & Entrepreneur,4/4/2023 5:01,,,1969.0,1.0,3.0,125.08,2.9,"$19,910,000,000,000 ",50.6,100.2,77.0,9.4,59.2,1397715000.0,35.86166,104.195397,Nutritional supplements,1
1104,2700,Sports,Vincent McMahon,77.0,United States,Greenwich,Entertainment,Sports,United States,,True,U,M,8/24/1945 0:00,McMahon,Vincent,Founder & Entrepreneur,4/4/2023 5:01,Connecticut,Northeast,1945.0,8.0,24.0,117.24,7.5,"$21,427,700,000,000 ",88.2,101.8,78.5,9.6,36.6,328239523.0,37.09024,-95.712891,Entertainment,1
1104,2700,Metals & Mining,Patrice Motsepe,61.0,South Africa,Johannesburg,Mining,Metals & Mining,South Africa,,True,D,M,1/28/1962 0:00,Motsepe,Patrice,Founder & Entrepreneur,4/4/2023 5:01,,,1962.0,1.0,28.0,158.93,4.1,"$351,431,649,241 ",22.4,100.9,63.9,27.5,29.2,58558270.0,-30.559482,22.937506,Mining,1
1104,2700,Telecom,Denis O'Brien,64.0,Ireland,Dublin,Telecom,Telecom,Ireland,,True,D,M,4/17/1958 0:00,O'Brien,Denis,Founder & Entrepreneur,4/4/2023 5:01,,,1958.0,4.0,17.0,,,,,,,,,,,,Telecom,1
1104,2700,Food & Beverage,Timm Oberwelland,,,,Candy,Food & Beverage,Germany,,False,Split Family Fortune,M,,Oberwelland,Timm,Heir & Major Shareholder,4/4/2023 5:01,,,,,,,,,,,,,,,,,Candy,1
1104,2700,Diversified,Dan Olsson,76.0,Sweden,Gothenburg,Diversified,Diversified,Sweden,,False,E,M,1/1/1947 0:00,Olsson,Dan,Heir & Major Shareholder,4/4/2023 5:01,,,1947.0,1.0,1.0,110.51,1.8,"$530,832,908,738 ",67.0,126.6,82.5,27.9,49.1,10285453.0,60.128161,18.643501,Diversified,10
1104,2700,Technology,Yuji Otsuka,69.0,Japan,Tokyo,"Copy machines, software",Technology,Japan,,False,U,M,2/13/1954 0:00,Otsuka,Yuji,Heir & Major Shareholder & machines,4/4/2023 5:01,,,1954.0,2.0,13.0,105.48,0.5,"$5,081,769,542,380 ",63.2,98.8,84.2,11.9,46.7,126226568.0,36.204824,138.252924,"Copy machines, software",2
1104,2700,Fashion & Retail,Pan Dong,58.0,Hong Kong,Hong Kong,Consumer goods,Fashion & Retail,Canada,,True,D,F,1/1/1965 0:00,Pan,Dong,Founder & Entrepreneur,4/4/2023 5:01,,,1965.0,1.0,1.0,,,,,,,,,,,,Consumer goods,1
1104,2700,Diversified,Karsanbhai Patel,79.0,India,Ahmedabad,Consumer goods,Diversified,India,,True,D,M,1/7/1944 0:00,Patel,Karsanbhai,Founder & Entrepreneur,4/4/2023 5:01,,,1944.0,1.0,7.0,180.44,7.7,"$2,611,000,000,000 ",28.1,113.0,69.4,11.2,49.7,1366417754.0,20.593684,78.96288,Consumer goods,1
1104,2700,Real Estate,Richard Peery,84.0,United States,Palo Alto,Real estate,Real Estate,United States,,True,D,M,10/1/1938 0:00,Peery,Richard,Founder & Entrepreneur,4/4/2023 5:01,California,West,1938.0,10.0,1.0,117.24,7.5,"$21,427,700,000,000 ",88.2,101.8,78.5,9.6,36.6,328239523.0,37.09024,-95.712891,Real estate,1
1104,2700,Metals & Mining,Gianfelice Rocca,75.0,,,Pipe Manufacturing,Metals & Mining,Italy,,False,Split Family Fortune,M,3/2/1948 0:00,Rocca,Gianfelice,Heir & Major Shareholder,4/4/2023 5:01,,,1948.0,3.0,2.0,,,,,,,,,,,,Pipe Manufacturing,1
1104,2700,Metals & Mining,Paolo Rocca,70.0,,,Pipe Manufacturing,Metals & Mining,Italy,,False,Split Family Fortune,M,10/14/1952 0:00,Rocca,Paolo,Heir & Major Shareholder,4/4/2023 5:01,,,1952.0,10.0,14.0,,,,,,,,,,,,Pipe Manufacturing,1
1104,2700,Healthcare,Wayne Rothbaum,55.0,United States,Delray Beach,Biotech investing,Healthcare,United States,,True,N,M,2/17/1968 0:00,Rothbaum,Wayne,Founder & Lead Investor,4/4/2023 5:01,Florida,South,1968.0,2.0,17.0,117.24,7.5,"$21,427,700,000,000 ",88.2,101.8,78.5,9.6,36.6,328239523.0,37.09024,-95.712891,Biotech investing,1
1104,2700,Technology,Jeff Rothschild,68.0,United States,Palo Alto,Facebook,Technology,United States,Meta Platforms,True,D,M,1/2/1955 0:00,Rothschild,Jeff,Founder & Lead Investor,4/4/2023 5:01,California,West,1955.0,1.0,2.0,117.24,7.5,"$21,427,700,000,000 ",88.2,101.8,78.5,9.6,36.6,328239523.0,37.09024,-95.712891,"Facebook, Meta Platforms",2
1104,2700,Technology,Raj Sardana,63.0,United States,Atlanta,Technology services,Technology,United States,,True,N,M,3/8/1960 0:00,Sardana,Raj,Founder & Entrepreneur,4/4/2023 5:01,Georgia,South,1960.0,3.0,8.0,117.24,7.5,"$21,427,700,000,000 ",88.2,101.8,78.5,9.6,36.6,328239523.0,37.09024,-95.712891,Technology services,1
1104,2700,Media & Entertainment,Christiane Schoeller,,,,Publishing,Media & Entertainment,Germany,,False,U,F,,Schoeller,Christiane,Heir & Major Shareholder,4/4/2023 5:01,,,,,,,,,,,,,,,,,Publishing,1
1104,2700,Manufacturing,Salil Singhal,75.0,India,Delhi,Agrochemicals,Manufacturing,India,,False,U,M,7/21/1947 0:00,Singhal,Salil,Heir & Major Shareholder,4/4/2023 5:01,,,1947.0,7.0,21.0,180.44,7.7,"$2,611,000,000,000 ",28.1,113.0,69.4,11.2,49.7,1366417754.0,20.593684,78.96288,Agrochemicals,1
1104,2700,Logistics,Alexander Skorobogatko,55.0,Russia,Moscow,"Real estate, airport",Logistics,Russia,,True,U,M,9/25/1967 0:00,Skorobogatko,Alexander,Founder & Entrepreneur & estate,4/4/2023 5:01,,,1967.0,9.0,25.0,180.75,4.5,"$1,699,876,578,871 ",81.9,102.6,72.7,11.4,46.2,144373535.0,61.52401,105.318756,"Real estate, airport",2
1104,2700,Technology,Evan Spiegel,32.0,United States,Los Angeles,Snapchat,Technology,United States,Snap,True,D,M,6/4/1990 0:00,Spiegel,Evan,Founder & Lead Investor,4/4/2023 5:01,California,West,1990.0,6.0,4.0,117.24,7.5,"$21,427,700,000,000 ",88.2,101.8,78.5,9.6,36.6,328239523.0,37.09024,-95.712891,"Snap, Snapchat",2
1104,2700,Service,Glen Taylor,81.0,United States,Mankato,Printing,Service,United States,,True,U,M,4/20/1941 0:00,Taylor,Glen,Founder & Entrepreneur,4/4/2023 5:01,Minnesota,Midwest,1941.0,4.0,20.0,117.24,7.5,"$21,427,700,000,000 ",88.2,101.8,78.5,9.6,36.6,328239523.0,37.09024,-95.712891,Printing,1
1104,2700,Media & Entertainment,Thomas Tull,52.0,United States,Pittsburgh,"Movies, investments",Media & Entertainment,United States,,True,U,M,6/11/1970 0:00,Tull,Thomas,Founder & Entrepreneur & Movies,4/4/2023 5:01,Pennsylvania,Northeast,1970.0,6.0,11.0,117.24,7.5,"$21,427,700,000,000 ",88.2,101.8,78.5,9.6,36.6,328239523.0,37.09024,-95.712891,"Movies, investments",2
1104,2700,Metals & Mining,Bulat Utemuratov,65.0,Kazakhstan,Nur-Sultan,"Mining, banking, hotels",Metals & Mining,Kazakhstan,,True,D,M,1/1/1958 0:00,Utemuratov,Bulat,Founder & Entrepreneur & Mining & banking,4/4/2023 5:01,,,1958.0,1.0,1.0,182.75,5.2,"$180,161,741,180 ",61.7,104.4,73.2,11.7,28.4,18513930.0,48.019573,66.923684,"Mining, banking, hotels",3
1104,2700,Food & Beverage,Gustav Magnar Witzoe,29.0,Norway,Kverva,Fish farming,Food & Beverage,Norway,,False,D,M,4/22/1993 0:00,Witzoe,Gustav Magnar,Heir & Major Shareholder,4/4/2023 5:01,,,1993.0,4.0,22.0,120.27,2.2,"$403,336,363,636 ",82.0,100.3,82.8,23.9,36.2,5347896.0,60.472024,8.468946,Fish farming,1
1104,2700,Manufacturing,Wong Man Li,58.0,Hong Kong,Hong Kong,Furniture,Manufacturing,Hong Kong,,True,D,M,2/12/1965 0:00,Wong,Man Li,Founder & Entrepreneur,4/4/2023 5:01,,,1965.0,2.0,12.0,,,,,,,,,,,,Furniture,1
1104,2700,Healthcare,Guangming Wu,61.0,China,Danyang,Medical equipment,Healthcare,China,,True,D,M,2/27/1962 0:00,Wu,Guangming,Founder & Entrepreneur,4/4/2023 5:01,,,1962.0,2.0,27.0,125.08,2.9,"$19,910,000,000,000 ",50.6,100.2,77.0,9.4,59.2,1397715000.0,35.86166,104.195397,Medical equipment,1
1104,2700,Healthcare,Zhu Yi,59.0,China,Chengdu,Pharmaceuticals,Healthcare,China,,True,N,M,12/1/1963 0:00,Zhu ,Yi ,Founder & Entrepreneur,4/4/2023 5:01,,,1963.0,12.0,1.0,125.08,2.9,"$19,910,000,000,000 ",50.6,100.2,77.0,9.4,59.2,1397715000.0,35.86166,104.195397,Pharmaceuticals,1
1164,2600,Real Estate,Ben Ashkenazy,53.0,United States,New York,Real estate,Real Estate,United States,,True,D,M,9/23/1969 0:00,Ashkenazy,Ben,Founder & Entrepreneur,4/4/2023 5:01,New York,Northeast,1969.0,9.0,23.0,117.24,7.5,"$21,427,700,000,000 ",88.2,101.8,78.5,9.6,36.6,328239523.0,37.09024,-95.712891,Real estate,1
1164,2600,Finance & Investments,Felix Baker,54.0,United States,New York,Biotech investing,Finance & Investments,United States,,True,D,M,3/29/1969 0:00,Baker,Felix,Founder & Entrepreneur,4/4/2023 5:01,New York,Northeast,1969.0,3.0,29.0,117.24,7.5,"$21,427,700,000,000 ",88.2,101.8,78.5,9.6,36.6,328239523.0,37.09024,-95.712891,Biotech investing,1
1164,2600,Finance & Investments,Julian Baker,56.0,United States,New York,Investing,Finance & Investments,United States,,True,D,M,5/21/1966 0:00,Baker,Julian,Founder & Entrepreneur,4/4/2023 5:01,New York,Northeast,1966.0,5.0,21.0,117.24,7.5,"$21,427,700,000,000 ",88.2,101.8,78.5,9.6,36.6,328239523.0,37.09024,-95.712891,Investing,1
1164,2600,Media & Entertainment,David Baszucki,60.0,United States,San Francisco,Online games,Media & Entertainment,United States,,True,U,M,1/20/1963 0:00,Baszucki,David,Founder & Entrepreneur,4/4/2023 5:01,California,West,1963.0,1.0,20.0,117.24,7.5,"$21,427,700,000,000 ",88.2,101.8,78.5,9.6,36.6,328239523.0,37.09024,-95.712891,Online games,1
1164,2600,Food & Beverage,Joesley Batista,51.0,Brazil,Sao Paulo,Beef processing,Food & Beverage,Brazil,,False,D,M,2/5/1972 0:00,Batista,Joesley,Heir & Major Shareholder,4/4/2023 5:01,,,1972.0,2.0,5.0,167.4,3.7,"$1,839,758,040,766 ",51.3,115.4,75.7,14.2,65.1,212559417.0,-14.235004,-51.92528,Beef processing,1
1164,2600,Food & Beverage,Wesley Batista,50.0,Brazil,Sao Paulo,Beef packing,Food & Beverage,Brazil,,False,D,M,12/8/1972 0:00,Batista,Wesley,Heir & Major Shareholder,4/4/2023 5:01,,,1972.0,12.0,8.0,167.4,3.7,"$1,839,758,040,766 ",51.3,115.4,75.7,14.2,65.1,212559417.0,-14.235004,-51.92528,Beef packing,1
1164,2600,Media & Entertainment,Yvonne Bauer,46.0,Germany,Hamburg,"Magazines, media",Media & Entertainment,Germany,,False,D,F,3/29/1977 0:00,Bauer,Yvonne,Heir & Major Shareholder & Magazines,4/4/2023 5:01,,,1977.0,3.0,29.0,112.85,1.4,"$3,845,630,030,824 ",70.2,104.0,80.9,11.5,48.8,83132799.0,51.165691,10.451526,"Magazines, media",2
1164,2600,Manufacturing,Miriam Baumann-Blocher,48.0,Switzerland,Rheinfelden,Chemicals,Manufacturing,Switzerland,,False,D,F,1/1/1975 0:00,Baumann-Blocher,Miriam,Heir & Major Shareholder,4/4/2023 5:01,,,1975.0,1.0,1.0,99.55,0.4,"$703,082,435,360 ",59.6,105.2,83.6,10.1,28.8,8574832.0,46.818188,8.227512,Chemicals,1
1164,2600,Healthcare,Cen Junda,58.0,China,Lianyungang,Pharmaceuticals,Healthcare,China,,True,U,M,6/18/1964 0:00,Cen,Junda,Founder & Entrepreneur,4/4/2023 5:01,,,1964.0,6.0,18.0,125.08,2.9,"$19,910,000,000,000 ",50.6,100.2,77.0,9.4,59.2,1397715000.0,35.86166,104.195397,Pharmaceuticals,1
1164,2600,Finance & Investments,Richard Chandler,64.0,Singapore,Singapore,Investments,Finance & Investments,New Zealand,,False,U,M,1/1/1959 0:00,Chandler,Richard,Heir & Major Shareholder,4/4/2023 5:01,,,1959.0,1.0,1.0,114.41,0.6,"$372,062,527,489 ",84.8,100.6,83.1,13.1,21.0,5703569.0,1.352083,103.819836,Investments,1
1164,2600,Manufacturing,Chen Zhiping,47.0,China,Shenzhen,E-cigarettes,Manufacturing,China,,True,D,M,1/1/1976 0:00,Chen,Zhiping,Founder & Entrepreneur,4/4/2023 5:01,,,1976.0,1.0,1.0,125.08,2.9,"$19,910,000,000,000 ",50.6,100.2,77.0,9.4,59.2,1397715000.0,35.86166,104.195397,E-cigarettes,1
1164,2600,Service,Fernando Chico Pardo,71.0,Mexico,Mexico City,Airport management,Service,Mexico,,True,U,M,2/15/1952 0:00,Chico Pardo,Fernando,Founder & Entrepreneur,4/4/2023 5:01,,,1952.0,2.0,15.0,141.54,3.6,"$1,258,286,717,125 ",40.2,105.8,75.0,13.1,55.1,126014024.0,23.634501,-102.552784,Airport management,1
1164,2600,Energy,Ray Davis,81.0,United States,Dallas,Pipelines,Energy,United States,,True,U,M,12/18/1941 0:00,Davis,Ray,Founder & Entrepreneur,4/4/2023 5:01,Texas,South,1941.0,12.0,18.0,117.24,7.5,"$21,427,700,000,000 ",88.2,101.8,78.5,9.6,36.6,328239523.0,37.09024,-95.712891,Pipelines,1
1164,2600,Construction & Engineering,Maria Del Pino,67.0,Spain,Madrid,Construction,Construction & Engineering,Spain,,False,U,F,3/19/1956 0:00,Del Pino,Maria,Heir & Major Shareholder,4/4/2023 5:01,,,1956.0,3.0,19.0,110.96,0.7,"$1,394,116,310,769 ",88.9,102.7,83.3,14.2,47.0,47076781.0,40.463667,-3.74922,Construction,1
1164,2600,Manufacturing,Deng Weiming & family,54.0,China,Changsha,Battery components,Manufacturing,China,,True,D,M,9/1/1968 0:00,Deng,Weiming,Controlling Shareholder & (Family Estate),4/4/2023 5:01,,,1968.0,9.0,1.0,125.08,2.9,"$19,910,000,000,000 ",50.6,100.2,77.0,9.4,59.2,1397715000.0,35.86166,104.195397,Battery components,1
1164,2600,Food & Beverage,"John Dorrance, III.",79.0,Ireland,Dublin,Campbell Soup,Food & Beverage,Ireland,,False,D,M,1/1/1944 0:00,Dorrance,John,Heir & Major Shareholder,4/4/2023 5:01,,,1944.0,1.0,1.0,,,,,,,,,,,,Campbell Soup,1
1164,2600,Diversified,Carl Douglas,61.0,Sweden,Stockholm,Investments,Diversified,Sweden,,False,D,M,5/5/1961 0:00,Douglas,Carl,Heir & Major Shareholder,4/4/2023 5:01,,,1961.0,5.0,5.0,110.51,1.8,"$530,832,908,738 ",67.0,126.6,82.5,27.9,49.1,10285453.0,60.128161,18.643501,Investments,1
1164,2600,Diversified,Eric Douglas,54.0,Sweden,Stockholm,Investments,Diversified,Sweden,,False,D,M,5/1/1968 0:00,Douglas,Eric,Heir & Major Shareholder,4/4/2023 5:01,,,1968.0,5.0,1.0,110.51,1.8,"$530,832,908,738 ",67.0,126.6,82.5,27.9,49.1,10285453.0,60.128161,18.643501,Investments,1
1164,2600,Manufacturing,Fiona Geminder,58.0,Australia,Melbourne,Manufacturing,Manufacturing,Australia,,False,D,F,12/1/1964 0:00,Geminder,Fiona,Heir & Major Shareholder,4/4/2023 5:01,,,1964.0,12.0,1.0,119.8,1.6,"$1,392,680,589,329 ",113.1,100.3,82.7,23.0,47.4,25766605.0,-25.274398,133.775136,Manufacturing,1
1164,2600,Finance & Investments,Stewart Horejsi & family,85.0,United States,Phoenix,Berkshire Hathaway,Finance & Investments,United States,,True,D,M,9/19/1937 0:00,Horejsi,Stewart,Controlling Shareholder & (Family Estate),4/4/2023 5:01,Arizona,West,1937.0,9.0,19.0,117.24,7.5,"$21,427,700,000,000 ",88.2,101.8,78.5,9.6,36.6,328239523.0,37.09024,-95.712891,Berkshire Hathaway,1
1164,2600,Healthcare,Hou Juncheng,58.0,China,Hangzhou,Cosmetics,Healthcare,China,,True,U,M,12/17/1964 0:00,Hou,Juncheng,Founder & Entrepreneur,4/4/2023 5:01,,,1964.0,12.0,17.0,125.08,2.9,"$19,910,000,000,000 ",50.6,100.2,77.0,9.4,59.2,1397715000.0,35.86166,104.195397,Cosmetics,1
1164,2600,Construction & Engineering,Zhenda Huang & family,75.0,China,Shantou,Construction,Construction & Engineering,China,,True,D,M,9/1/1947 0:00,Huang,Zhenda,Controlling Shareholder & (Family Estate),4/4/2023 5:01,,,1947.0,9.0,1.0,125.08,2.9,"$19,910,000,000,000 ",50.6,100.2,77.0,9.4,59.2,1397715000.0,35.86166,104.195397,Construction,1
1164,2600,Service,Dmitry Kamenshchik,54.0,Russia,Moscow,Airport,Service,Russia,,True,U,M,4/26/1968 0:00,Kamenshchik,Dmitry,Founder & Entrepreneur,4/4/2023 5:01,,,1968.0,4.0,26.0,180.75,4.5,"$1,699,876,578,871 ",81.9,102.6,72.7,11.4,46.2,144373535.0,61.52401,105.318756,Airport,1
1164,2600,Finance & Investments,Alicia Koplowitz,69.0,Spain,Madrid,"Construction, investments",Finance & Investments,Spain,,False,D,F,9/12/1953 0:00,Koplowitz,Alicia,Heir & Major Shareholder & Construction,4/4/2023 5:01,,,1953.0,9.0,12.0,110.96,0.7,"$1,394,116,310,769 ",88.9,102.7,83.3,14.2,47.0,47076781.0,40.463667,-3.74922,"Construction, investments",2
1164,2600,Real Estate,Adam Kwok,40.0,Hong Kong,Hong Kong,Real estate,Real Estate,Hong Kong,,False,U,M,4/1/1983 0:00,Kwok,Adam,Heir & Major Shareholder,4/4/2023 5:01,,,1983.0,4.0,1.0,,,,,,,,,,,,Real estate,1
1164,2600,Finance & Investments,Henry Laufer,77.0,United States,Lake Worth,Hedge funds,Finance & Investments,United States,,True,U,M,8/13/1945 0:00,Laufer,Henry,Founder & Lead Investor,4/4/2023 5:01,Florida,South,1945.0,8.0,13.0,117.24,7.5,"$21,427,700,000,000 ",88.2,101.8,78.5,9.6,36.6,328239523.0,37.09024,-95.712891,Hedge funds,1
1164,2600,Food & Beverage,Louis Le Duff,76.0,France,Paris,Bakeries,Food & Beverage,France,,True,U,M,8/1/1946 0:00,Le Duff,Louis,Founder & Entrepreneur,4/4/2023 5:01,,,1946.0,8.0,1.0,110.05,1.1,"$2,715,518,274,227 ",65.6,102.5,82.5,24.2,60.7,67059887.0,46.227638,2.213749,Bakeries,1
1164,2600,Technology,Mark Leonard & family,66.0,Canada,Toronto,Software,Technology,Canada,,True,U,M,5/6/1956 0:00,Leonard,Mark,Controlling Shareholder & (Family Estate),4/4/2023 5:01,,,1956.0,5.0,6.0,116.76,1.9,"$1,736,425,629,520 ",68.9,100.9,81.9,12.8,24.5,36991981.0,56.130366,-106.346771,Software,1
1164,2600,Automotive,Li Guoqiang,59.0,China,Beijing,Auto dealerships,Automotive,China,,True,D,M,1/1/1964 0:00,Li,Guoqiang,Founder & Entrepreneur,4/4/2023 5:01,,,1964.0,1.0,1.0,125.08,2.9,"$19,910,000,000,000 ",50.6,100.2,77.0,9.4,59.2,1397715000.0,35.86166,104.195397,Auto dealerships,1
1164,2600,Service,Li Yongxin,47.0,China,Beijing,Education,Service,China,,True,D,M,3/9/1976 0:00,Li,Yongxin,Founder & Entrepreneur,4/4/2023 5:01,,,1976.0,3.0,9.0,125.08,2.9,"$19,910,000,000,000 ",50.6,100.2,77.0,9.4,59.2,1397715000.0,35.86166,104.195397,Education,1
1164,2600,Finance & Investments,Peter Lim,69.0,Singapore,Singapore,Investments,Finance & Investments,Singapore,,True,U,M,6/1/1953 0:00,Lim,Peter,Founder & Entrepreneur,4/4/2023 5:01,,,1953.0,6.0,1.0,114.41,0.6,"$372,062,527,489 ",84.8,100.6,83.1,13.1,21.0,5703569.0,1.352083,103.819836,Investments,1
1164,2600,Diversified,Lu Weiding,52.0,China,Hangzhou,Diversified,Diversified,China,,False,D,M,3/1/1971 0:00,Lu,Weiding,Heir & Major Shareholder,4/4/2023 5:01,,,1971.0,3.0,1.0,125.08,2.9,"$19,910,000,000,000 ",50.6,100.2,77.0,9.4,59.2,1397715000.0,35.86166,104.195397,Diversified,10
1164,2600,Service,Sergio Mantegazza,95.0,Switzerland,Lugano,Travel,Service,Switzerland,,True,D,M,10/31/1927 0:00,Mantegazza,Sergio,Founder & Entrepreneur,4/4/2023 5:01,,,1927.0,10.0,31.0,99.55,0.4,"$703,082,435,360 ",59.6,105.2,83.6,10.1,28.8,8574832.0,46.818188,8.227512,Travel,1
1164,2600,Finance & Investments,Hans Melchers,84.0,Netherlands,Vorden,"Chemicals, investments",Finance & Investments,Netherlands,,True,D,M,4/28/1938 0:00,Melchers,Hans,Founder & Entrepreneur & Chemicals,4/4/2023 5:01,,,1938.0,4.0,28.0,115.91,2.6,"$909,070,395,161 ",85.0,104.2,81.8,23.0,41.2,17332850.0,52.132633,5.291266,"Chemicals, investments",2
1164,2600,Food & Beverage,C. Dean Metropoulos,76.0,United States,Palm Beach,Investments,Food & Beverage,United States,,True,D,M,5/5/1946 0:00,Metropoulos,C. Dean,Founder & Entrepreneur,4/4/2023 5:01,Florida,South,1946.0,5.0,5.0,117.24,7.5,"$21,427,700,000,000 ",88.2,101.8,78.5,9.6,36.6,328239523.0,37.09024,-95.712891,Investments,1
1164,2600,Manufacturing,Hans Georg Naeder,61.0,Germany,Duderstadt,Prosthetics,Manufacturing,Germany,,False,E,M,9/4/1961 0:00,Naeder,Hans Georg,Heir & Major Shareholder,4/4/2023 5:01,,,1961.0,9.0,4.0,112.85,1.4,"$3,845,630,030,824 ",70.2,104.0,80.9,11.5,48.8,83132799.0,51.165691,10.451526,Prosthetics,1
1164,2600,Fashion & Retail,Falguni Nayar,60.0,India,Mumbai,Retailing,Fashion & Retail,India,Nykaa,True,D,F,2/19/1963 0:00,Nayar,Falguni,Founder & CEO,4/4/2023 5:01,,,1963.0,2.0,19.0,180.44,7.7,"$2,611,000,000,000 ",28.1,113.0,69.4,11.2,49.7,1366417754.0,20.593684,78.96288,"Nykaa, Retailing",2
1164,2600,Finance & Investments,James Packer,55.0,United States,Los Angeles,Investments,Finance & Investments,Australia,,False,D,M,9/8/1967 0:00,Packer,James,Heir & Major Shareholder,4/4/2023 5:01,California,West,1967.0,9.0,8.0,117.24,7.5,"$21,427,700,000,000 ",88.2,101.8,78.5,9.6,36.6,328239523.0,37.09024,-95.712891,Investments,1
1164,2600,Logistics,Alexander Ponomarenko,58.0,Russia,Moscow,"Real estate, airport",Logistics,Russia,,True,U,M,10/27/1964 0:00,Ponomarenko,Alexander,Founder & Entrepreneur & estate,4/4/2023 5:01,,,1964.0,10.0,27.0,180.75,4.5,"$1,699,876,578,871 ",81.9,102.6,72.7,11.4,46.2,144373535.0,61.52401,105.318756,"Real estate, airport",2
1164,2600,Finance & Investments,Nicholas Pritzker,79.0,United States,Nicasio,"Hotels, investments",Finance & Investments,United States,,False,D,M,1/1/1944 0:00,Pritzker,Nicholas,Heir & Major Shareholder & Hotels,4/4/2023 5:01,California,West,1944.0,1.0,1.0,117.24,7.5,"$21,427,700,000,000 ",88.2,101.8,78.5,9.6,36.6,328239523.0,37.09024,-95.712891,"Hotels, investments",2
1164,2600,Food & Beverage,Alejandro Santo Domingo,46.0,United States,New York,Beer,Food & Beverage,United States,,False,E,M,2/13/1977 0:00,Santo Domingo,Alejandro,Heir & Major Shareholder,4/4/2023 5:01,New York,Northeast,1977.0,2.0,13.0,117.24,7.5,"$21,427,700,000,000 ",88.2,101.8,78.5,9.6,36.6,328239523.0,37.09024,-95.712891,Beer,1
1164,2600,Technology,Steven Sarowitz,57.0,United States,Highland Park,Payroll software,Technology,United States,,True,D,M,11/7/1965 0:00,Sarowitz,Steven,Founder & Entrepreneur,4/4/2023 5:01,Illinois,Midwest,1965.0,11.0,7.0,117.24,7.5,"$21,427,700,000,000 ",88.2,101.8,78.5,9.6,36.6,328239523.0,37.09024,-95.712891,Payroll software,1
1164,2600,Automotive,Maria-Elisabeth Schaeffler-Thumann,81.0,Germany,Herzogenaurach,Auto parts,Automotive,Germany,,False,U,F,8/17/1941 0:00,Schaeffler-Thumann,Maria-Elisabeth,Heir & Major Shareholder,4/4/2023 5:01,,,1941.0,8.0,17.0,112.85,1.4,"$3,845,630,030,824 ",70.2,104.0,80.9,11.5,48.8,83132799.0,51.165691,10.451526,Auto parts,1
1164,2600,Healthcare,Leonard Schleifer,70.0,United States,Tarrytown,Pharmaceuticals,Healthcare,United States,Regeneron Pharmaceuticals,True,U,M,7/7/1952 0:00,Schleifer,Leonard,CEO and Founder,4/4/2023 5:01,New York,Northeast,1952.0,7.0,7.0,117.24,7.5,"$21,427,700,000,000 ",88.2,101.8,78.5,9.6,36.6,328239523.0,37.09024,-95.712891,"Pharmaceuticals, Regeneron Pharmaceuticals",2
1164,2600,Manufacturing,Dieter Schnabel,77.0,Germany,Hamburg,Chemicals,Manufacturing,Germany,,False,U,M,1/1/1946 0:00,Schnabel,Dieter,Heir & Major Shareholder,4/4/2023 5:01,,,1946.0,1.0,1.0,112.85,1.4,"$3,845,630,030,824 ",70.2,104.0,80.9,11.5,48.8,83132799.0,51.165691,10.451526,Chemicals,1
1164,2600,Energy,Michael S. Smith,67.0,United States,Miami Beach,Liquefied natural gas,Energy,United States,,True,U,M,5/9/1955 0:00,Smith,Michael S.,Founder & Lead Investor & gas,4/4/2023 5:01,Florida,South,1955.0,5.0,9.0,117.24,7.5,"$21,427,700,000,000 ",88.2,101.8,78.5,9.6,36.6,328239523.0,37.09024,-95.712891,Liquefied natural gas,1
1164,2600,Manufacturing,Julia Thiele-Schuerhoff,51.0,Germany,Munich,"Brakes, investments",Manufacturing,Germany,,False,D,F,1/1/1972 0:00,Thiele-Schuerhoff,Julia,Heir & Major Shareholder & Brakes,4/4/2023 5:01,,,1972.0,1.0,1.0,112.85,1.4,"$3,845,630,030,824 ",70.2,104.0,80.9,11.5,48.8,83132799.0,51.165691,10.451526,"Brakes, investments",2
1164,2600,Food & Beverage,John Tyson & family,69.0,United States,Springdale,Food processing,Food & Beverage,United States,,False,D,M,9/5/1953 0:00,Tyson,John,Controlling Shareholder & (Family Estate),4/4/2023 5:01,Arkansas,South,1953.0,9.0,5.0,117.24,7.5,"$21,427,700,000,000 ",88.2,101.8,78.5,9.6,36.6,328239523.0,37.09024,-95.712891,Food processing,1
1164,2600,Manufacturing,Anna Katharina Viessmann,,Germany,Battenberg,Heating and cooling equipment,Manufacturing,Germany,,False,D,F,,Viessmann,Anna Katharina,Heir & Major Shareholder & and,4/4/2023 5:01,,,,,,112.85,1.4,"$3,845,630,030,824 ",70.2,104.0,80.9,11.5,48.8,83132799.0,51.165691,10.451526,Heating and cooling equipment,1
1164,2600,Construction & Engineering,Jurgen Wirtgen,57.0,,,Construction Vehicles,Construction & Engineering,Germany,,False,N,M,7/1/1965 0:00,Wirtgen,Jurgen,Heir & Major Shareholder,4/4/2023 5:01,,,1965.0,7.0,1.0,,,,,,,,,,,,Construction Vehicles,1
1164,2600,Construction & Engineering,Stefan Wirtgen,52.0,,,Construction Vehicles,Construction & Engineering,Germany,,False,N,M,7/1/1970 0:00,Wirtgen,Stefan,Heir & Major Shareholder,4/4/2023 5:01,,,1970.0,7.0,1.0,,,,,,,,,,,,Construction Vehicles,1
1164,2600,Technology,Zhao Lixin,57.0,China,Shanghai,Electronics,Technology,China,,True,D,M,1/1/1966 0:00,Zhao,Lixin,Founder & Entrepreneur,4/4/2023 5:01,,,1966.0,1.0,1.0,125.08,2.9,"$19,910,000,000,000 ",50.6,100.2,77.0,9.4,59.2,1397715000.0,35.86166,104.195397,Electronics,1
1164,2600,Technology,Hongyi Zhou,52.0,China,Beijing,Security software,Technology,China,,True,U,M,10/1/1970 0:00,Zhou,Hongyi,Founder & Entrepreneur,4/4/2023 5:01,,,1970.0,10.0,1.0,125.08,2.9,"$19,910,000,000,000 ",50.6,100.2,77.0,9.4,59.2,1397715000.0,35.86166,104.195397,Security software,1
1217,2500,Food & Beverage,S. Daniel Abraham,98.0,United States,Palm Beach,Slim-Fast,Food & Beverage,United States,S. Daniel Abraham Center for Middle East Peace,True,U,M,8/15/1924 0:00,Abraham,S. Daniel,Chairman,4/4/2023 5:01,Florida,South,1924.0,8.0,15.0,117.24,7.5,"$21,427,700,000,000 ",88.2,101.8,78.5,9.6,36.6,328239523.0,37.09024,-95.712891,"S. Daniel Abraham Center for Middle East Peace, Slim-Fast",2
1217,2500,Fashion & Retail,Bill Alfond,74.0,United States,Boston,Shoes,Fashion & Retail,United States,,False,D,M,5/16/1948 0:00,Alfond,Bill,Heir & Major Shareholder,4/4/2023 5:01,Massachusetts,Northeast,1948.0,5.0,16.0,117.24,7.5,"$21,427,700,000,000 ",88.2,101.8,78.5,9.6,36.6,328239523.0,37.09024,-95.712891,Shoes,1
1217,2500,Fashion & Retail,Susan Alfond,77.0,United States,Scarborough,Shoes,Fashion & Retail,United States,,False,D,F,7/19/1945 0:00,Alfond,Susan,Heir & Major Shareholder,4/4/2023 5:01,Maine,Northeast,1945.0,7.0,19.0,117.24,7.5,"$21,427,700,000,000 ",88.2,101.8,78.5,9.6,36.6,328239523.0,37.09024,-95.712891,Shoes,1
1217,2500,Fashion & Retail,Ted Alfond,78.0,United States,Weston,Shoes,Fashion & Retail,United States,,False,D,M,8/19/1944 0:00,Alfond,Ted,Heir & Major Shareholder,4/4/2023 5:01,Massachusetts,Northeast,1944.0,8.0,19.0,117.24,7.5,"$21,427,700,000,000 ",88.2,101.8,78.5,9.6,36.6,328239523.0,37.09024,-95.712891,Shoes,1
1217,2500,Construction & Engineering,Riley Bechtel & family,71.0,United States,San Francisco,"Engineering, construction",Construction & Engineering,United States,Bechtel Corp.,False,D,M,3/25/1952 0:00,Bechtel,Riley,former Chairman and CEO,4/4/2023 5:01,California,West,1952.0,3.0,25.0,117.24,7.5,"$21,427,700,000,000 ",88.2,101.8,78.5,9.6,36.6,328239523.0,37.09024,-95.712891,"Bechtel Corp., Engineering, construction",3
1217,2500,Diversified,Thor Bjorgolfsson,56.0,United Kingdom,London,Investments,Diversified,Iceland,,True,E,M,3/19/1967 0:00,Bjorgolfsson,Thor,Founder & Entrepreneur,4/4/2023 5:01,,,1967.0,3.0,19.0,119.62,1.7,"$2,827,113,184,696 ",60.0,101.2,81.3,25.5,30.6,66834405.0,55.378051,-3.435973,Investments,1
1217,2500,Food & Beverage,Charles Bronfman,91.0,United States,Palm Beach,Liquor,Food & Beverage,Canada,,False,E,M,6/27/1931 0:00,Bronfman,Charles,Heir & Major Shareholder,4/4/2023 5:01,Florida,South,1931.0,6.0,27.0,117.24,7.5,"$21,427,700,000,000 ",88.2,101.8,78.5,9.6,36.6,328239523.0,37.09024,-95.712891,Liquor,1
1217,2500,Food & Beverage,Vivek Chand Burman,85.0,India,Delhi,Consumer goods,Food & Beverage,India,,False,D,M,4/28/1937 0:00,Burman,Vivek Chand,Heir & Major Shareholder,4/4/2023 5:01,,,1937.0,4.0,28.0,180.44,7.7,"$2,611,000,000,000 ",28.1,113.0,69.4,11.2,49.7,1366417754.0,20.593684,78.96288,Consumer goods,1
1217,2500,Automotive,Herb Chambers,81.0,United States,Boston,Car dealerships,Automotive,United States,,True,U,M,1/1/1942 0:00,Chambers,Herb,Founder & Entrepreneur & Car,4/4/2023 5:01,Massachusetts,Northeast,1942.0,1.0,1.0,117.24,7.5,"$21,427,700,000,000 ",88.2,101.8,78.5,9.6,36.6,328239523.0,37.09024,-95.712891,Car dealerships,1
1217,2500,Media & Entertainment,Cheng Yixiao,39.0,China,Beijing,Video streaming app,Media & Entertainment,China,,True,D,M,1/1/1984 0:00,Cheng,Yixiao,Founder & Entrepreneur & app,4/4/2023 5:01,,,1984.0,1.0,1.0,125.08,2.9,"$19,910,000,000,000 ",50.6,100.2,77.0,9.4,59.2,1397715000.0,35.86166,104.195397,Video streaming app,1
1217,2500,Food & Beverage,Andrew Cherng,75.0,United States,Las Vegas,Fast food,Food & Beverage,United States,,True,Split Family Fortune,M,4/2/1948 0:00,Cherng,Andrew,Founder & Entrepreneur,4/4/2023 5:01,Nevada,West,1948.0,4.0,2.0,117.24,7.5,"$21,427,700,000,000 ",88.2,101.8,78.5,9.6,36.6,328239523.0,37.09024,-95.712891,Fast food,1
1217,2500,Food & Beverage,Peggy Cherng,75.0,United States,Las Vegas,Fast food,Food & Beverage,United States,,True,Split Family Fortune,F,12/18/1947 0:00,Cherng,Peggy,Founder & Entrepreneur,4/4/2023 5:01,Nevada,West,1947.0,12.0,18.0,117.24,7.5,"$21,427,700,000,000 ",88.2,101.8,78.5,9.6,36.6,328239523.0,37.09024,-95.712891,Fast food,1
1217,2500,Finance & Investments,Leon G. Cooperman,79.0,United States,Boca Raton,Hedge funds,Finance & Investments,United States,"Omega Advisors, Inc.",True,E,M,4/25/1943 0:00,Cooperman,Leon G.,Founder,4/4/2023 5:01,Florida,South,1943.0,4.0,25.0,117.24,7.5,"$21,427,700,000,000 ",88.2,101.8,78.5,9.6,36.6,328239523.0,37.09024,-95.712891,"Hedge funds, Omega Advisors, Inc.",2
1217,2500,Manufacturing,Yadu Hari Dalmia & family,75.0,India,Delhi,Cement,Manufacturing,India,,False,U,M,6/2/1947 0:00,Dalmia,Yadu Hari,Controlling Shareholder & (Family Estate),4/4/2023 5:01,,,1947.0,6.0,2.0,180.44,7.7,"$2,611,000,000,000 ",28.1,113.0,69.4,11.2,49.7,1366417754.0,20.593684,78.96288,Cement,1
1217,2500,Food & Beverage,Henry Davis,72.0,United States,Omaha,Beef processing,Food & Beverage,United States,,False,U,M,2/16/1951 0:00,Davis,Henry,Heir & Major Shareholder,4/4/2023 5:01,Nebraska,Midwest,1951.0,2.0,16.0,117.24,7.5,"$21,427,700,000,000 ",88.2,101.8,78.5,9.6,36.6,328239523.0,37.09024,-95.712891,Beef processing,1
1217,2500,Metals & Mining,Oleg Deripaska,55.0,Russia,Moscow,"Aluminum, utilities",Metals & Mining,Russia,,True,U,M,1/2/1968 0:00,Deripaska,Oleg,Founder & Entrepreneur & Aluminum,4/4/2023 5:01,,,1968.0,1.0,2.0,180.75,4.5,"$1,699,876,578,871 ",81.9,102.6,72.7,11.4,46.2,144373535.0,61.52401,105.318756,"Aluminum, utilities",2
1217,2500,Technology,Sergey Dmitriev,57.0,Cyprus,Paralimni,Software,Technology,Cyprus,,True,D,M,3/11/1966 0:00,Dmitriev,Sergey,Founder & Entrepreneur,4/4/2023 5:01,,,1966.0,3.0,11.0,102.51,0.3,"$24,564,647,935 ",75.9,99.3,80.8,24.5,22.4,1198575.0,35.126413,33.429859,Software,1
1217,2500,Finance & Investments,Joseph Edelman,67.0,United States,New York,Hedge funds,Finance & Investments,United States,Perceptive Advisors,True,D,M,6/10/1955 0:00,Edelman,Joseph,Founder & CEO,4/4/2023 5:01,New York,Northeast,1955.0,6.0,10.0,117.24,7.5,"$21,427,700,000,000 ",88.2,101.8,78.5,9.6,36.6,328239523.0,37.09024,-95.712891,"Hedge funds, Perceptive Advisors",2
1217,2500,Manufacturing,Sandeep Engineer,61.0,India,Ahmedabad,Plastic pipes,Manufacturing,India,,True,D,M,5/11/1961 0:00,Engineer,Sandeep,Founder & Entrepreneur,4/4/2023 5:01,,,1961.0,5.0,11.0,180.44,7.7,"$2,611,000,000,000 ",28.1,113.0,69.4,11.2,49.7,1366417754.0,20.593684,78.96288,Plastic pipes,1
1217,2500,Energy,Alceu Elias Feldmann & family,73.0,Brazil,Curitiba,Fertilizer,Energy,Brazil,,True,D,M,7/1/1949 0:00,Feldmann,Alceu Elias,Controlling Shareholder & (Family Estate),4/4/2023 5:01,,,1949.0,7.0,1.0,167.4,3.7,"$1,839,758,040,766 ",51.3,115.4,75.7,14.2,65.1,212559417.0,-14.235004,-51.92528,Fertilizer,1
1217,2500,Technology,Serge Godin,73.0,Canada,Westmount,Information technology,Technology,Canada,CGI Group,True,U,M,11/17/1949 0:00,Godin,Serge,Chairman and CEO,4/4/2023 5:01,,,1949.0,11.0,17.0,116.76,1.9,"$1,736,425,629,520 ",68.9,100.9,81.9,12.8,24.5,36991981.0,56.130366,-106.346771,"CGI Group, Information technology",2
1217,2500,Finance & Investments,Alec Gores,70.0,United States,Beverly Hills,Private equity,Finance & Investments,United States,,True,D,M,3/18/1953 0:00,Gores,Alec,Founder & Entrepreneur,4/4/2023 5:01,California,West,1953.0,3.0,18.0,117.24,7.5,"$21,427,700,000,000 ",88.2,101.8,78.5,9.6,36.6,328239523.0,37.09024,-95.712891,Private equity,1
1217,2500,Fashion & Retail,Bill Haslam,64.0,United States,Knoxville,Gas stations,Fashion & Retail,United States,,False,U,M,8/23/1958 0:00,Haslam,Bill,Heir & Major Shareholder & Gas,4/4/2023 5:01,Tennessee,South,1958.0,8.0,23.0,117.24,7.5,"$21,427,700,000,000 ",88.2,101.8,78.5,9.6,36.6,328239523.0,37.09024,-95.712891,Gas stations,1
1217,2500,Finance & Investments,J. Tomilson Hill,74.0,United States,New York,Investments,Finance & Investments,United States,,True,D,M,5/24/1948 0:00,Hill,J. Tomilson,Founder & Entrepreneur,4/4/2023 5:01,New York,Northeast,1948.0,5.0,24.0,117.24,7.5,"$21,427,700,000,000 ",88.2,101.8,78.5,9.6,36.6,328239523.0,37.09024,-95.712891,Investments,1
1217,2500,Media & Entertainment,Jay-Z,53.0,United States,New York,Music,Media & Entertainment,United States,,True,U,M,12/4/1969 0:00,Jay-Z,,Founder & Entrepreneur,4/4/2023 5:01,New York,Northeast,1969.0,12.0,4.0,117.24,7.5,"$21,427,700,000,000 ",88.2,101.8,78.5,9.6,36.6,328239523.0,37.09024,-95.712891,Music,1
1217,2500,Automotive,Baba Kalyani,74.0,India,Pune,Engineering,Automotive,India,,False,E,M,1/7/1949 0:00,Kalyani,Baba,Heir & Major Shareholder,4/4/2023 5:01,,,1949.0,1.0,7.0,180.44,7.7,"$2,611,000,000,000 ",28.1,113.0,69.4,11.2,49.7,1366417754.0,20.593684,78.96288,Engineering,1
1217,2500,Energy,Saban Cemil Kazanci,62.0,Turkey,Istanbul,Energy,Energy,Turkey,,False,R,M,2/13/1961 0:00,Kazanci,Saban Cemil,Heir & Major Shareholder,4/4/2023 5:01,,,1961.0,2.0,13.0,234.44,15.2,"$754,411,708,203 ",23.9,93.2,77.4,17.9,42.3,83429615.0,38.963745,35.243322,Energy,1
1217,2500,Real Estate,Brad Kelley,66.0,United States,Franklin,Tobacco,Real Estate,United States,,True,D,M,12/23/1956 0:00,Kelley,Brad,Founder & Entrepreneur,4/4/2023 5:01,Tennessee,South,1956.0,12.0,23.0,117.24,7.5,"$21,427,700,000,000 ",88.2,101.8,78.5,9.6,36.6,328239523.0,37.09024,-95.712891,Tobacco,1
1217,2500,Construction & Engineering,Wolfgang Leitner,70.0,Austria,Graz,Engineering,Construction & Engineering,Austria,,True,U,M,3/27/1953 0:00,Leitner,Wolfgang,Founder & Entrepreneur,4/4/2023 5:01,,,1953.0,3.0,27.0,118.06,1.5,"$446,314,739,528 ",85.1,103.1,81.6,25.4,51.4,8877067.0,47.516231,14.550072,Engineering,1
1217,2500,Manufacturing,Li Hongxin & family,70.0,China,Yanzhou,Paper & related products,Manufacturing,China,,True,D,M,3/7/1953 0:00,Li,Hongxin,Controlling Shareholder &   (Family Estate),4/4/2023 5:01,,,1953.0,3.0,7.0,125.08,2.9,"$19,910,000,000,000 ",50.6,100.2,77.0,9.4,59.2,1397715000.0,35.86166,104.195397,Paper & related products,1
1217,2500,Real Estate,Lin Chen-hai,76.0,Taiwan,Taipei,Real estate,Real Estate,Taiwan,,True,D,M,3/1/1947 0:00,Lin,Chen-hai,Founder & Entrepreneur,4/4/2023 5:01,,,1947.0,3.0,1.0,,,,,,,,,,,,Real estate,1
1217,2500,Fashion & Retail,Lu Yiwen,36.0,China,Shenzhen,Jewelry,Fashion & Retail,China,,True,D,F,1/1/1987 0:00,Lu,Yiwen,Founder & Entrepreneur,4/4/2023 5:01,,,1987.0,1.0,1.0,125.08,2.9,"$19,910,000,000,000 ",50.6,100.2,77.0,9.4,59.2,1397715000.0,35.86166,104.195397,Jewelry,1
1217,2500,Food & Beverage,Prayudh Mahagitsiri,77.0,Thailand,Bangkok,"Coffee, shipping",Food & Beverage,Thailand,,False,U,M,1/1/1946 0:00,Mahagitsiri,Prayudh,Heir & Major Shareholder & Coffee,4/4/2023 5:01,,,1946.0,1.0,1.0,113.27,0.7,"$543,649,976,166 ",49.3,99.8,76.9,14.9,29.5,69625582.0,15.870032,100.992541,"Coffee, shipping",2
1217,2500,Healthcare,Willy Michel,76.0,Switzerland,Burgdorf,Medical devices,Healthcare,Switzerland,,True,E,M,1/1/1947 0:00,Michel,Willy,Founder & Entrepreneur,4/4/2023 5:01,,,1947.0,1.0,1.0,99.55,0.4,"$703,082,435,360 ",59.6,105.2,83.6,10.1,28.8,8574832.0,46.818188,8.227512,Medical devices,1
1217,2500,Automotive,Lachhman Das Mittal,92.0,India,Delhi,Tractors,Automotive,India,,False,E,M,11/5/1930 0:00,Mittal,Lachhman Das,Heir & Major Shareholder,4/4/2023 5:01,,,1930.0,11.0,5.0,180.44,7.7,"$2,611,000,000,000 ",28.1,113.0,69.4,11.2,49.7,1366417754.0,20.593684,78.96288,Tractors,1
1217,2500,Technology,Bobby Murphy,34.0,United States,Venice,Snapchat,Technology,United States,Snap,True,D,M,7/19/1988 0:00,Murphy,Bobby,Founder & Lead Investor,4/4/2023 5:01,California,West,1988.0,7.0,19.0,117.24,7.5,"$21,427,700,000,000 ",88.2,101.8,78.5,9.6,36.6,328239523.0,37.09024,-95.712891,"Snap, Snapchat",2
1217,2500,Real Estate,Tomas Olivo Lopez,49.0,Spain,Marbella,Shopping centers,Real Estate,Spain,,True,U,M,1/1/1974 0:00,Olivo Lopez,Tomas,Founder & Entrepreneur,4/4/2023 5:01,,,1974.0,1.0,1.0,110.96,0.7,"$1,394,116,310,769 ",88.9,102.7,83.3,14.2,47.0,47076781.0,40.463667,-3.74922,Shopping centers,1
1217,2500,Manufacturing,Eren Ozmen,64.0,United States,Reno,Aerospace,Manufacturing,United States,,True,D,F,9/3/1958 0:00,Ozmen,Eren,Founder & Entrepreneur,4/4/2023 5:01,Nevada,West,1958.0,9.0,3.0,117.24,7.5,"$21,427,700,000,000 ",88.2,101.8,78.5,9.6,36.6,328239523.0,37.09024,-95.712891,Aerospace,1
1217,2500,Finance & Investments,John Pritzker,69.0,United States,San Francisco,"Hotels, investments",Finance & Investments,United States,,False,D,M,8/10/1953 0:00,Pritzker,John,Heir & Major Shareholder & Hotels,4/4/2023 5:01,California,West,1953.0,8.0,10.0,117.24,7.5,"$21,427,700,000,000 ",88.2,101.8,78.5,9.6,36.6,328239523.0,37.09024,-95.712891,"Hotels, investments",2
1217,2500,Technology,Qiu Minxiu,77.0,China,Shangyu,Semiconductors,Technology,China,,True,E,F,9/17/1945 0:00,Qiu,Minxiu,Founder & Entrepreneur,4/4/2023 5:01,,,1945.0,9.0,17.0,125.08,2.9,"$19,910,000,000,000 ",50.6,100.2,77.0,9.4,59.2,1397715000.0,35.86166,104.195397,Semiconductors,1
1217,2500,Diversified,Ferit Faik Sahenk,59.0,Turkey,Istanbul,Diversified,Diversified,Turkey,,False,U,M,3/18/1964 0:00,Sahenk,Ferit Faik,Heir & Major Shareholder,4/4/2023 5:01,,,1964.0,3.0,18.0,234.44,15.2,"$754,411,708,203 ",23.9,93.2,77.4,17.9,42.3,83429615.0,38.963745,35.243322,Diversified,10
1217,2500,Metals & Mining,Wenrong Shen,77.0,China,Zhangjiagang,Steel production,Metals & Mining,China,,True,U,M,2/13/1946 0:00,Shen,Wenrong,Founder & Entrepreneur,4/4/2023 5:01,,,1946.0,2.0,13.0,125.08,2.9,"$19,910,000,000,000 ",50.6,100.2,77.0,9.4,59.2,1397715000.0,35.86166,104.195397,Steel production,1
1217,2500,Diversified,Yuzhu Shi,60.0,China,Shanghai,"Online games, investments",Diversified,China,,True,D,M,9/1/1962 0:00,Shi,Yuzhu,Founder & Entrepreneur & games,4/4/2023 5:01,,,1962.0,9.0,1.0,125.08,2.9,"$19,910,000,000,000 ",50.6,100.2,77.0,9.4,59.2,1397715000.0,35.86166,104.195397,"Online games, investments",2
1217,2500,Real Estate,Jeff Sutton,63.0,United States,New York,Real estate,Real Estate,United States,,True,D,M,1/17/1960 0:00,Sutton,Jeff,Founder & Entrepreneur,4/4/2023 5:01,New York,Northeast,1960.0,1.0,17.0,117.24,7.5,"$21,427,700,000,000 ",88.2,101.8,78.5,9.6,36.6,328239523.0,37.09024,-95.712891,Real estate,1
1217,2500,Diversified,"Henry Sy, Jr.",69.0,Philippines,Manila,Diversified,Diversified,Philippines,,False,D,M,1/1/1954 0:00,Sy,Henry,Heir & Major Shareholder,4/4/2023 5:01,,,1954.0,1.0,1.0,129.61,2.5,"$376,795,508,680 ",35.5,107.5,71.1,14.0,43.1,108116615.0,12.879721,121.774017,Diversified,10
1217,2500,Diversified,Andrew Tan,71.0,Philippines,Manila,Diversified,Diversified,Philippines,,True,D,M,2/1/1952 0:00,Tan,Andrew,Founder & Entrepreneur,4/4/2023 5:01,,,1952.0,2.0,1.0,129.61,2.5,"$376,795,508,680 ",35.5,107.5,71.1,14.0,43.1,108116615.0,12.879721,121.774017,Diversified,10
1217,2500,Energy,Arvind Tiku,53.0,Singapore,Singapore,"Oil & gas, investments",Energy,India,,True,U,M,2/22/1970 0:00,Tiku,Arvind,Founder & Entrepreneur & Oil & gas,4/4/2023 5:01,,,1970.0,2.0,22.0,114.41,0.6,"$372,062,527,489 ",84.8,100.6,83.1,13.1,21.0,5703569.0,1.352083,103.819836,"Oil & gas, investments",2
1217,2500,Finance & Investments,Byron Trott,64.0,United States,Winnetka,Investments,Finance & Investments,United States,,True,U,M,12/2/1958 0:00,Trott,Byron,Founder & Entrepreneur,4/4/2023 5:01,Illinois,Midwest,1958.0,12.0,2.0,117.24,7.5,"$21,427,700,000,000 ",88.2,101.8,78.5,9.6,36.6,328239523.0,37.09024,-95.712891,Investments,1
1217,2500,Real Estate,Donald Trump,76.0,United States,Palm Beach,Real estate,Real Estate,United States,,False,D,M,6/14/1946 0:00,Trump,Donald,Heir & Major Shareholder,4/4/2023 5:01,Florida,South,1946.0,6.0,14.0,117.24,7.5,"$21,427,700,000,000 ",88.2,101.8,78.5,9.6,36.6,328239523.0,37.09024,-95.712891,Real estate,1
1217,2500,Automotive,Peter Unger,78.0,Germany,Neustadt an der Waldnaab,Auto repair,Automotive,Germany,,True,U,M,8/20/1944 0:00,Unger,Peter,Founder & Entrepreneur,4/4/2023 5:01,,,1944.0,8.0,20.0,112.85,1.4,"$3,845,630,030,824 ",70.2,104.0,80.9,11.5,48.8,83132799.0,51.165691,10.451526,Auto repair,1
1217,2500,Fashion & Retail,Roger Wang,74.0,China,Nanjing,Retail,Fashion & Retail,United States,,True,D,M,1/1/1949 0:00,Wang,Roger,Founder & Entrepreneur,4/4/2023 5:01,,,1949.0,1.0,1.0,125.08,2.9,"$19,910,000,000,000 ",50.6,100.2,77.0,9.4,59.2,1397715000.0,35.86166,104.195397,Retail,1
1217,2500,Media & Entertainment,Oprah Winfrey,69.0,United States,Montecito,TV shows,Media & Entertainment,United States,,True,D,F,1/29/1954 0:00,Winfrey,Oprah,Founder & Lead Investor & TV,4/4/2023 5:01,California,West,1954.0,1.0,29.0,117.24,7.5,"$21,427,700,000,000 ",88.2,101.8,78.5,9.6,36.6,328239523.0,37.09024,-95.712891,TV shows,1
1217,2500,Food & Beverage,Wu Zhigang & family,88.0,China,Shenyang,Bakery chain,Food & Beverage,China,,True,D,M,1/14/1935 0:00,Wu,Zhigang,Controlling Shareholder & (Family Estate),4/4/2023 5:01,,,1935.0,1.0,14.0,125.08,2.9,"$19,910,000,000,000 ",50.6,100.2,77.0,9.4,59.2,1397715000.0,35.86166,104.195397,Bakery chain,1
1217,2500,Metals & Mining,Xie Weitong,66.0,Singapore,,Cobalt,Metals & Mining,Taiwan,,True,D,M,1/1/1957 0:00,Xie,Weitong,Founder & Entrepreneur,4/4/2023 5:01,,,1957.0,1.0,1.0,114.41,0.6,"$372,062,527,489 ",84.8,100.6,83.1,13.1,21.0,5703569.0,1.352083,103.819836,Cobalt,1
1217,2500,Fashion & Retail,Ye Guofu,45.0,China,Guangzhou,Retail,Fashion & Retail,China,,True,R,M,1/1/1978 0:00,Ye,Guofu,Founder & Entrepreneur,4/4/2023 5:01,,,1978.0,1.0,1.0,125.08,2.9,"$19,910,000,000,000 ",50.6,100.2,77.0,9.4,59.2,1397715000.0,35.86166,104.195397,Retail,1
1272,2400,Technology,Brian Acton,51.0,United States,Palo Alto,WhatsApp,Technology,United States,WhatsApp Inc.,True,D,M,2/17/1972 0:00,Acton,Brian,Founder & Lead Investor,4/4/2023 5:01,California,West,1972.0,2.0,17.0,117.24,7.5,"$21,427,700,000,000 ",88.2,101.8,78.5,9.6,36.6,328239523.0,37.09024,-95.712891,"WhatsApp, WhatsApp Inc.",2
1272,2400,Automotive,Abdulla Al Futtaim & family,83.0,United Arab Emirates,Dubai,"Auto dealers, investments",Automotive,United Arab Emirates,,False,D,M,1/1/1940 0:00,Al Futtaim,Abdulla,Controlling Shareholder & dealers & (Family Estate),4/4/2023 5:01,,,1940.0,1.0,1.0,114.52,-1.9,"$421,142,267,938 ",36.8,108.4,77.8,0.1,15.9,9770529.0,23.424076,53.847818,"Auto dealers, investments",2
1272,2400,Energy,Edward Bass,77.0,United States,Fort Worth,"Oil, investments",Energy,United States,,False,E,M,9/10/1945 0:00,Bass,Edward,Heir & Major Shareholder & Oil,4/4/2023 5:01,Texas,South,1945.0,9.0,10.0,117.24,7.5,"$21,427,700,000,000 ",88.2,101.8,78.5,9.6,36.6,328239523.0,37.09024,-95.712891,"Oil, investments",2
1272,2400,Media & Entertainment,Koos Bekker,70.0,South Africa,Cape Town,"Media, investments",Media & Entertainment,South Africa,,True,U,M,12/14/1952 0:00,Bekker,Koos,Founder & Entrepreneur & Media,4/4/2023 5:01,,,1952.0,12.0,14.0,158.93,4.1,"$351,431,649,241 ",22.4,100.9,63.9,27.5,29.2,58558270.0,-30.559482,22.937506,"Media, investments",2
1272,2400,Healthcare,Otto Philipp Braun,45.0,Germany,Melsungen,Medical technology,Healthcare,Germany,,False,D,M,1/1/1978 0:00,Braun,Otto Philipp,Heir & Major Shareholder,4/4/2023 5:01,,,1978.0,1.0,1.0,112.85,1.4,"$3,845,630,030,824 ",70.2,104.0,80.9,11.5,48.8,83132799.0,51.165691,10.451526,Medical technology,1
1272,2400,Fashion & Retail,Chen Tei-fu,74.0,United States,Los Angeles,Herbal products,Fashion & Retail,Taiwan,,True,D,M,4/19/1948 0:00,Chen,Tei-fu,Founder & Entrepreneur,4/4/2023 5:01,California,West,1948.0,4.0,19.0,117.24,7.5,"$21,427,700,000,000 ",88.2,101.8,78.5,9.6,36.6,328239523.0,37.09024,-95.712891,Herbal products,1
1272,2400,Fashion & Retail,Abilio dos Santos Diniz,86.0,Brazil,Sao Paulo,Retail,Fashion & Retail,Brazil,,False,D,M,12/28/1936 0:00,Diniz,Abilio dos Santos,Heir & Major Shareholder,4/4/2023 5:01,,,1936.0,12.0,28.0,167.4,3.7,"$1,839,758,040,766 ",51.3,115.4,75.7,14.2,65.1,212559417.0,-14.235004,-51.92528,Retail,1
1272,2400,Finance & Investments,Marcel Erni,58.0,Switzerland,Zug,Private equity,Finance & Investments,Switzerland,,True,D,M,1/1/1965 0:00,Erni,Marcel,Founder & Entrepreneur,4/4/2023 5:01,,,1965.0,1.0,1.0,99.55,0.4,"$703,082,435,360 ",59.6,105.2,83.6,10.1,28.8,8574832.0,46.818188,8.227512,Private equity,1
1272,2400,Fashion & Retail,Doris Fisher,91.0,United States,San Francisco,Gap,Fashion & Retail,United States,Gap Inc.,True,D,F,8/23/1931 0:00,Fisher,Doris,Founder & Lead Investor & Gap,4/4/2023 5:01,California,West,1931.0,8.0,23.0,117.24,7.5,"$21,427,700,000,000 ",88.2,101.8,78.5,9.6,36.6,328239523.0,37.09024,-95.712891,"Gap, Gap Inc.",2
1272,2400,Finance & Investments,Gerald Ford,78.0,United States,Dallas,Banking,Finance & Investments,United States,Ford Financial Fund,True,D,M,8/4/1944 0:00,Ford,Gerald,Founder & Lead Investor,4/4/2023 5:01,Texas,South,1944.0,8.0,4.0,117.24,7.5,"$21,427,700,000,000 ",88.2,101.8,78.5,9.6,36.6,328239523.0,37.09024,-95.712891,"Banking, Ford Financial Fund",2
1272,2400,Healthcare,Bernard Fraisse & family,66.0,France,Paris,Pharmaceuticals,Healthcare,France,,True,E,M,8/10/1956 0:00,Fraisse,Bernard,Controlling Shareholder & (Family Estate),4/4/2023 5:01,,,1956.0,8.0,10.0,110.05,1.1,"$2,715,518,274,227 ",65.6,102.5,82.5,24.2,60.7,67059887.0,46.227638,2.213749,Pharmaceuticals,1
1272,2400,Finance & Investments,Alfred Gantner,55.0,Switzerland,Zug,Private equity,Finance & Investments,Switzerland,,True,D,M,4/1/1968 0:00,Gantner,Alfred,Founder & Entrepreneur,4/4/2023 5:01,,,1968.0,4.0,1.0,99.55,0.4,"$703,082,435,360 ",59.6,105.2,83.6,10.1,28.8,8574832.0,46.818188,8.227512,Private equity,1
1272,2400,Gambling & Casinos,Paul Gauselmann & family,88.0,Germany,Espelkamp,Gambling,Gambling & Casinos,Germany,,True,D,M,8/26/1934 0:00,Gauselmann,Paul,Controlling Shareholder & (Family Estate),4/4/2023 5:01,,,1934.0,8.0,26.0,112.85,1.4,"$3,845,630,030,824 ",70.2,104.0,80.9,11.5,48.8,83132799.0,51.165691,10.451526,Gambling,1
1272,2400,Real Estate,Mitchell Goldhar,61.0,Canada,North York,Real estate,Real Estate,Canada,SmartCentres,True,D,M,7/15/1961 0:00,Goldhar,Mitchell,Founder & Lead Investor,4/4/2023 5:01,,,1961.0,7.0,15.0,116.76,1.9,"$1,736,425,629,520 ",68.9,100.9,81.9,12.8,24.5,36991981.0,56.130366,-106.346771,"Real estate, SmartCentres",2
1272,2400,Finance & Investments,Peter Hargreaves,76.0,United Kingdom,Bristol,Financial services,Finance & Investments,United Kingdom,,True,D,M,10/5/1946 0:00,Hargreaves,Peter,Founder & Entrepreneur,4/4/2023 5:01,,,1946.0,10.0,5.0,119.62,1.7,"$2,827,113,184,696 ",60.0,101.2,81.3,25.5,30.6,66834405.0,55.378051,-3.435973,Financial services,1
1272,2400,Healthcare,Xuande Hua & family,79.0,China,Taizhou,Pharmaceuticals,Healthcare,China,,True,D,M,10/30/1943 0:00,Hua,Xuande,Controlling Shareholder & (Family Estate),4/4/2023 5:01,,,1943.0,10.0,30.0,125.08,2.9,"$19,910,000,000,000 ",50.6,100.2,77.0,9.4,59.2,1397715000.0,35.86166,104.195397,Pharmaceuticals,1
1272,2400,Diversified,Kwek Leng Kee,68.0,Singapore,Singapore,Diversified,Diversified,Singapore,,False,U,M,1/1/1955 0:00,Kwek,Leng Kee,Heir & Major Shareholder,4/4/2023 5:01,,,1955.0,1.0,1.0,114.41,0.6,"$372,062,527,489 ",84.8,100.6,83.1,13.1,21.0,5703569.0,1.352083,103.819836,Diversified,10
1272,2400,Manufacturing,Catherine Lozick,77.0,United States,Fort Lauderdale,Valve manufacturing,Manufacturing,United States,,False,U,F,5/1/1945 0:00,Lozick,Catherine,Heir & Major Shareholder,4/4/2023 5:01,Florida,South,1945.0,5.0,1.0,117.24,7.5,"$21,427,700,000,000 ",88.2,101.8,78.5,9.6,36.6,328239523.0,37.09024,-95.712891,Valve manufacturing,1
1272,2400,Media & Entertainment,Kalanithi Maran,57.0,India,Chennai,Media,Media & Entertainment,India,,True,E,M,7/26/1965 0:00,Maran,Kalanithi,Founder & Entrepreneur,4/4/2023 5:01,,,1965.0,7.0,26.0,180.44,7.7,"$2,611,000,000,000 ",28.1,113.0,69.4,11.2,49.7,1366417754.0,20.593684,78.96288,Media,1
1272,2400,Finance & Investments,Jed McCaleb,48.0,United States,Berkeley,Cryptocurrency,Finance & Investments,United States,,True,D,M,1/1/1975 0:00,McCaleb,Jed,Founder & Entrepreneur,4/4/2023 5:01,California,West,1975.0,1.0,1.0,117.24,7.5,"$21,427,700,000,000 ",88.2,101.8,78.5,9.6,36.6,328239523.0,37.09024,-95.712891,Cryptocurrency,1
1272,2400,Manufacturing,Fatih Ozmen,65.0,United States,Reno,Aerospace,Manufacturing,United States,,True,D,M,2/2/1958 0:00,Ozmen,Fatih,Founder & Entrepreneur,4/4/2023 5:01,Nevada,West,1958.0,2.0,2.0,117.24,7.5,"$21,427,700,000,000 ",88.2,101.8,78.5,9.6,36.6,328239523.0,37.09024,-95.712891,Aerospace,1
1272,2400,Food & Beverage,Pan Laican,,China,foshan,Soy sauce,Food & Beverage,China,,True,D,M,,Pan,Laican,Founder & Entrepreneur & Soy,4/4/2023 5:01,,,,,,125.08,2.9,"$19,910,000,000,000 ",50.6,100.2,77.0,9.4,59.2,1397715000.0,35.86166,104.195397,Soy sauce,1
1272,2400,Metals & Mining,Tor Peterson,58.0,Switzerland,Zug,Commodities,Metals & Mining,United States,,True,D,M,8/7/1964 0:00,Peterson,Tor,Founder & Entrepreneur,4/4/2023 5:01,,,1964.0,8.0,7.0,99.55,0.4,"$703,082,435,360 ",59.6,105.2,83.6,10.1,28.8,8574832.0,46.818188,8.227512,Commodities,1
1272,2400,Finance & Investments,Daniel Pritzker,63.0,United States,Marin County,"Hotels, investments",Finance & Investments,United States,,False,D,M,9/15/1959 0:00,Pritzker,Daniel,Heir & Major Shareholder & Hotels,4/4/2023 5:01,California,West,1959.0,9.0,15.0,117.24,7.5,"$21,427,700,000,000 ",88.2,101.8,78.5,9.6,36.6,328239523.0,37.09024,-95.712891,"Hotels, investments",2
1272,2400,Real Estate,Jinxing Qi,61.0,China,Hangzhou,Real estate,Real Estate,China,,True,U,M,3/28/1962 0:00,Qi,Jinxing,Founder & Entrepreneur,4/4/2023 5:01,,,1962.0,3.0,28.0,125.08,2.9,"$19,910,000,000,000 ",50.6,100.2,77.0,9.4,59.2,1397715000.0,35.86166,104.195397,Real estate,1
1272,2400,Manufacturing,Qiu Jianping & family,61.0,China,Hangzhou,Hand tools,Manufacturing,China,,True,U,M,1/28/1962 0:00,Qiu,Jianping,Controlling Shareholder & (Family Estate),4/4/2023 5:01,,,1962.0,1.0,28.0,125.08,2.9,"$19,910,000,000,000 ",50.6,100.2,77.0,9.4,59.2,1397715000.0,35.86166,104.195397,Hand tools,1
1272,2400,Diversified,Rajan Raheja & family,68.0,India,Mumbai,Diversified,Diversified,India,,False,E,M,6/1/1954 0:00,Raheja,Rajan,Controlling Shareholder & (Family Estate),4/4/2023 5:01,,,1954.0,6.0,1.0,180.44,7.7,"$2,611,000,000,000 ",28.1,113.0,69.4,11.2,49.7,1366417754.0,20.593684,78.96288,Diversified,10
1272,2400,Finance & Investments,Matthias Reinhart,63.0,Switzerland,Zurich,Financial services,Finance & Investments,Switzerland,,True,D,M,1/1/1960 0:00,Reinhart,Matthias,Founder & Entrepreneur,4/4/2023 5:01,,,1960.0,1.0,1.0,99.55,0.4,"$703,082,435,360 ",59.6,105.2,83.6,10.1,28.8,8574832.0,46.818188,8.227512,Financial services,1
1272,2400,Technology,Arnout Schuijff,55.0,Netherlands,Amsterdam,Payments software,Technology,Netherlands,,True,D,M,10/16/1967 0:00,Schuijff,Arnout,Founder & Entrepreneur,4/4/2023 5:01,,,1967.0,10.0,16.0,115.91,2.6,"$909,070,395,161 ",85.0,104.2,81.8,23.0,41.2,17332850.0,52.132633,5.291266,Payments software,1
1272,2400,Diversified,Hans Sy,67.0,Philippines,Manila,Diversified,Diversified,Philippines,,False,D,M,9/29/1955 0:00,Sy,Hans,Heir & Major Shareholder,4/4/2023 5:01,,,1955.0,9.0,29.0,129.61,2.5,"$376,795,508,680 ",35.5,107.5,71.1,14.0,43.1,108116615.0,12.879721,121.774017,Diversified,10
1272,2400,Diversified,Herbert Sy,66.0,Philippines,Manila,Diversified,Diversified,Philippines,,False,D,M,10/1/1956 0:00,Sy,Herbert,Heir & Major Shareholder,4/4/2023 5:01,,,1956.0,10.0,1.0,129.61,2.5,"$376,795,508,680 ",35.5,107.5,71.1,14.0,43.1,108116615.0,12.879721,121.774017,Diversified,10
1272,2400,Diversified,Lucio Tan,88.0,Philippines,Manila,Diversified,Diversified,Philippines,,True,U,M,7/17/1934 0:00,Tan,Lucio,Founder & Entrepreneur,4/4/2023 5:01,,,1934.0,7.0,17.0,129.61,2.5,"$376,795,508,680 ",35.5,107.5,71.1,14.0,43.1,108116615.0,12.879721,121.774017,Diversified,10
1272,2400,Technology,Tsai Ming-kai,72.0,Taiwan,Hsinchu,Semiconductors,Technology,Taiwan,,True,D,M,4/6/1950 0:00,Tsai,Ming-kai,Founder & Entrepreneur,4/4/2023 5:01,,,1950.0,4.0,6.0,,,,,,,,,,,,Semiconductors,1
1272,2400,Media & Entertainment,Ted Turner,84.0,United States,Atlanta,Cable television,Media & Entertainment,United States,,False,U,M,11/19/1938 0:00,Turner,Ted,Heir & Major Shareholder,4/4/2023 5:01,Georgia,South,1938.0,11.0,19.0,117.24,7.5,"$21,427,700,000,000 ",88.2,101.8,78.5,9.6,36.6,328239523.0,37.09024,-95.712891,Cable television,1
1272,2400,Real Estate,David Walentas,84.0,United States,New York,Real estate,Real Estate,United States,,True,U,M,8/7/1938 0:00,Walentas,David,Founder & Entrepreneur,4/4/2023 5:01,New York,Northeast,1938.0,8.0,7.0,117.24,7.5,"$21,427,700,000,000 ",88.2,101.8,78.5,9.6,36.6,328239523.0,37.09024,-95.712891,Real estate,1
1272,2400,Finance & Investments,Urs Wietlisbach,61.0,Switzerland,Zug,Private equity,Finance & Investments,Switzerland,,True,D,M,8/25/1961 0:00,Wietlisbach,Urs,Founder & Entrepreneur,4/4/2023 5:01,,,1961.0,8.0,25.0,99.55,0.4,"$703,082,435,360 ",59.6,105.2,83.6,10.1,28.8,8574832.0,46.818188,8.227512,Private equity,1
1272,2400,Technology,Jerry Yang,54.0,United States,Los Altos Hills,Yahoo,Technology,United States,Yahoo!,True,D,M,11/6/1968 0:00,Yang,Jerry,Founder & Lead Investor,4/4/2023 5:01,California,West,1968.0,11.0,6.0,117.24,7.5,"$21,427,700,000,000 ",88.2,101.8,78.5,9.6,36.6,328239523.0,37.09024,-95.712891,"Yahoo, Yahoo!",2
1272,2400,Manufacturing,Yang Jianliang & family,53.0,China,Wuxi,Machinery,Manufacturing,China,,True,D,M,6/1/1969 0:00,Yang,Jianliang,Controlling Shareholder & (Family Estate),4/4/2023 5:01,,,1969.0,6.0,1.0,125.08,2.9,"$19,910,000,000,000 ",50.6,100.2,77.0,9.4,59.2,1397715000.0,35.86166,104.195397,Machinery,1
1272,2400,Manufacturing,Yang Weidong & family,54.0,China,Jiaxing,Chemicals,Manufacturing,China,,True,D,M,9/9/1968 0:00,Yang,Weidong,Controlling Shareholder & (Family Estate),4/4/2023 5:01,,,1968.0,9.0,9.0,125.08,2.9,"$19,910,000,000,000 ",50.6,100.2,77.0,9.4,59.2,1397715000.0,35.86166,104.195397,Chemicals,1
1272,2400,Real Estate,Mortimer Zuckerman,85.0,United States,New York,"Real estate, media",Real Estate,United States,Boston Properties,True,D,M,6/4/1937 0:00,Zuckerman,Mortimer,Chairman and CEO,4/4/2023 5:01,New York,Northeast,1937.0,6.0,4.0,117.24,7.5,"$21,427,700,000,000 ",88.2,101.8,78.5,9.6,36.6,328239523.0,37.09024,-95.712891,"Boston Properties, Real estate, media",3
1312,2300,Finance & Investments,John Armitage,63.0,United Kingdom,London,Hedge funds,Finance & Investments,Ireland,Egerton Capital,True,D,M,12/1/1959 0:00,Armitage,John,Founder & Entrepreneur,4/4/2023 5:01,,,1959.0,12.0,1.0,119.62,1.7,"$2,827,113,184,696 ",60.0,101.2,81.3,25.5,30.6,66834405.0,55.378051,-3.435973,"Egerton Capital, Hedge funds",2
1312,2300,Energy,Lee Bass,66.0,United States,Fort Worth,"Oil, investments",Energy,United States,,False,U,M,5/24/1956 0:00,Bass,Lee,Heir & Major Shareholder & Oil,4/4/2023 5:01,Texas,South,1956.0,5.0,24.0,117.24,7.5,"$21,427,700,000,000 ",88.2,101.8,78.5,9.6,36.6,328239523.0,37.09024,-95.712891,"Oil, investments",2
1312,2300,Technology,John Bicket,43.0,United States,San Francisco,Sensor systems,Technology,United States,,True,U,M,3/20/1980 0:00,Bicket,John,Founder & Entrepreneur,4/4/2023 5:01,California,West,1980.0,3.0,20.0,117.24,7.5,"$21,427,700,000,000 ",88.2,101.8,78.5,9.6,36.6,328239523.0,37.09024,-95.712891,Sensor systems,1
1312,2300,Technology,Sanjit Biswas,41.0,United States,San Francisco,Sensor systems,Technology,United States,,True,U,M,1/12/1982 0:00,Biswas,Sanjit,Founder & Entrepreneur,4/4/2023 5:01,California,West,1982.0,1.0,12.0,117.24,7.5,"$21,427,700,000,000 ",88.2,101.8,78.5,9.6,36.6,328239523.0,37.09024,-95.712891,Sensor systems,1
1312,2300,Fashion & Retail,Timothy Boyle,73.0,United States,Portland,Columbia Sportswear,Fashion & Retail,United States,,True,E,M,9/7/1949 0:00,Boyle,Timothy,Founder & Entrepreneur,4/4/2023 5:01,Oregon,West,1949.0,9.0,7.0,117.24,7.5,"$21,427,700,000,000 ",88.2,101.8,78.5,9.6,36.6,328239523.0,37.09024,-95.712891,Columbia Sportswear,1
1312,2300,Technology,Morris Chang,91.0,Taiwan,Hsinchu,Semiconductors,Technology,Taiwan,,True,D,M,7/10/1931 0:00,Chang,Morris,Founder & Entrepreneur,4/4/2023 5:01,,,1931.0,7.0,10.0,,,,,,,,,,,,Semiconductors,1
1312,2300,Real Estate,Chao Teng-hsiung,78.0,Taiwan,Taipei,Real estate,Real Estate,Taiwan,,True,D,M,10/4/1944 0:00,Chao,Teng-hsiung,Founder & Entrepreneur,4/4/2023 5:01,,,1944.0,10.0,4.0,,,,,,,,,,,,Real estate,1
1312,2300,Finance & Investments,Samuel Chen,73.0,,,Investments,Finance & Investments,Taiwan,,True,N,M,1/1/1950 0:00,Chen,Samuel,Founder & Entrepreneur,4/4/2023 5:01,,,1950.0,1.0,1.0,,,,,,,,,,,,Investments,1
1312,2300,Manufacturing,Chu Lam Yiu,53.0,Hong Kong,Hong Kong,Flavorings,Manufacturing,Hong Kong,,True,E,F,12/1/1969 0:00,Chu,Lam Yiu,Founder & Entrepreneur,4/4/2023 5:01,,,1969.0,12.0,1.0,,,,,,,,,,,,Flavorings,1
1312,2300,Technology,K. Dinesh,68.0,India,Bangalore,Software services,Technology,India,,True,D,M,6/6/1954 0:00,Dinesh,K.,Founder & Entrepreneur,4/4/2023 5:01,,,1954.0,6.0,6.0,180.44,7.7,"$2,611,000,000,000 ",28.1,113.0,69.4,11.2,49.7,1366417754.0,20.593684,78.96288,Software services,1
1312,2300,Diversified,James Duff,62.0,United States,Hattiesburg,"Tires, diversified",Diversified,United States,,True,U,M,3/7/1961 0:00,Duff,James,Founder & Entrepreneur & Tires,4/4/2023 5:01,Mississippi,South,1961.0,3.0,7.0,117.24,7.5,"$21,427,700,000,000 ",88.2,101.8,78.5,9.6,36.6,328239523.0,37.09024,-95.712891,"Tires, diversified",10
1312,2300,Diversified,Thomas Duff,66.0,United States,Hattiesburg,"Tires, diversified",Diversified,United States,,True,U,M,12/31/1956 0:00,Duff,Thomas,Founder & Entrepreneur & Tires,4/4/2023 5:01,Mississippi,South,1956.0,12.0,31.0,117.24,7.5,"$21,427,700,000,000 ",88.2,101.8,78.5,9.6,36.6,328239523.0,37.09024,-95.712891,"Tires, diversified",10
1312,2300,Technology,Daniel Ek,40.0,Sweden,Stockholm,Spotify,Technology,Sweden,Spotify,True,D,M,2/21/1983 0:00,Ek,Daniel,CEO,4/4/2023 5:01,,,1983.0,2.0,21.0,110.51,1.8,"$530,832,908,738 ",67.0,126.6,82.5,27.9,49.1,10285453.0,60.128161,18.643501,Spotify,1
1312,2300,Fashion & Retail,John Fisher,61.0,United States,San Francisco,Gap,Fashion & Retail,United States,"Pisces, Inc.",False,D,M,6/1/1961 0:00,Fisher,John,Heir & Major Shareholder & Gap,4/4/2023 5:01,California,West,1961.0,6.0,1.0,117.24,7.5,"$21,427,700,000,000 ",88.2,101.8,78.5,9.6,36.6,328239523.0,37.09024,-95.712891,"Gap, Pisces, Inc.",2
1312,2300,Fashion & Retail,Georg Haub,61.0,Germany,Berlin,Retail,Fashion & Retail,Germany,,False,U,M,1/1/1962 0:00,Haub,Georg,Heir & Major Shareholder,4/4/2023 5:01,,,1962.0,1.0,1.0,112.85,1.4,"$3,845,630,030,824 ",70.2,104.0,80.9,11.5,48.8,83132799.0,51.165691,10.451526,Retail,1
1312,2300,Construction & Engineering,Erman Ilicak,55.0,Turkey,Ankara,Construction,Construction & Engineering,Turkey,,True,E,M,10/3/1967 0:00,Ilicak,Erman,Founder & Entrepreneur,4/4/2023 5:01,,,1967.0,10.0,3.0,234.44,15.2,"$754,411,708,203 ",23.9,93.2,77.4,17.9,42.3,83429615.0,38.963745,35.243322,Construction,1
1312,2300,Finance & Investments,Justin Ishbia,45.0,United States,Chicago,Private equity,Finance & Investments,United States,,False,U,M,9/18/1977 0:00,Ishbia,Justin,Heir & Major Shareholder,4/4/2023 5:01,Illinois,Midwest,1977.0,9.0,18.0,117.24,7.5,"$21,427,700,000,000 ",88.2,101.8,78.5,9.6,36.6,328239523.0,37.09024,-95.712891,Private equity,1
1312,2300,Technology,Long Jiang,49.0,China,Weifang,Manufacturing,Technology,China,,True,U,M,2/1/1974 0:00,Jiang,Long,Founder & Entrepreneur,4/4/2023 5:01,,,1974.0,2.0,1.0,125.08,2.9,"$19,910,000,000,000 ",50.6,100.2,77.0,9.4,59.2,1397715000.0,35.86166,104.195397,Manufacturing,1
1312,2300,Finance & Investments,Bruce Karsh,67.0,United States,Los Angeles,Private equity,Finance & Investments,United States,Oaktree Capital Group LLC,True,U,M,10/10/1955 0:00,Karsh,Bruce,Founder & Lead Investor,4/4/2023 5:01,California,West,1955.0,10.0,10.0,117.24,7.5,"$21,427,700,000,000 ",88.2,101.8,78.5,9.6,36.6,328239523.0,37.09024,-95.712891,"Oaktree Capital Group LLC, Private equity",2
1312,2300,Technology,Bom Kim,44.0,South Korea,Seoul,Online retailing,Technology,United States,Coupang,True,D,M,10/1/1978 0:00,Kim,Bom,Founder & Entrepreneur,4/4/2023 5:01,,,1978.0,10.0,1.0,115.16,0.4,"$2,029,000,000,000 ",94.3,98.1,82.6,15.6,33.2,51709098.0,35.907757,127.766922,"Coupang, Online retailing",2
1312,2300,Food & Beverage,Jianping Lai,,China,Foshan,Soy sauce,Food & Beverage,China,,True,D,M,,Lai,Jianping,Founder & Entrepreneur & Soy,4/4/2023 5:01,,,,,,125.08,2.9,"$19,910,000,000,000 ",50.6,100.2,77.0,9.4,59.2,1397715000.0,35.86166,104.195397,Soy sauce,1
1312,2300,Healthcare,Lam Kong,58.0,Hong Kong,Hong Kong,Pharmaceuticals,Healthcare,China,,True,D,M,6/15/1964 0:00,Lam,Kong,Founder & Entrepreneur,4/4/2023 5:01,,,1964.0,6.0,15.0,,,,,,,,,,,,Pharmaceuticals,1
1312,2300,Finance & Investments,Stephen Lansdown,70.0,Guernsey,St. Peter Port,Financial services,Finance & Investments,Guernsey,,True,D,M,8/30/1952 0:00,Lansdown,Stephen,Founder & Entrepreneur,4/4/2023 5:01,,,1952.0,8.0,30.0,,,,,,,,,,,,Financial services,1
1312,2300,Fashion & Retail,Kevin David Lehmann,20.0,,,Drugstores,Fashion & Retail,Germany,,False,D,M,9/1/2002 0:00,Lehmann,Kevin David,Heir & Major Shareholder,4/4/2023 5:01,,,2002.0,9.0,1.0,,,,,,,,,,,,Drugstores,1
1312,2300,Food & Beverage,Li Haiyan,,China,Chengdu,Restaurants,Food & Beverage,China,,True,U,F,,Li,Haiyan,Founder & Entrepreneur,4/4/2023 5:01,,,,,,125.08,2.9,"$19,910,000,000,000 ",50.6,100.2,77.0,9.4,59.2,1397715000.0,35.86166,104.195397,Restaurants,1
1312,2300,Finance & Investments,Hua Li,45.0,China,Shenzhen,Financial services,Finance & Investments,China,,True,U,M,1/1/1978 0:00,Li,Hua,Founder & Entrepreneur,4/4/2023 5:01,,,1978.0,1.0,1.0,125.08,2.9,"$19,910,000,000,000 ",50.6,100.2,77.0,9.4,59.2,1397715000.0,35.86166,104.195397,Financial services,1
1312,2300,Gambling & Casinos,Lim Kok Thay,71.0,Malaysia,Kuala Lumpur,Casinos,Gambling & Casinos,Malaysia,,False,U,M,8/16/1951 0:00,Lim,Kok Thay,Heir & Major Shareholder,4/4/2023 5:01,,,1951.0,8.0,16.0,121.46,0.7,"$364,701,517,788 ",45.1,105.3,76.0,12.0,38.7,32447385.0,4.210484,101.975766,Casinos,1
1312,2300,Food & Beverage,Kishore Mariwala,88.0,India,Mumbai,Consumer goods,Food & Beverage,India,,False,D,M,2/14/1935 0:00,Mariwala,Kishore,Heir & Major Shareholder,4/4/2023 5:01,,,1935.0,2.0,14.0,180.44,7.7,"$2,611,000,000,000 ",28.1,113.0,69.4,11.2,49.7,1366417754.0,20.593684,78.96288,Consumer goods,1
1312,2300,Food & Beverage,Clayton Mathile,82.0,United States,Brookville,Pet food,Food & Beverage,United States,,True,E,M,1/11/1941 0:00,Mathile,Clayton,Founder & Lead Investor & Pet,4/4/2023 5:01,Ohio,,1941.0,1.0,11.0,117.24,7.5,"$21,427,700,000,000 ",88.2,101.8,78.5,9.6,36.6,328239523.0,37.09024,-95.712891,Pet food,1
1312,2300,Fashion & Retail,Mi Enhua,65.0,China,Urumqi,Retail,Fashion & Retail,China,,True,D,M,4/1/1958 0:00,Mi,Enhua,Founder & Entrepreneur,4/4/2023 5:01,,,1958.0,4.0,1.0,125.08,2.9,"$19,910,000,000,000 ",50.6,100.2,77.0,9.4,59.2,1397715000.0,35.86166,104.195397,Retail,1
1312,2300,Food & Beverage,Vadim Moshkovich,55.0,Russia,Moscow,"Agriculture, land",Food & Beverage,Russia,,True,U,M,4/6/1967 0:00,Moshkovich,Vadim,Founder & Entrepreneur & Agriculture,4/4/2023 5:01,,,1967.0,4.0,6.0,180.75,4.5,"$1,699,876,578,871 ",81.9,102.6,72.7,11.4,46.2,144373535.0,61.52401,105.318756,"Agriculture, land",2
1312,2300,Food & Beverage,David Murdock,99.0,United States,Ventura,"Dole, real estate",Food & Beverage,United States,,True,E,M,4/10/1923 0:00,Murdock,David,Founder & Entrepreneur & Dole,4/4/2023 5:01,California,West,1923.0,4.0,10.0,117.24,7.5,"$21,427,700,000,000 ",88.2,101.8,78.5,9.6,36.6,328239523.0,37.09024,-95.712891,"Dole, real estate",2
1312,2300,Fashion & Retail,David Nahmad,75.0,United States,New York,Art collection,Fashion & Retail,Monaco,,True,U,M,4/14/1947 0:00,Nahmad,David,Founder & Entrepreneur & Art,4/4/2023 5:01,New York,Northeast,1947.0,4.0,14.0,117.24,7.5,"$21,427,700,000,000 ",88.2,101.8,78.5,9.6,36.6,328239523.0,37.09024,-95.712891,Art collection,1
1312,2300,Finance & Investments,Lirio Parisotto,69.0,Brazil,Manaus,Investments,Finance & Investments,Brazil,,True,D,M,12/18/1953 0:00,Parisotto,Lirio,Founder & Entrepreneur,4/4/2023 5:01,,,1953.0,12.0,18.0,167.4,3.7,"$1,839,758,040,766 ",51.3,115.4,75.7,14.2,65.1,212559417.0,-14.235004,-51.92528,Investments,1
1312,2300,Food & Beverage,Augusto Perfetti,,Switzerland,Lugano,Candy,Food & Beverage,Italy,,False,Split Family Fortune,M,,Perfetti,Augusto,Heir & Major Shareholder,4/4/2023 5:01,,,,,,99.55,0.4,"$703,082,435,360 ",59.6,105.2,83.6,10.1,28.8,8574832.0,46.818188,8.227512,Candy,1
1312,2300,Food & Beverage,Giorgio Perfetti,,Switzerland,Lugano,Candy,Food & Beverage,Italy,,False,Split Family Fortune,M,,Perfetti,Giorgio,Heir & Major Shareholder,4/4/2023 5:01,,,,,,99.55,0.4,"$703,082,435,360 ",59.6,105.2,83.6,10.1,28.8,8574832.0,46.818188,8.227512,Candy,1
1312,2300,Fashion & Retail,Alberto Prada,69.0,Italy,Milan,Luxury goods,Fashion & Retail,Italy,,False,U,M,2/21/1954 0:00,Prada,Alberto,Heir & Major Shareholder,4/4/2023 5:01,,,1954.0,2.0,21.0,110.62,0.6,"$2,001,244,392,042 ",61.9,101.9,82.9,24.3,59.1,60297396.0,41.87194,12.56738,Luxury goods,1
1312,2300,Fashion & Retail,Marina Prada,77.0,Italy,Milan,Luxury goods,Fashion & Retail,Italy,,False,U,F,7/14/1945 0:00,Prada,Marina,Heir & Major Shareholder,4/4/2023 5:01,,,1945.0,7.0,14.0,110.62,0.6,"$2,001,244,392,042 ",61.9,101.9,82.9,24.3,59.1,60297396.0,41.87194,12.56738,Luxury goods,1
1312,2300,Diversified,Filiz Sahenk,56.0,Turkey,Istanbul,Diversified,Diversified,Turkey,,False,U,F,2/14/1967 0:00,Sahenk,Filiz,Heir & Major Shareholder,4/4/2023 5:01,,,1967.0,2.0,14.0,234.44,15.2,"$754,411,708,203 ",23.9,93.2,77.4,17.9,42.3,83429615.0,38.963745,35.243322,Diversified,10
1312,2300,Food & Beverage,Richard Sands,72.0,United States,Delray Beach,Liquor,Food & Beverage,United States,,False,Split Family Fortune,M,3/3/1951 0:00,Sands,Richard,Heir & Major Shareholder,4/4/2023 5:01,Florida,South,1951.0,3.0,3.0,117.24,7.5,"$21,427,700,000,000 ",88.2,101.8,78.5,9.6,36.6,328239523.0,37.09024,-95.712891,Liquor,1
1312,2300,Finance & Investments,Stephan Schmidheiny,75.0,Switzerland,Hurden,Investments,Finance & Investments,Switzerland,,False,E,M,10/29/1947 0:00,Schmidheiny,Stephan,Heir & Major Shareholder,4/4/2023 5:01,,,1947.0,10.0,29.0,99.55,0.4,"$703,082,435,360 ",59.6,105.2,83.6,10.1,28.8,8574832.0,46.818188,8.227512,Investments,1
1312,2300,Healthcare,Alberto Siccardi & family,78.0,Switzerland,Lugano,Medical devices,Healthcare,Switzerland,,False,D,M,5/1/1944 0:00,Siccardi,Alberto,Controlling Shareholder & (Family Estate),4/4/2023 5:01,,,1944.0,5.0,1.0,99.55,0.4,"$703,082,435,360 ",59.6,105.2,83.6,10.1,28.8,8574832.0,46.818188,8.227512,Medical devices,1
1312,2300,Real Estate,Stefan Soloviev,47.0,United States,Delray Beach,"Real estate, grains",Real Estate,United States,,False,N,M,5/21/1975 0:00,Soloviev,Stefan,Heir & Major Shareholder & estate,4/4/2023 5:01,Florida,South,1975.0,5.0,21.0,117.24,7.5,"$21,427,700,000,000 ",88.2,101.8,78.5,9.6,36.6,328239523.0,37.09024,-95.712891,"Real estate, grains",2
1312,2300,Fashion & Retail,Tang Yiu,89.0,Hong Kong,Hong Kong,Fashion retail,Fashion & Retail,Hong Kong,,True,D,M,4/1/1934 0:00,Tang,Yiu,Founder & Entrepreneur,4/4/2023 5:01,,,1934.0,4.0,1.0,,,,,,,,,,,,Fashion retail,1
1312,2300,Technology,Tian Ming,69.0,China,Hefei,Measuring instruments,Technology,China,,True,U,M,12/20/1953 0:00,Tian,Ming,Founder & Entrepreneur,4/4/2023 5:01,,,1953.0,12.0,20.0,125.08,2.9,"$19,910,000,000,000 ",50.6,100.2,77.0,9.4,59.2,1397715000.0,35.86166,104.195397,Measuring instruments,1
1312,2300,Finance & Investments,T.Y. Tsai,70.0,Taiwan,Taipei,Finance,Finance & Investments,Taiwan,,False,D,M,1/1/1953 0:00,Tsai,T.Y.,Heir & Major Shareholder,4/4/2023 5:01,,,1953.0,1.0,1.0,,,,,,,,,,,,Finance,1
1312,2300,Technology,Jayshree Ullal,62.0,United States,Saratoga,Computer networking,Technology,United States,Arista,True,U,F,3/27/1961 0:00,Ullal,Jayshree,CEO,4/4/2023 5:01,California,West,1961.0,3.0,27.0,117.24,7.5,"$21,427,700,000,000 ",88.2,101.8,78.5,9.6,36.6,328239523.0,37.09024,-95.712891,"Arista, Computer networking",2
1312,2300,Finance & Investments,Georg von Opel,56.0,United Kingdom,London,"Real estate, investments",Finance & Investments,Switzerland,,False,U,M,5/4/1966 0:00,von Opel,Georg,Heir & Major Shareholder & estate,4/4/2023 5:01,,,1966.0,5.0,4.0,119.62,1.7,"$2,827,113,184,696 ",60.0,101.2,81.3,25.5,30.6,66834405.0,55.378051,-3.435973,"Real estate, investments",2
1312,2300,Real Estate,Lang Walker,77.0,Australia,Sydney,Real estate,Real Estate,Australia,,True,U,M,7/5/1945 0:00,Walker,Lang,Founder & Entrepreneur,4/4/2023 5:01,,,1945.0,7.0,5.0,119.8,1.6,"$1,392,680,589,329 ",113.1,100.3,82.7,23.0,47.4,25766605.0,-25.274398,133.775136,Real estate,1
1312,2300,Manufacturing,Xicheng Wang & family,74.0,China,Zhaoyuan,Tires,Manufacturing,China,,True,D,M,11/1/1948 0:00,Wang,Xicheng,Controlling Shareholder & (Family Estate),4/4/2023 5:01,,,1948.0,11.0,1.0,125.08,2.9,"$19,910,000,000,000 ",50.6,100.2,77.0,9.4,59.2,1397715000.0,35.86166,104.195397,Tires,1
1312,2300,Real Estate,Wang Zhenhua,61.0,China,Shanghai,Real estate,Real Estate,China,,True,D,M,3/1/1962 0:00,Wang,Zhenhua,Founder & Entrepreneur,4/4/2023 5:01,,,1962.0,3.0,1.0,125.08,2.9,"$19,910,000,000,000 ",50.6,100.2,77.0,9.4,59.2,1397715000.0,35.86166,104.195397,Real estate,1
1312,2300,Food & Beverage,Paul-Heinz Wesjohann & family,79.0,Germany,Rechterfeld,Chicken processing,Food & Beverage,Germany,,True,D,M,5/25/1943 0:00,Wesjohann,Paul-Heinz,Controlling Shareholder & (Family Estate),4/4/2023 5:01,,,1943.0,5.0,25.0,112.85,1.4,"$3,845,630,030,824 ",70.2,104.0,80.9,11.5,48.8,83132799.0,51.165691,10.451526,Chicken processing,1
1312,2300,Fashion & Retail,Xie Bingkun & family,56.0,China,Fuzhou,Pearlescent pigments,Fashion & Retail,China,,True,U,M,8/25/1966 0:00,Xie,Bingkun,Controlling Shareholder & (Family Estate),4/4/2023 5:01,,,1966.0,8.0,25.0,125.08,2.9,"$19,910,000,000,000 ",50.6,100.2,77.0,9.4,59.2,1397715000.0,35.86166,104.195397,Pearlescent pigments,1
1312,2300,Manufacturing,Xu Shugen,57.0,China,Hangzhou,"Construction, mining machinery",Manufacturing,China,,True,U,M,6/12/1965 0:00,Xu,Shugen,Founder & Entrepreneur & Construction,4/4/2023 5:01,,,1965.0,6.0,12.0,125.08,2.9,"$19,910,000,000,000 ",50.6,100.2,77.0,9.4,59.2,1397715000.0,35.86166,104.195397,"Construction, mining machinery",2
1312,2300,Healthcare,Christoph Zeller,65.0,Liechtenstein,Vaduz,Dental materials,Healthcare,Liechtenstein,,False,E,M,5/4/1957 0:00,Zeller,Christoph,Heir & Major Shareholder,4/4/2023 5:01,,,1957.0,5.0,4.0,,,"$6,552,858,739 ",35.6,104.7,83.0,,21.6,38019.0,47.1410392,9.520935,Dental materials,1
1312,2300,Manufacturing,Zhang Jingzhang & family,87.0,China,Ningbo,Precision machinery,Manufacturing,China,,True,U,M,1/1/1936 0:00,Zhang,Jingzhang,Controlling Shareholder & (Family Estate),4/4/2023 5:01,,,1936.0,1.0,1.0,125.08,2.9,"$19,910,000,000,000 ",50.6,100.2,77.0,9.4,59.2,1397715000.0,35.86166,104.195397,Precision machinery,1
1368,2200,Real Estate,George Argyros & family,86.0,United States,Newport Beach,"Real estate, investments",Real Estate,United States,Arnel & Affiliates,True,D,M,2/4/1937 0:00,Argyros,George,Controlling Shareholder & estate & (Family Estate),4/4/2023 5:01,California,West,1937.0,2.0,4.0,117.24,7.5,"$21,427,700,000,000 ",88.2,101.8,78.5,9.6,36.6,328239523.0,37.09024,-95.712891,"Arnel & Affiliates, Real estate, investments",3
1368,2200,Finance & Investments,Brian Armstrong,40.0,United States,San Francisco,Cryptocurrency,Finance & Investments,United States,,True,D,M,1/25/1983 0:00,Armstrong,Brian,Founder & Entrepreneur,4/4/2023 5:01,California,West,1983.0,1.0,25.0,117.24,7.5,"$21,427,700,000,000 ",88.2,101.8,78.5,9.6,36.6,328239523.0,37.09024,-95.712891,Cryptocurrency,1
1368,2200,Energy,Albert Avdolyan,52.0,Russia,Moscow,"Oil, mining",Energy,Russia,,True,R,M,11/8/1970 0:00,Avdolyan,Albert,Founder & Entrepreneur & Oil,4/4/2023 5:01,,,1970.0,11.0,8.0,180.75,4.5,"$1,699,876,578,871 ",81.9,102.6,72.7,11.4,46.2,144373535.0,61.52401,105.318756,"Oil, mining",2
1368,2200,Diversified,Sezai Bacaksiz,73.0,Turkey,Ankara,Diversified,Diversified,Turkey,,True,U,M,7/27/1949 0:00,Bacaksiz,Sezai,Founder & Entrepreneur,4/4/2023 5:01,,,1949.0,7.0,27.0,234.44,15.2,"$754,411,708,203 ",23.9,93.2,77.4,17.9,42.3,83429615.0,38.963745,35.243322,Diversified,10
1368,2200,Technology,Aneel Bhusri,57.0,United States,San Francisco,Business software,Technology,United States,Workday,True,D,M,2/4/1966 0:00,Bhusri,Aneel,Founder & Lead Investor,4/4/2023 5:01,California,West,1966.0,2.0,4.0,117.24,7.5,"$21,427,700,000,000 ",88.2,101.8,78.5,9.6,36.6,328239523.0,37.09024,-95.712891,"Business software, Workday",2
1368,2200,Fashion & Retail,Brett Blundy,63.0,Bahamas,Paradise Island,"Retail, agribusiness",Fashion & Retail,Australia,,True,E,M,1/17/1960 0:00,Blundy,Brett,Founder & Entrepreneur,4/4/2023 5:01,,,1960.0,1.0,17.0,,,,,,,,,,,,"Retail, agribusiness",2
1368,2200,Finance & Investments,J. Hyatt Brown,85.0,United States,Ormond Beach,Insurance,Finance & Investments,United States,,False,D,M,7/12/1937 0:00,Brown,J. Hyatt,Heir & Major Shareholder,4/4/2023 5:01,Florida,South,1937.0,7.0,12.0,117.24,7.5,"$21,427,700,000,000 ",88.2,101.8,78.5,9.6,36.6,328239523.0,37.09024,-95.712891,Insurance,1
1368,2200,Finance & Investments,Chen Jinxia,55.0,China,Shanghai,Investments,Finance & Investments,China,,False,D,F,3/28/1968 0:00,Chen,Jinxia,Heir & Major Shareholder,4/4/2023 5:01,,,1968.0,3.0,28.0,125.08,2.9,"$19,910,000,000,000 ",50.6,100.2,77.0,9.4,59.2,1397715000.0,35.86166,104.195397,Investments,1
1368,2200,Healthcare,Chen Xueli,71.0,China,Weihai,Pharmaceuticals,Healthcare,China,,True,U,M,10/1/1951 0:00,Chen,Xueli,Founder & Entrepreneur,4/4/2023 5:01,,,1951.0,10.0,1.0,125.08,2.9,"$19,910,000,000,000 ",50.6,100.2,77.0,9.4,59.2,1397715000.0,35.86166,104.195397,Pharmaceuticals,1
1368,2200,Finance & Investments,Dermot Desmond,72.0,Ireland,Dublin,Finance,Finance & Investments,Ireland,,True,U,M,7/1/1950 0:00,Desmond,Dermot,Founder & Entrepreneur,4/4/2023 5:01,,,1950.0,7.0,1.0,,,,,,,,,,,,Finance,1
1368,2200,Healthcare,Dong Wei,52.0,China,Lianyungang,Pharmaceuticals,Healthcare,China,,True,D,M,1/1/1971 0:00,Dong,Wei,Founder & Entrepreneur,4/4/2023 5:01,,,1971.0,1.0,1.0,125.08,2.9,"$19,910,000,000,000 ",50.6,100.2,77.0,9.4,59.2,1397715000.0,35.86166,104.195397,Pharmaceuticals,1
1368,2200,Fashion & Retail,Tom Ford,61.0,United States,Los Angeles,Fashion,Fashion & Retail,United States,,True,N,M,8/27/1961 0:00,Ford,Tom,Founder & Entrepreneur,4/4/2023 5:01,California,West,1961.0,8.0,27.0,117.24,7.5,"$21,427,700,000,000 ",88.2,101.8,78.5,9.6,36.6,328239523.0,37.09024,-95.712891,Fashion,1
1368,2200,Food & Beverage,Fu Guangming & family,69.0,China,Nanping,Poultry,Food & Beverage,China,,True,U,M,10/2/1953 0:00,Fu,Guangming,Controlling Shareholder & (Family Estate),4/4/2023 5:01,,,1953.0,10.0,2.0,125.08,2.9,"$19,910,000,000,000 ",50.6,100.2,77.0,9.4,59.2,1397715000.0,35.86166,104.195397,Poultry,1
1368,2200,Finance & Investments,Noam Gottesman,61.0,United States,New York,Hedge funds,Finance & Investments,United States,TOMS Capital,True,D,M,5/24/1961 0:00,Gottesman,Noam,Founder & Lead Investor,4/4/2023 5:01,New York,Northeast,1961.0,5.0,24.0,117.24,7.5,"$21,427,700,000,000 ",88.2,101.8,78.5,9.6,36.6,328239523.0,37.09024,-95.712891,"Hedge funds, TOMS Capital",2
1368,2200,Finance & Investments,Jeffrey Gundlach,64.0,United States,Los Angeles,Investments,Finance & Investments,United States,DoubleLine Capital,True,E,M,1/1/1959 0:00,Gundlach,Jeffrey,CEO,4/4/2023 5:01,California,West,1959.0,1.0,1.0,117.24,7.5,"$21,427,700,000,000 ",88.2,101.8,78.5,9.6,36.6,328239523.0,37.09024,-95.712891,"DoubleLine Capital, Investments",2
1368,2200,Healthcare,Hao Hong,67.0,China,Tianjin,Pharmaceuticals,Healthcare,United States,,True,D,M,1/1/1956 0:00,Hao,Hong,Founder & Entrepreneur,4/4/2023 5:01,,,1956.0,1.0,1.0,125.08,2.9,"$19,910,000,000,000 ",50.6,100.2,77.0,9.4,59.2,1397715000.0,35.86166,104.195397,Pharmaceuticals,1
1368,2200,Automotive,Shmuel Harlap,78.0,Israel,Tel Aviv,Automotive,Automotive,Israel,,False,U,M,11/13/1944 0:00,Harlap,Shmuel,Heir & Major Shareholder,4/4/2023 5:01,,,1944.0,11.0,13.0,108.15,0.8,"$395,098,666,122 ",63.4,104.9,82.8,23.1,25.3,9053300.0,31.046051,34.851612,Automotive,1
1368,2200,Technology,Hans-Werner Hector,83.0,Germany,Weinheim,SAP,Technology,Germany,,True,D,M,1/17/1940 0:00,Hector,Hans-Werner,Founder & Entrepreneur & SAP,4/4/2023 5:01,,,1940.0,1.0,17.0,112.85,1.4,"$3,845,630,030,824 ",70.2,104.0,80.9,11.5,48.8,83132799.0,51.165691,10.451526,SAP,1
1368,2200,Healthcare,Lutz Mario Helmig & family,76.0,Germany,Grebenhain,Hospitals,Healthcare,Germany,,True,U,M,8/29/1946 0:00,Helmig,Lutz Mario,Controlling Shareholder & (Family Estate),4/4/2023 5:01,,,1946.0,8.0,29.0,112.85,1.4,"$3,845,630,030,824 ",70.2,104.0,80.9,11.5,48.8,83132799.0,51.165691,10.451526,Hospitals,1
1368,2200,Real Estate,Chulong Huang,64.0,China,Shenzhen,Real estate,Real Estate,Canada,,True,D,M,1/1/1959 0:00,Huang,Chulong,Founder & Entrepreneur,4/4/2023 5:01,,,1959.0,1.0,1.0,125.08,2.9,"$19,910,000,000,000 ",50.6,100.2,77.0,9.4,59.2,1397715000.0,35.86166,104.195397,Real estate,1
1368,2200,Finance & Investments,Thomas James,80.0,United States,Saint Petersburg,Finance,Finance & Investments,United States,,False,U,M,5/10/1942 0:00,James,Thomas,Heir & Major Shareholder,4/4/2023 5:01,Florida,South,1942.0,5.0,10.0,117.24,7.5,"$21,427,700,000,000 ",88.2,101.8,78.5,9.6,36.6,328239523.0,37.09024,-95.712891,Finance,1
1368,2200,Fashion & Retail,James Jannard,73.0,United States,San Juan Islands,Sunglasses,Fashion & Retail,United States,,True,D,M,6/8/1949 0:00,Jannard,James,Founder & Entrepreneur,4/4/2023 5:01,Washington,West,1949.0,6.0,8.0,117.24,7.5,"$21,427,700,000,000 ",88.2,101.8,78.5,9.6,36.6,328239523.0,37.09024,-95.712891,Sunglasses,1
1368,2200,Automotive,Willis Johnson,75.0,United States,Franklin,Damaged cars,Automotive,United States,,True,U,M,5/26/1947 0:00,Johnson,Willis,Founder & Entrepreneur,4/4/2023 5:01,Tennessee,South,1947.0,5.0,26.0,117.24,7.5,"$21,427,700,000,000 ",88.2,101.8,78.5,9.6,36.6,328239523.0,37.09024,-95.712891,Damaged cars,1
1368,2200,Fashion & Retail,Lai Shixian,48.0,China,Quanzhou,Sports apparel,Fashion & Retail,China,,True,U,M,1/1/1975 0:00,Lai,Shixian,Founder & Entrepreneur,4/4/2023 5:01,,,1975.0,1.0,1.0,125.08,2.9,"$19,910,000,000,000 ",50.6,100.2,77.0,9.4,59.2,1397715000.0,35.86166,104.195397,Sports apparel,1
1368,2200,Finance & Investments,Chris Larsen,62.0,United States,San Francisco,Cryptocurrency,Finance & Investments,United States,,True,D,M,6/15/1960 0:00,Larsen,Chris,Founder & Entrepreneur,4/4/2023 5:01,California,West,1960.0,6.0,15.0,117.24,7.5,"$21,427,700,000,000 ",88.2,101.8,78.5,9.6,36.6,328239523.0,37.09024,-95.712891,Cryptocurrency,1
1368,2200,Fashion & Retail,Solomon Lew,78.0,Australia,Melbourne,Retail,Fashion & Retail,Australia,,True,D,M,3/22/1945 0:00,Lew,Solomon,Founder & Entrepreneur,4/4/2023 5:01,,,1945.0,3.0,22.0,119.8,1.6,"$1,392,680,589,329 ",113.1,100.3,82.7,23.0,47.4,25766605.0,-25.274398,133.775136,Retail,1
1368,2200,Diversified,Liang Xinjun,54.0,Singapore,Singapore,Conglomerate,Diversified,Singapore,,True,E,M,10/1/1968 0:00,Liang,Xinjun,Founder & Entrepreneur,4/4/2023 5:01,,,1968.0,10.0,1.0,114.41,0.6,"$372,062,527,489 ",84.8,100.6,83.1,13.1,21.0,5703569.0,1.352083,103.819836,Conglomerate,1
1368,2200,Diversified,Harald Link,68.0,Thailand,Bangkok,Diversified,Diversified,Thailand,,False,U,M,1/12/1955 0:00,Link,Harald,Heir & Major Shareholder,4/4/2023 5:01,,,1955.0,1.0,12.0,113.27,0.7,"$543,649,976,166 ",49.3,99.8,76.9,14.9,29.5,69625582.0,15.870032,100.992541,Diversified,10
1368,2200,Technology,Max Lytvyn,43.0,United States,San Francisco,Software,Technology,Canada,,True,D,M,1/1/1980 0:00,Lytvyn,Max,Founder & Entrepreneur,4/4/2023 5:01,California,West,1980.0,1.0,1.0,117.24,7.5,"$21,427,700,000,000 ",88.2,101.8,78.5,9.6,36.6,328239523.0,37.09024,-95.712891,Software,1
1368,2200,Energy,Igor Makarov,60.0,United States,Miami,Investments,Energy,Cyprus,,True,U,M,4/15/1962 0:00,Makarov,Igor,Founder & Entrepreneur,4/4/2023 5:01,Florida,South,1962.0,4.0,15.0,117.24,7.5,"$21,427,700,000,000 ",88.2,101.8,78.5,9.6,36.6,328239523.0,37.09024,-95.712891,Investments,1
1368,2200,Finance & Investments,Howard Marks,76.0,United States,New York,Private equity,Finance & Investments,United States,Oaktree Capital Group LLC,True,E,M,4/23/1946 0:00,Marks,Howard,Chairman,4/4/2023 5:01,New York,Northeast,1946.0,4.0,23.0,117.24,7.5,"$21,427,700,000,000 ",88.2,101.8,78.5,9.6,36.6,328239523.0,37.09024,-95.712891,"Oaktree Capital Group LLC, Private equity",2
1368,2200,Finance & Investments,Charles Munger,99.0,United States,Los Angeles,Berkshire Hathaway,Finance & Investments,United States,Berkshire Hathaway Inc. (Cl A),True,D,M,1/1/1924 0:00,Munger,Charles,Vice Chairman,4/4/2023 5:01,California,West,1924.0,1.0,1.0,117.24,7.5,"$21,427,700,000,000 ",88.2,101.8,78.5,9.6,36.6,328239523.0,37.09024,-95.712891,"Berkshire Hathaway, Berkshire Hathaway Inc. (Cl A)",2
1368,2200,Real Estate,Adam Neumann,44.0,United States,Miami,WeWork,Real Estate,Israel,,True,U,M,4/1/1979 0:00,Neumann,Adam,Founder & Entrepreneur,4/4/2023 5:01,Florida,South,1979.0,4.0,1.0,117.24,7.5,"$21,427,700,000,000 ",88.2,101.8,78.5,9.6,36.6,328239523.0,37.09024,-95.712891,WeWork,1
1368,2200,Diversified,Thi Phuong Thao Nguyen,52.0,Vietnam,Ho Chi Minh City,Airlines,Diversified,Vietnam,Sovico Holdings,True,D,F,6/7/1970 0:00,Nguyen,Thi Phuong Thao,Cofounder and Chairman,4/4/2023 5:01,,,1970.0,6.0,7.0,163.52,2.8,"$261,921,244,843 ",28.5,110.6,75.3,19.1,37.6,96462106.0,14.058324,108.277199,"Airlines, Sovico Holdings",2
1368,2200,Food & Beverage,Ni Yongpei & family,71.0,China,Liuan,Beverages,Food & Beverage,China,,True,D,M,1/23/1952 0:00,Ni,Yongpei,Controlling Shareholder & (Family Estate),4/4/2023 5:01,,,1952.0,1.0,23.0,125.08,2.9,"$19,910,000,000,000 ",50.6,100.2,77.0,9.4,59.2,1397715000.0,35.86166,104.195397,Beverages,1
1368,2200,Manufacturing,Heloise Pratt,60.0,Australia,Melbourne,"Manufacturing, investment",Manufacturing,Australia,,False,D,F,9/13/1962 0:00,Pratt,Heloise,Heir & Major Shareholder & Manufacturing,4/4/2023 5:01,,,1962.0,9.0,13.0,119.8,1.6,"$1,392,680,589,329 ",113.1,100.3,82.7,23.0,47.4,25766605.0,-25.274398,133.775136,"Manufacturing, investment",2
1368,2200,Technology,Qi Xiangdong,52.0,China,Beijing,Software,Technology,China,,True,U,M,10/1/1970 0:00,Qi,Xiangdong,Founder & Entrepreneur,4/4/2023 5:01,,,1970.0,10.0,1.0,125.08,2.9,"$19,910,000,000,000 ",50.6,100.2,77.0,9.4,59.2,1397715000.0,35.86166,104.195397,Software,1
1368,2200,Technology,Phillip T. (Terry) Ragon,73.0,United States,Boston,Health IT,Technology,United States,,True,U,M,6/1/1949 0:00,Ragon,Phillip T. (Terry),Founder & Entrepreneur & IT,4/4/2023 5:01,Massachusetts,Northeast,1949.0,6.0,1.0,117.24,7.5,"$21,427,700,000,000 ",88.2,101.8,78.5,9.6,36.6,328239523.0,37.09024,-95.712891,Health IT,1
1368,2200,Healthcare,Prathap Reddy,91.0,India,Chennai,Healthcare,Healthcare,India,,True,D,M,2/5/1932 0:00,Reddy,Prathap,Founder & Entrepreneur,4/4/2023 5:01,,,1932.0,2.0,5.0,180.44,7.7,"$2,611,000,000,000 ",28.1,113.0,69.4,11.2,49.7,1366417754.0,20.593684,78.96288,Healthcare,1
1368,2200,Sports,Jerry Reinsdorf,87.0,United States,Chicago,Sports teams,Sports,United States,,True,U,M,2/25/1936 0:00,Reinsdorf,Jerry,Founder & Entrepreneur,4/4/2023 5:01,Illinois,Midwest,1936.0,2.0,25.0,117.24,7.5,"$21,427,700,000,000 ",88.2,101.8,78.5,9.6,36.6,328239523.0,37.09024,-95.712891,Sports teams,1
1368,2200,Technology,Chad Richison,52.0,United States,Edmond,Payroll processing,Technology,United States,,True,D,M,10/10/1970 0:00,Richison,Chad,Founder & Entrepreneur,4/4/2023 5:01,Oklahoma,South,1970.0,10.0,10.0,117.24,7.5,"$21,427,700,000,000 ",88.2,101.8,78.5,9.6,36.6,328239523.0,37.09024,-95.712891,Payroll processing,1
1368,2200,Fashion & Retail,"Karl Scheufele, III. & family",84.0,Switzerland,Geneva,Jewelry,Fashion & Retail,Switzerland,,True,U,M,1/1/1939 0:00,Scheufele,Karl,Controlling Shareholder & (Family Estate),4/4/2023 5:01,,,1939.0,1.0,1.0,99.55,0.4,"$703,082,435,360 ",59.6,105.2,83.6,10.1,28.8,8574832.0,46.818188,8.227512,Jewelry,1
1368,2200,Healthcare,Alice Schwartz,96.0,United States,El Cerrito,Biotech,Healthcare,United States,,True,U,F,7/2/1926 0:00,Schwartz,Alice,Founder & Entrepreneur,4/4/2023 5:01,California,West,1926.0,7.0,2.0,117.24,7.5,"$21,427,700,000,000 ",88.2,101.8,78.5,9.6,36.6,328239523.0,37.09024,-95.712891,Biotech,1
1368,2200,Technology,Alex Shevchenko,43.0,Canada,,Software,Technology,Canada,,True,D,M,1/1/1980 0:00,Shevchenko,Alex,Founder & Entrepreneur,4/4/2023 5:01,,,1980.0,1.0,1.0,116.76,1.9,"$1,736,425,629,520 ",68.9,100.9,81.9,12.8,24.5,36991981.0,56.130366,-106.346771,Software,1
1368,2200,Technology,Kavitark Ram Shriram,66.0,United States,Menlo Park,"Venture capital, Google",Technology,United States,Sherpalo Ventures,True,D,M,1/21/1957 0:00,Shriram,Kavitark Ram,Founder & Lead Investor & capital,4/4/2023 5:01,California,West,1957.0,1.0,21.0,117.24,7.5,"$21,427,700,000,000 ",88.2,101.8,78.5,9.6,36.6,328239523.0,37.09024,-95.712891,"Google, Sherpalo Ventures, Venture capital",3
1368,2200,Real Estate,Jeffrey Soffer,55.0,United States,Aventura,Real estate,Real Estate,United States,,False,N,M,12/13/1967 0:00,Soffer,Jeffrey,Heir & Major Shareholder,4/4/2023 5:01,Florida,South,1967.0,12.0,13.0,117.24,7.5,"$21,427,700,000,000 ",88.2,101.8,78.5,9.6,36.6,328239523.0,37.09024,-95.712891,Real estate,1
1368,2200,Technology,William Stone,67.0,United States,East Lyme,Software,Technology,United States,,True,D,M,4/9/1955 0:00,Stone,William,Founder & Entrepreneur,4/4/2023 5:01,Connecticut,Northeast,1955.0,4.0,9.0,117.24,7.5,"$21,427,700,000,000 ",88.2,101.8,78.5,9.6,36.6,328239523.0,37.09024,-95.712891,Software,1
1368,2200,Finance & Investments,Henry Swieca,65.0,United States,New York,Hedge funds,Finance & Investments,United States,Talpion Fund Management,True,U,M,5/9/1957 0:00,Swieca,Henry,Founder,4/4/2023 5:01,New York,Northeast,1957.0,5.0,9.0,117.24,7.5,"$21,427,700,000,000 ",88.2,101.8,78.5,9.6,36.6,328239523.0,37.09024,-95.712891,"Hedge funds, Talpion Fund Management",2
1368,2200,Diversified,Harley Sy,63.0,Philippines,Manila,Diversified,Diversified,Philippines,,False,D,M,6/1/1959 0:00,Sy,Harley,Heir & Major Shareholder,4/4/2023 5:01,,,1959.0,6.0,1.0,129.61,2.5,"$376,795,508,680 ",35.5,107.5,71.1,14.0,43.1,108116615.0,12.879721,121.774017,Diversified,10
1368,2200,Diversified,Teresita Sy-Coson,72.0,Philippines,Manila,Diversified,Diversified,Philippines,,False,D,F,10/1/1950 0:00,Sy-Coson,Teresita,Heir & Major Shareholder,4/4/2023 5:01,,,1950.0,10.0,1.0,129.61,2.5,"$376,795,508,680 ",35.5,107.5,71.1,14.0,43.1,108116615.0,12.879721,121.774017,Diversified,10
1368,2200,Real Estate,Katsumi Tada,77.0,Japan,Tokyo,Real estate,Real Estate,Japan,,True,D,M,7/12/1945 0:00,Tada,Katsumi,Founder & Entrepreneur,4/4/2023 5:01,,,1945.0,7.0,12.0,105.48,0.5,"$5,081,769,542,380 ",63.2,98.8,84.2,11.9,46.7,126226568.0,36.204824,138.252924,Real estate,1
1368,2200,Manufacturing,Tang Jinkui & family,67.0,China,Suzhou,"Textiles, petrochemicals",Manufacturing,China,,True,D,M,9/19/1955 0:00,Tang,Jinkui,Controlling Shareholder & Textiles & (Family Estate),4/4/2023 5:01,,,1955.0,9.0,19.0,125.08,2.9,"$19,910,000,000,000 ",50.6,100.2,77.0,9.4,59.2,1397715000.0,35.86166,104.195397,"Textiles, petrochemicals",2
1368,2200,Technology,Tang Xiao'ou,55.0,China,Shanghai,Software,Technology,Hong Kong,,True,D,M,1/1/1968 0:00,Tang,Xiao'ou,Founder & Entrepreneur,4/4/2023 5:01,,,1968.0,1.0,1.0,125.08,2.9,"$19,910,000,000,000 ",50.6,100.2,77.0,9.4,59.2,1397715000.0,35.86166,104.195397,Software,1
1368,2200,Fashion & Retail,Lottie Tham & family,73.0,Sweden,Stockholm,H&M,Fashion & Retail,Sweden,,False,D,F,4/18/1949 0:00,Tham,Lottie,Controlling Shareholder & H&M (Family Estate),4/4/2023 5:01,,,1949.0,4.0,18.0,110.51,1.8,"$530,832,908,738 ",67.0,126.6,82.5,27.9,49.1,10285453.0,60.128161,18.643501,H&M,1
1368,2200,Healthcare,Shamsheer Vayalil,46.0,United Arab Emirates,Abu Dhabi,Healthcare,Healthcare,India,,False,R,M,1/11/1977 0:00,Vayalil,Shamsheer,Heir & Major Shareholder,4/4/2023 5:01,,,1977.0,1.0,11.0,114.52,-1.9,"$421,142,267,938 ",36.8,108.4,77.8,0.1,15.9,9770529.0,23.424076,53.847818,Healthcare,1
1368,2200,Technology,Radha Vembu,50.0,India,Chennai,Business software,Technology,India,,False,U,F,12/24/1972 0:00,Vembu,Radha,Heir & Major Shareholder,4/4/2023 5:01,,,1972.0,12.0,24.0,180.44,7.7,"$2,611,000,000,000 ",28.1,113.0,69.4,11.2,49.7,1366417754.0,20.593684,78.96288,Business software,1
1368,2200,Fashion & Retail,Wang Wenmo,66.0,China,Quanzhou,Sports apparel,Fashion & Retail,China,,True,U,M,1/1/1957 0:00,Wang,Wenmo,Founder & Entrepreneur,4/4/2023 5:01,,,1957.0,1.0,1.0,125.08,2.9,"$19,910,000,000,000 ",50.6,100.2,77.0,9.4,59.2,1397715000.0,35.86166,104.195397,Sports apparel,1
1368,2200,Service,Wang Zhenghua,78.0,China,Shanghai,Budget airline,Service,China,,True,U,M,4/25/1944 0:00,Wang,Zhenghua,Founder & Entrepreneur,4/4/2023 5:01,,,1944.0,4.0,25.0,125.08,2.9,"$19,910,000,000,000 ",50.6,100.2,77.0,9.4,59.2,1397715000.0,35.86166,104.195397,Budget airline,1
1368,2200,Food & Beverage,David Wertheim,65.0,Israel,,Coca-Cola Israel,Food & Beverage,Israel,,False,D,M,1/1/1958 0:00,Wertheim,David,Heir & Major Shareholder,4/4/2023 5:01,,,1958.0,1.0,1.0,108.15,0.8,"$395,098,666,122 ",63.4,104.9,82.8,23.1,25.3,9053300.0,31.046051,34.851612,Coca-Cola Israel,1
1368,2200,Energy,Kai Wu,55.0,China,Ningde,Batteries,Energy,China,,True,D,M,1/1/1968 0:00,Wu,Kai,Founder & Entrepreneur,4/4/2023 5:01,,,1968.0,1.0,1.0,125.08,2.9,"$19,910,000,000,000 ",50.6,100.2,77.0,9.4,59.2,1397715000.0,35.86166,104.195397,Batteries,1
1368,2200,Food & Beverage,Xu Yingzhuo,55.0,China,Guangzhou,Agribusiness,Food & Beverage,China,,True,D,M,1/1/1968 0:00,Xu,Yingzhuo,Founder & Entrepreneur,4/4/2023 5:01,,,1968.0,1.0,1.0,125.08,2.9,"$19,910,000,000,000 ",50.6,100.2,77.0,9.4,59.2,1397715000.0,35.86166,104.195397,Agribusiness,1
1368,2200,Manufacturing,Yeung Kin-man,59.0,Hong Kong,Hong Kong,Electronics,Manufacturing,Hong Kong,,True,D,M,4/1/1964 0:00,Yeung,Kin-man,Founder & Entrepreneur,4/4/2023 5:01,,,1964.0,4.0,1.0,,,,,,,,,,,,Electronics,1
1368,2200,Logistics,Huijiao Yu,57.0,China,Shanghai,Package delivery,Logistics,China,Shanghai YTO Express (Logistics),True,D,M,4/1/1966 0:00,Yu,Huijiao,Founder and Chairman,4/4/2023 5:01,,,1966.0,4.0,1.0,125.08,2.9,"$19,910,000,000,000 ",50.6,100.2,77.0,9.4,59.2,1397715000.0,35.86166,104.195397,"Package delivery, Shanghai YTO Express (Logistics)",2
1368,2200,Finance & Investments,Oren Zeev,58.0,United States,Los Altos,Investments,Finance & Investments,Israel,,True,D,M,9/23/1964 0:00,Zeev,Oren,Founder & Entrepreneur,4/4/2023 5:01,California,West,1964.0,9.0,23.0,117.24,7.5,"$21,427,700,000,000 ",88.2,101.8,78.5,9.6,36.6,328239523.0,37.09024,-95.712891,Investments,1
1368,2200,Manufacturing,Clayton Zekelman,54.0,Canada,Windsor,Steel,Manufacturing,Canada,,False,U,M,1/1/1969 0:00,Zekelman,Clayton,Heir & Major Shareholder,4/4/2023 5:01,,,1969.0,1.0,1.0,116.76,1.9,"$1,736,425,629,520 ",68.9,100.9,81.9,12.8,24.5,36991981.0,56.130366,-106.346771,Steel,1
1368,2200,Energy,Zhao Fenggang,57.0,China,Ningde,Batteries,Energy,China,,True,D,M,1/1/1966 0:00,Zhao,Fenggang,Founder & Entrepreneur,4/4/2023 5:01,,,1966.0,1.0,1.0,125.08,2.9,"$19,910,000,000,000 ",50.6,100.2,77.0,9.4,59.2,1397715000.0,35.86166,104.195397,Batteries,1
1434,2100,Metals & Mining,Alex Beard,55.0,United Kingdom,London,"Mining, commodities",Metals & Mining,United Kingdom,,True,D,M,8/3/1967 0:00,Beard,Alex,Founder & Entrepreneur & Mining,4/4/2023 5:01,,,1967.0,8.0,3.0,119.62,1.7,"$2,827,113,184,696 ",60.0,101.2,81.3,25.5,30.6,66834405.0,55.378051,-3.435973,"Mining, commodities",2
1434,2100,Food & Beverage,Travis Boersma,52.0,United States,Grants Pass,Coffee,Food & Beverage,United States,,True,D,M,1/1/1971 0:00,Boersma,Travis,Founder & Entrepreneur,4/4/2023 5:01,Oregon,West,1971.0,1.0,1.0,117.24,7.5,"$21,427,700,000,000 ",88.2,101.8,78.5,9.6,36.6,328239523.0,37.09024,-95.712891,Coffee,1
1434,2100,Construction & Engineering,Martin Bouygues,,France,Paris,"Construction, media",Construction & Engineering,France,,False,Split Family Fortune,M,,Bouygues,Martin,Heir & Major Shareholder & Construction,4/4/2023 5:01,,,,,,110.05,1.1,"$2,715,518,274,227 ",65.6,102.5,82.5,24.2,60.7,67059887.0,46.227638,2.213749,"Construction, media",2
1434,2100,Construction & Engineering,Olivier Bouygues,72.0,,,"Construction, media",Construction & Engineering,France,,False,Split Family Fortune,M,9/14/1950 0:00,Bouygues,Olivier,Heir & Major Shareholder & Construction,4/4/2023 5:01,,,1950.0,9.0,14.0,,,,,,,,,,,,"Construction, media",2
1434,2100,Gambling & Casinos,William Boyd & family,91.0,United States,Las Vegas,"Casinos, banking",Gambling & Casinos,United States,,True,D,M,11/4/1931 0:00,Boyd,William,Controlling Shareholder & Casinos & (Family Estate),4/4/2023 5:01,Nevada,West,1931.0,11.0,4.0,117.24,7.5,"$21,427,700,000,000 ",88.2,101.8,78.5,9.6,36.6,328239523.0,37.09024,-95.712891,"Casinos, banking",2
1434,2100,Food & Beverage,Anand Burman,70.0,India,Delhi,Consumer goods,Food & Beverage,India,,False,D,M,5/5/1952 0:00,Burman,Anand,Heir & Major Shareholder,4/4/2023 5:01,,,1952.0,5.0,5.0,180.44,7.7,"$2,611,000,000,000 ",28.1,113.0,69.4,11.2,49.7,1366417754.0,20.593684,78.96288,Consumer goods,1
1434,2100,Manufacturing,Cao Ji,71.0,China,Hangzhou,Manufacturing,Manufacturing,China,,True,D,M,1/1/1952 0:00,Cao,Ji,Founder & Entrepreneur,4/4/2023 5:01,,,1952.0,1.0,1.0,125.08,2.9,"$19,910,000,000,000 ",50.6,100.2,77.0,9.4,59.2,1397715000.0,35.86166,104.195397,Manufacturing,1
1434,2100,Technology,Bruce Cheng,86.0,Taiwan,Taipei,Electronics,Technology,Taiwan,,True,E,M,11/3/1936 0:00,Cheng,Bruce,Founder & Entrepreneur,4/4/2023 5:01,,,1936.0,11.0,3.0,,,,,,,,,,,,Electronics,1
1434,2100,Technology,Chi Yufeng,52.0,China,Beijing,Software,Technology,China,,False,U,M,1/1/1971 0:00,Chi,Yufeng,Heir & Major Shareholder,4/4/2023 5:01,,,1971.0,1.0,1.0,125.08,2.9,"$19,910,000,000,000 ",50.6,100.2,77.0,9.4,59.2,1397715000.0,35.86166,104.195397,Software,1
1434,2100,Energy,Daniel Chiu,62.0,Hong Kong,Hong Kong,Oil & gas,Energy,Hong Kong,,True,U,M,11/30/1960 0:00,Chiu,Daniel,Founder & Entrepreneur & Oil & gas,4/4/2023 5:01,,,1960.0,11.0,30.0,,,,,,,,,,,,Oil & gas,1
1434,2100,Healthcare,Beda Diethelm,82.0,Switzerland,Zurich,Hearing aids,Healthcare,Switzerland,,True,D,M,1/1/1941 0:00,Diethelm,Beda,Founder & Entrepreneur,4/4/2023 5:01,,,1941.0,1.0,1.0,99.55,0.4,"$703,082,435,360 ",59.6,105.2,83.6,10.1,28.8,8574832.0,46.818188,8.227512,Hearing aids,1
1434,2100,Fashion & Retail,Domenico Dolce,64.0,Italy,Milan,Luxury goods,Fashion & Retail,Italy,,True,U,M,8/13/1958 0:00,Dolce,Domenico,Founder & Entrepreneur,4/4/2023 5:01,,,1958.0,8.0,13.0,110.62,0.6,"$2,001,244,392,042 ",61.9,101.9,82.9,24.3,59.1,60297396.0,41.87194,12.56738,Luxury goods,1
1434,2100,Technology,Ralph Dommermuth,59.0,Germany,Montabaur,Internet service provider,Technology,Germany,,True,D,M,11/19/1963 0:00,Dommermuth,Ralph,Founder & Entrepreneur,4/4/2023 5:01,,,1963.0,11.0,19.0,112.85,1.4,"$3,845,630,030,824 ",70.2,104.0,80.9,11.5,48.8,83132799.0,51.165691,10.451526,Internet service provider,1
1434,2100,Diversified,Georgi Domuschiev,50.0,United Kingdom,London,"Animal health, investments",Diversified,Bulgaria,,True,U,M,8/6/1972 0:00,Domuschiev,Georgi,Founder & Entrepreneur & health,4/4/2023 5:01,,,1972.0,8.0,6.0,119.62,1.7,"$2,827,113,184,696 ",60.0,101.2,81.3,25.5,30.6,66834405.0,55.378051,-3.435973,"Animal health, investments",2
1434,2100,Diversified,Kiril Domuschiev,53.0,United Kingdom,London,"Animal health, investments",Diversified,Bulgaria,,True,U,M,4/18/1969 0:00,Domuschiev,Kiril,Founder & Entrepreneur & health,4/4/2023 5:01,,,1969.0,4.0,18.0,119.62,1.7,"$2,827,113,184,696 ",60.0,101.2,81.3,25.5,30.6,66834405.0,55.378051,-3.435973,"Animal health, investments",2
1434,2100,Real Estate,Bob Ell,78.0,Australia,Surfers Paradise,Real estate,Real Estate,Australia,,True,E,M,12/22/1944 0:00,Ell,Bob,Founder & Entrepreneur,4/4/2023 5:01,,,1944.0,12.0,22.0,119.8,1.6,"$1,392,680,589,329 ",113.1,100.3,82.7,23.0,47.4,25766605.0,-25.274398,133.775136,Real estate,1
1434,2100,Energy,Paul Foster,65.0,United States,El Paso,Oil refining,Energy,United States,Western Refining,True,U,M,10/8/1957 0:00,Foster,Paul,Chairman & Oil,4/4/2023 5:01,Texas,South,1957.0,10.0,8.0,117.24,7.5,"$21,427,700,000,000 ",88.2,101.8,78.5,9.6,36.6,328239523.0,37.09024,-95.712891,"Oil refining, Western Refining",2
1434,2100,Fashion & Retail,Stefano Gabbana,60.0,Italy,Milan,Luxury goods,Fashion & Retail,Italy,,True,U,M,11/14/1962 0:00,Gabbana,Stefano,Founder & Entrepreneur,4/4/2023 5:01,,,1962.0,11.0,14.0,110.62,0.6,"$2,001,244,392,042 ",61.9,101.9,82.9,24.3,59.1,60297396.0,41.87194,12.56738,Luxury goods,1
1434,2100,Manufacturing,Xingjiang Gao,59.0,China,Huzhou,Steel,Manufacturing,China,,True,D,M,11/1/1963 0:00,Gao,Xingjiang,Founder & Entrepreneur,4/4/2023 5:01,,,1963.0,11.0,1.0,125.08,2.9,"$19,910,000,000,000 ",50.6,100.2,77.0,9.4,59.2,1397715000.0,35.86166,104.195397,Steel,1
1434,2100,Energy,Gordon Getty,89.0,United States,San Francisco,Getty Oil,Energy,United States,Ann & Gordon Getty Foundation,False,E,M,12/20/1933 0:00,Getty,Gordon,President and Chairman,4/4/2023 5:01,California,West,1933.0,12.0,20.0,117.24,7.5,"$21,427,700,000,000 ",88.2,101.8,78.5,9.6,36.6,328239523.0,37.09024,-95.712891,"Ann & Gordon Getty Foundation, Getty Oil",2
1434,2100,Energy,Kamal Ghaffarian,64.0,United States,Naples,"Space, energy",Energy,United States,,True,N,M,4/28/1958 0:00,Ghaffarian,Kamal,Founder & Entrepreneur & Space,4/4/2023 5:01,Florida,South,1958.0,4.0,28.0,117.24,7.5,"$21,427,700,000,000 ",88.2,101.8,78.5,9.6,36.6,328239523.0,37.09024,-95.712891,"Space, energy",2
1434,2100,Healthcare,Dennis Gillings,78.0,United States,Durham,Clinical trials,Healthcare,United Kingdom,,True,E,M,4/25/1944 0:00,Gillings,Dennis,Founder & Entrepreneur,4/4/2023 5:01,North Carolina,South,1944.0,4.0,25.0,117.24,7.5,"$21,427,700,000,000 ",88.2,101.8,78.5,9.6,36.6,328239523.0,37.09024,-95.712891,Clinical trials,1
1434,2100,Diversified,Harsh Goenka,65.0,India,Mumbai,Diversified,Diversified,India,,False,E,M,12/10/1957 0:00,Goenka,Harsh,Heir & Major Shareholder,4/4/2023 5:01,,,1957.0,12.0,10.0,180.44,7.7,"$2,611,000,000,000 ",28.1,113.0,69.4,11.2,49.7,1366417754.0,20.593684,78.96288,Diversified,10
1434,2100,Diversified,Sanjiv Goenka,62.0,India,Kolkata,Diversified,Diversified,India,,False,D,M,1/29/1961 0:00,Goenka,Sanjiv,Heir & Major Shareholder,4/4/2023 5:01,,,1961.0,1.0,29.0,180.44,7.7,"$2,611,000,000,000 ",28.1,113.0,69.4,11.2,49.7,1366417754.0,20.593684,78.96288,Diversified,10
1434,2100,Real Estate,Jane Goldman,67.0,United States,New York,Real estate,Real Estate,United States,,False,D,F,7/29/1955 0:00,Goldman,Jane,Heir & Major Shareholder,4/4/2023 5:01,New York,Northeast,1955.0,7.0,29.0,117.24,7.5,"$21,427,700,000,000 ",88.2,101.8,78.5,9.6,36.6,328239523.0,37.09024,-95.712891,Real estate,1
1434,2100,Fashion & Retail,Stein Erik Hagen,66.0,Norway,Oslo,Consumer goods,Fashion & Retail,Norway,,True,D,M,7/22/1956 0:00,Hagen,Stein Erik,Founder & Entrepreneur,4/4/2023 5:01,,,1956.0,7.0,22.0,120.27,2.2,"$403,336,363,636 ",82.0,100.3,82.8,23.9,36.2,5347896.0,60.472024,8.468946,Consumer goods,1
1434,2100,Real Estate,Bahaa Hariri,56.0,Switzerland,Geneva,"Real estate, investments",Real Estate,Lebanon,,False,E,M,4/26/1966 0:00,Hariri,Bahaa,Heir & Major Shareholder & estate,4/4/2023 5:01,,,1966.0,4.0,26.0,99.55,0.4,"$703,082,435,360 ",59.6,105.2,83.6,10.1,28.8,8574832.0,46.818188,8.227512,"Real estate, investments",2
1434,2100,Fashion & Retail,Hortensia Herrero,72.0,Spain,Valencia,Supermarkets,Fashion & Retail,Spain,,False,D,F,5/20/1950 0:00,Herrero,Hortensia,Heir & Major Shareholder,4/4/2023 5:01,,,1950.0,5.0,20.0,110.96,0.7,"$1,394,116,310,769 ",88.9,102.7,83.3,14.2,47.0,47076781.0,40.463667,-3.74922,Supermarkets,1
1434,2100,Diversified,Douglas Hsu,80.0,Taiwan,Taipei,Diversified,Diversified,Taiwan,,False,D,M,8/24/1942 0:00,Hsu,Douglas,Heir & Major Shareholder,4/4/2023 5:01,,,1942.0,8.0,24.0,,,,,,,,,,,,Diversified,10
1434,2100,Manufacturing,Huang Min,49.0,China,Suzhou,Machinery,Manufacturing,China,,True,U,M,7/1/1973 0:00,Huang,Min,Founder & Entrepreneur,4/4/2023 5:01,,,1973.0,7.0,1.0,125.08,2.9,"$19,910,000,000,000 ",50.6,100.2,77.0,9.4,59.2,1397715000.0,35.86166,104.195397,Machinery,1
1434,2100,Technology,Jared Isaacman,40.0,United States,Easton,Payment processing,Technology,United States,,True,U,M,2/11/1983 0:00,Isaacman,Jared,Founder & Entrepreneur,4/4/2023 5:01,Pennsylvania,Northeast,1983.0,2.0,11.0,117.24,7.5,"$21,427,700,000,000 ",88.2,101.8,78.5,9.6,36.6,328239523.0,37.09024,-95.712891,Payment processing,1
1434,2100,Technology,Eugene Kaspersky,57.0,Russia,Moscow,Software,Technology,Russia,,True,U,M,10/4/1965 0:00,Kaspersky,Eugene,Founder & Entrepreneur,4/4/2023 5:01,,,1965.0,10.0,4.0,180.75,4.5,"$1,699,876,578,871 ",81.9,102.6,72.7,11.4,46.2,144373535.0,61.52401,105.318756,Software,1
1434,2100,Fashion & Retail,Artem Khachatryan,48.0,Cyprus,Limassol,Retail,Fashion & Retail,Russia,,True,R,M,1/3/1975 0:00,Khachatryan,Artem,Founder & Entrepreneur,4/4/2023 5:01,,,1975.0,1.0,3.0,102.51,0.3,"$24,564,647,935 ",75.9,99.3,80.8,24.5,22.4,1198575.0,35.126413,33.429859,Retail,1
1434,2100,Food & Beverage,Andrei Krivenko,47.0,Russia,Moscow,Retail,Food & Beverage,Russia,,True,N,M,7/25/1975 0:00,Krivenko,Andrei,Founder & Entrepreneur,4/4/2023 5:01,,,1975.0,7.0,25.0,180.75,4.5,"$1,699,876,578,871 ",81.9,102.6,72.7,11.4,46.2,144373535.0,61.52401,105.318756,Retail,1
1434,2100,Real Estate,Thomas Kwok,71.0,Hong Kong,Hong Kong,Real estate,Real Estate,Hong Kong,,False,U,M,10/6/1951 0:00,Kwok,Thomas,Heir & Major Shareholder,4/4/2023 5:01,,,1951.0,10.0,6.0,,,,,,,,,,,,Real estate,1
1434,2100,Manufacturing,Lam Wai-ying,,Hong Kong,Hong Kong,Smartphone screens,Manufacturing,Hong Kong,Biel Crystal,True,D,F,,Lam,Wai-ying,Chairman,4/4/2023 5:01,,,,,,,,,,,,,,,,,"Biel Crystal, Smartphone screens",2
1434,2100,Finance & Investments,Marc Lasry,62.0,United States,New York,Hedge funds,Finance & Investments,United States,Avenue Capital Group,True,U,M,9/23/1960 0:00,Lasry,Marc,Founder,4/4/2023 5:01,New York,Northeast,1960.0,9.0,23.0,117.24,7.5,"$21,427,700,000,000 ",88.2,101.8,78.5,9.6,36.6,328239523.0,37.09024,-95.712891,"Avenue Capital Group, Hedge funds",2
1434,2100,Finance & Investments,Christian Latouche & family,82.0,France,Lyon,Accounting services,Finance & Investments,France,,True,D,M,7/18/1940 0:00,Latouche,Christian,Controlling Shareholder & (Family Estate),4/4/2023 5:01,,,1940.0,7.0,18.0,110.05,1.1,"$2,715,518,274,227 ",65.6,102.5,82.5,24.2,60.7,67059887.0,46.227638,2.213749,Accounting services,1
1434,2100,Sports,Theodore Leonsis,67.0,United States,Bethesda,Sports teams,Sports,United States,,True,U,M,1/8/1956 0:00,Leonsis,Theodore,Founder & Entrepreneur,4/4/2023 5:01,Maryland,South,1956.0,1.0,8.0,117.24,7.5,"$21,427,700,000,000 ",88.2,101.8,78.5,9.6,36.6,328239523.0,37.09024,-95.712891,Sports teams,1
1434,2100,Real Estate,Lin Chang Su-O,82.0,Taiwan,Taipei,Real estate,Real Estate,Taiwan,,False,D,F,8/1/1940 4:00,Lin,Chang Su-O,Heir & Major Shareholder,4/4/2023 9:01,,,1940.0,8.0,1.0,,,,,,,,,,,,Real estate,1
1434,2100,Manufacturing,Liu Chengyu & family,60.0,China,Shenzhen,Power supply equipment,Manufacturing,China,,True,U,M,7/26/1962 0:00,Liu,Chengyu,Controlling Shareholder & (Family Estate),4/4/2023 5:01,,,1962.0,7.0,26.0,125.08,2.9,"$19,910,000,000,000 ",50.6,100.2,77.0,9.4,59.2,1397715000.0,35.86166,104.195397,Power supply equipment,1
1434,2100,Fashion & Retail,Sergey Lomakin,49.0,Cyprus,Paphos,Retail,Fashion & Retail,Russia,,True,R,M,5/23/1973 0:00,Lomakin,Sergey,Founder & Entrepreneur,4/4/2023 5:01,,,1973.0,5.0,23.0,102.51,0.3,"$24,564,647,935 ",75.9,99.3,80.8,24.5,22.4,1198575.0,35.126413,33.429859,Retail,1
1434,2100,Food & Beverage,Daniel Lubetzky,54.0,United States,New York,Snack bars,Food & Beverage,United States,,True,D,M,9/28/1968 0:00,Lubetzky,Daniel,Founder & Entrepreneur,4/4/2023 5:01,New York,Northeast,1968.0,9.0,28.0,117.24,7.5,"$21,427,700,000,000 ",88.2,101.8,78.5,9.6,36.6,328239523.0,37.09024,-95.712891,Snack bars,1
1434,2100,Technology,Melissa Ma,,China,Beijing,Internet search,Technology,China,,True,U,F,,Ma,Melissa,Founder & Entrepreneur,4/4/2023 5:01,,,,,,125.08,2.9,"$19,910,000,000,000 ",50.6,100.2,77.0,9.4,59.2,1397715000.0,35.86166,104.195397,Internet search,1
1434,2100,Diversified,Anand Mahindra,67.0,India,Mumbai,Diversified,Diversified,India,,False,U,M,5/1/1955 0:00,Mahindra,Anand,Heir & Major Shareholder,4/4/2023 5:01,,,1955.0,5.0,1.0,180.44,7.7,"$2,611,000,000,000 ",28.1,113.0,69.4,11.2,49.7,1366417754.0,20.593684,78.96288,Diversified,10
1434,2100,Fashion & Retail,Rafique Malik,72.0,India,Mumbai,Footwear,Fashion & Retail,India,,False,U,M,10/31/1950 0:00,Malik,Rafique,Heir & Major Shareholder,4/4/2023 5:01,,,1950.0,10.0,31.0,180.44,7.7,"$2,611,000,000,000 ",28.1,113.0,69.4,11.2,49.7,1366417754.0,20.593684,78.96288,Footwear,1
1434,2100,Diversified,Katarina Martinson,41.0,Sweden,Stockholm,Investments,Diversified,Sweden,,False,U,F,5/4/1981 0:00,Martinson,Katarina,Heir & Major Shareholder,4/4/2023 5:01,,,1981.0,5.0,4.0,110.51,1.8,"$530,832,908,738 ",67.0,126.6,82.5,27.9,49.1,10285453.0,60.128161,18.643501,Investments,1
1434,2100,Healthcare,Kiran Mazumdar-Shaw,70.0,India,Bangalore,Biopharmaceuticals,Healthcare,India,Biocon,True,D,F,3/23/1953 0:00,Mazumdar-Shaw,Kiran,Founder & Lead Investor,4/4/2023 5:01,,,1953.0,3.0,23.0,180.44,7.7,"$2,611,000,000,000 ",28.1,113.0,69.4,11.2,49.7,1366417754.0,20.593684,78.96288,"Biocon, Biopharmaceuticals",2
1434,2100,Automotive,Nirmal Minda,65.0,India,Gurgaon,Auto parts,Automotive,India,,False,D,M,11/7/1957 0:00,Minda,Nirmal,Heir & Major Shareholder,4/4/2023 5:01,,,1957.0,11.0,7.0,180.44,7.7,"$2,611,000,000,000 ",28.1,113.0,69.4,11.2,49.7,1366417754.0,20.593684,78.96288,Auto parts,1
1434,2100,Technology,Mu Rongjun,43.0,China,Beijing,E-commerce,Technology,China,,True,D,M,1/1/1980 0:00,Mu,Rongjun,Founder & Entrepreneur,4/4/2023 5:01,,,1980.0,1.0,1.0,125.08,2.9,"$19,910,000,000,000 ",50.6,100.2,77.0,9.4,59.2,1397715000.0,35.86166,104.195397,E-commerce,1
1434,2100,Manufacturing,Eugene Murtagh,80.0,Ireland,Kingscourt,Building materials,Manufacturing,Ireland,,True,D,M,6/23/1942 0:00,Murtagh,Eugene,Founder & Entrepreneur,4/4/2023 5:01,,,1942.0,6.0,23.0,,,,,,,,,,,,Building materials,1
1434,2100,Finance & Investments,Alexander Nesis,60.0,Russia,Moscow,"Metals, banking, fertilizers",Finance & Investments,Russia,,True,U,M,12/19/1962 0:00,Nesis,Alexander,Founder & Entrepreneur & Metals & banking,4/4/2023 5:01,,,1962.0,12.0,19.0,180.75,4.5,"$1,699,876,578,871 ",81.9,102.6,72.7,11.4,46.2,144373535.0,61.52401,105.318756,"Metals, banking, fertilizers",3
1434,2100,Manufacturing,Zugen Ni,66.0,China,Suzhou,Appliances,Manufacturing,China,,True,U,M,1/18/1957 0:00,Ni,Zugen,Founder & Entrepreneur,4/4/2023 5:01,,,1957.0,1.0,18.0,125.08,2.9,"$19,910,000,000,000 ",50.6,100.2,77.0,9.4,59.2,1397715000.0,35.86166,104.195397,Appliances,1
1434,2100,Construction & Engineering,Florentino Perez,76.0,Spain,Madrid,Construction,Construction & Engineering,Spain,,True,U,M,3/8/1947 0:00,Perez,Florentino,Founder & Entrepreneur,4/4/2023 5:01,,,1947.0,3.0,8.0,110.96,0.7,"$1,394,116,310,769 ",88.9,102.7,83.3,14.2,47.0,47076781.0,40.463667,-3.74922,Construction,1
1434,2100,Metals & Mining,Victor Pinchuk,62.0,Ukraine,Kiev,"Steel pipes, diversified",Metals & Mining,Ukraine,,True,U,M,12/14/1960 0:00,Pinchuk,Victor,Founder & Entrepreneur & pipes,4/4/2023 5:01,,,1960.0,12.0,14.0,281.66,7.9,"$153,781,069,118 ",82.7,99.0,71.6,20.1,45.2,44385155.0,48.379433,31.16558,"Steel pipes, diversified",10
1434,2100,Technology,Leonid Radvinsky,40.0,United States,,E-commerce,Technology,United States,,True,U,M,5/30/1982 0:00,Radvinsky,Leonid,Founder & Entrepreneur,4/4/2023 5:01,Florida,South,1982.0,5.0,30.0,117.24,7.5,"$21,427,700,000,000 ",88.2,101.8,78.5,9.6,36.6,328239523.0,37.09024,-95.712891,E-commerce,1
1434,2100,Technology,Raveendran Byju,41.0,India,Bangalore,Education technology,Technology,India,,True,D,M,7/6/1981 0:00,Raveendran,Byju,Founder & Entrepreneur,4/4/2023 5:01,,,1981.0,7.0,6.0,180.44,7.7,"$2,611,000,000,000 ",28.1,113.0,69.4,11.2,49.7,1366417754.0,20.593684,78.96288,Education technology,1
1434,2100,Construction & Engineering,P.P. Reddy,65.0,India,Hyderabad,Infrastructure,Construction & Engineering,India,,True,U,M,8/30/1957 0:00,Reddy,P.P.,Founder & Entrepreneur,4/4/2023 5:01,,,1957.0,8.0,30.0,180.44,7.7,"$2,611,000,000,000 ",28.1,113.0,69.4,11.2,49.7,1366417754.0,20.593684,78.96288,Infrastructure,1
1434,2100,Fashion & Retail,Richard Saghian,41.0,United States,Los Angeles,Fast fashion,Fashion & Retail,United States,,True,U,M,8/6/1981 0:00,Saghian,Richard,Founder & Entrepreneur,4/4/2023 5:01,California,West,1981.0,8.0,6.0,117.24,7.5,"$21,427,700,000,000 ",88.2,101.8,78.5,9.6,36.6,328239523.0,37.09024,-95.712891,Fast fashion,1
1434,2100,Healthcare,Shi Yifeng,49.0,China,Beijing,Medical cosmetics,Healthcare,China,,True,U,M,1/1/1974 0:00,Shi,Yifeng,Founder & Entrepreneur,4/4/2023 5:01,,,1974.0,1.0,1.0,125.08,2.9,"$19,910,000,000,000 ",50.6,100.2,77.0,9.4,59.2,1397715000.0,35.86166,104.195397,Medical cosmetics,1
1434,2100,Finance & Investments,Thaksin Shinawatra,73.0,United Arab Emirates,Dubai,Investments,Finance & Investments,Thailand,,True,U,M,7/26/1949 0:00,Shinawatra,Thaksin,Founder & Entrepreneur,4/4/2023 5:01,,,1949.0,7.0,26.0,114.52,-1.9,"$421,142,267,938 ",36.8,108.4,77.8,0.1,15.9,9770529.0,23.424076,53.847818,Investments,1
1434,2100,Food & Beverage,Shu Ping,53.0,Singapore,Singapore,Restaurants,Food & Beverage,Singapore,,True,U,F,,Shu,Ping,Founder & Entrepreneur,4/4/2023 5:01,,,,,,114.41,0.6,"$372,062,527,489 ",84.8,100.6,83.1,13.1,21.0,5703569.0,1.352083,103.819836,Restaurants,1
1434,2100,Healthcare,Timothy Springer,75.0,United States,Chestnut Hill,Biotech,Healthcare,United States,,True,E,M,2/23/1948 0:00,Springer,Timothy,Founder & Entrepreneur,4/4/2023 5:01,Massachusetts,Northeast,1948.0,2.0,23.0,117.24,7.5,"$21,427,700,000,000 ",88.2,101.8,78.5,9.6,36.6,328239523.0,37.09024,-95.712891,Biotech,1
1434,2100,Automotive,Venu Srinivasan,70.0,India,Chennai,Two-wheelers,Automotive,India,,False,U,M,12/11/1952 0:00,Srinivasan,Venu,Heir & Major Shareholder,4/4/2023 5:01,,,1952.0,12.0,11.0,180.44,7.7,"$2,611,000,000,000 ",28.1,113.0,69.4,11.2,49.7,1366417754.0,20.593684,78.96288,Two-wheelers,1
1434,2100,Fashion & Retail,Edward Stack,68.0,United States,Sewickley,Dick's Sporting Goods,Fashion & Retail,United States,Dick's Sporting Goods,True,U,M,12/27/1954 0:00,Stack,Edward,Chairman and CEO,4/4/2023 5:01,Pennsylvania,Northeast,1954.0,12.0,27.0,117.24,7.5,"$21,427,700,000,000 ",88.2,101.8,78.5,9.6,36.6,328239523.0,37.09024,-95.712891,Dick's Sporting Goods,1
1434,2100,Food & Beverage,Sun Mengquan & family,73.0,China,Yantai,Edible oil,Food & Beverage,China,,True,D,M,3/1/1950 0:00,Sun,Mengquan,Controlling Shareholder & oil (Family Estate),4/4/2023 5:01,,,1950.0,3.0,1.0,125.08,2.9,"$19,910,000,000,000 ",50.6,100.2,77.0,9.4,59.2,1397715000.0,35.86166,104.195397,Edible oil,1
1434,2100,Finance & Investments,Alexander Svetakov,55.0,Russia,Moscow,Real estate,Finance & Investments,Russia,,True,D,M,2/15/1968 0:00,Svetakov,Alexander,Founder & Entrepreneur,4/4/2023 5:01,,,1968.0,2.0,15.0,180.75,4.5,"$1,699,876,578,871 ",81.9,102.6,72.7,11.4,46.2,144373535.0,61.52401,105.318756,Real estate,1
1434,2100,Fashion & Retail,Torsten Toeller,56.0,Germany,Krefeld,Pet food,Fashion & Retail,Germany,,True,D,M,4/6/1966 0:00,Toeller,Torsten,Founder & Entrepreneur & Pet,4/4/2023 5:01,,,1966.0,4.0,6.0,112.85,1.4,"$3,845,630,030,824 ",70.2,104.0,80.9,11.5,48.8,83132799.0,51.165691,10.451526,Pet food,1
1434,2100,Food & Beverage,Barbara Tyson,74.0,United States,Fayetteville,Food processing,Food & Beverage,United States,,False,N,F,3/6/1949 0:00,Tyson,Barbara,Heir & Major Shareholder,4/4/2023 5:01,Arkansas,South,1949.0,3.0,6.0,117.24,7.5,"$21,427,700,000,000 ",88.2,101.8,78.5,9.6,36.6,328239523.0,37.09024,-95.712891,Food processing,1
1434,2100,Food & Beverage,Hamdi Ulukaya,50.0,United States,Norwich,Greek yogurt,Food & Beverage,Turkey,Chobani,True,D,M,10/26/1972 0:00,Ulukaya,Hamdi,Founder and CEO,4/4/2023 5:01,New York,Northeast,1972.0,10.0,26.0,117.24,7.5,"$21,427,700,000,000 ",88.2,101.8,78.5,9.6,36.6,328239523.0,37.09024,-95.712891,"Chobani, Greek yogurt",2
1434,2100,Construction & Engineering,Wang Linpeng,54.0,China,Beijing,Furniture retailing,Construction & Engineering,China,,True,D,M,5/1/1968 0:00,Wang,Linpeng,Founder & Entrepreneur,4/4/2023 5:01,,,1968.0,5.0,1.0,125.08,2.9,"$19,910,000,000,000 ",50.6,100.2,77.0,9.4,59.2,1397715000.0,35.86166,104.195397,Furniture retailing,1
1434,2100,Food & Beverage,Wei Ing-Chou,69.0,China,Tianjin,"Food, beverages",Food & Beverage,Taiwan,,True,U,M,7/1/1953 0:00,Wei,Ing-Chou,Founder & Entrepreneur & Food,4/4/2023 5:01,,,1953.0,7.0,1.0,125.08,2.9,"$19,910,000,000,000 ",50.6,100.2,77.0,9.4,59.2,1397715000.0,35.86166,104.195397,"Food, beverages",2
1434,2100,Food & Beverage,Wei Yin-Chun,66.0,Taiwan,Taipei,"Food, beverages",Food & Beverage,Taiwan,,True,U,M,3/8/1957 0:00,Wei,Yin-Chun,Founder & Entrepreneur & Food,4/4/2023 5:01,,,1957.0,3.0,8.0,,,,,,,,,,,,"Food, beverages",2
1434,2100,Food & Beverage,Wei Yin-Heng,64.0,China,Shanghai,"Food, beverages",Food & Beverage,Taiwan,,True,U,M,1/1/1959 0:00,Wei,Yin-Heng,Founder & Entrepreneur & Food,4/4/2023 5:01,,,1959.0,1.0,1.0,125.08,2.9,"$19,910,000,000,000 ",50.6,100.2,77.0,9.4,59.2,1397715000.0,35.86166,104.195397,"Food, beverages",2
1434,2100,Food & Beverage,Wei Ying-Chiao,68.0,Taiwan,Taipei,"Food, beverages",Food & Beverage,Taiwan,,True,U,M,2/4/1955 0:00,Wei,Ying-Chiao,Founder & Entrepreneur & Food,4/4/2023 5:01,,,1955.0,2.0,4.0,,,,,,,,,,,,"Food, beverages",2
1434,2100,Gambling & Casinos,Elaine Wynn,80.0,United States,Las Vegas,"Casinos, hotels",Gambling & Casinos,United States,"Wynn Las Vegas, LLC",True,U,F,4/28/1942 0:00,Wynn,Elaine,Founder & Lead Investor & Casinos,4/4/2023 5:01,Nevada,West,1942.0,4.0,28.0,117.24,7.5,"$21,427,700,000,000 ",88.2,101.8,78.5,9.6,36.6,328239523.0,37.09024,-95.712891,"Casinos, Wynn Las Vegas, LLC, hotels",3
1434,2100,Automotive,Xu Xudong & family,53.0,China,Ningbo,Auto parts,Automotive,China,,True,U,M,3/1/1970 0:00,Xu,Xudong,Controlling Shareholder & (Family Estate),4/4/2023 5:01,,,1970.0,3.0,1.0,125.08,2.9,"$19,910,000,000,000 ",50.6,100.2,77.0,9.4,59.2,1397715000.0,35.86166,104.195397,Auto parts,1
1434,2100,Fashion & Retail,Michael Ying,73.0,Hong Kong,Hong Kong,Retail,Fashion & Retail,Hong Kong,,True,U,M,12/1/1949 0:00,Ying,Michael,Founder & Entrepreneur,4/4/2023 5:01,,,1949.0,12.0,1.0,,,,,,,,,,,,Retail,1
1434,2100,Manufacturing,Yu Qibing & family,57.0,China,Ningbo,Glass,Manufacturing,China,,True,D,M,11/1/1965 0:00,Yu,Qibing,Controlling Shareholder & (Family Estate),4/4/2023 5:01,,,1965.0,11.0,1.0,125.08,2.9,"$19,910,000,000,000 ",50.6,100.2,77.0,9.4,59.2,1397715000.0,35.86166,104.195397,Glass,1
1434,2100,Manufacturing,Yuan Fugen & family,72.0,China,Suzhou,Metal processing,Manufacturing,China,,True,U,M,11/15/1950 0:00,Yuan,Fugen,Controlling Shareholder & (Family Estate),4/4/2023 5:01,,,1950.0,11.0,15.0,125.08,2.9,"$19,910,000,000,000 ",50.6,100.2,77.0,9.4,59.2,1397715000.0,35.86166,104.195397,Metal processing,1
1434,2100,Manufacturing,Zhang Ning & family,49.0,China,Shanghai,Chemicals,Manufacturing,Canada,,True,D,F,4/1/1974 0:00,Zhang,Ning,Controlling Shareholder & (Family Estate),4/4/2023 5:01,,,1974.0,4.0,1.0,125.08,2.9,"$19,910,000,000,000 ",50.6,100.2,77.0,9.4,59.2,1397715000.0,35.86166,104.195397,Chemicals,1
1434,2100,Healthcare,Zhao Tao,57.0,China,Xi'an,Pharmaceuticals,Healthcare,Singapore,,False,D,M,1/1/1966 0:00,Zhao,Tao,Heir & Major Shareholder,4/4/2023 5:01,,,1966.0,1.0,1.0,125.08,2.9,"$19,910,000,000,000 ",50.6,100.2,77.0,9.4,59.2,1397715000.0,35.86166,104.195397,Pharmaceuticals,1
1516,2000,Construction & Engineering,Anu Aga,80.0,India,Pune,Engineering,Construction & Engineering,India,,False,U,F,8/1/1942 0:00,Aga,Anu,Heir & Major Shareholder,4/4/2023 5:01,,,1942.0,8.0,1.0,180.44,7.7,"$2,611,000,000,000 ",28.1,113.0,69.4,11.2,49.7,1366417754.0,20.593684,78.96288,Engineering,1
1516,2000,Fashion & Retail,Mohamed Al Fayed,94.0,United Kingdom,London,"Retail, investments",Fashion & Retail,Egypt,,True,D,M,1/27/1929 0:00,Al Fayed,Mohamed,Founder & Entrepreneur,4/4/2023 5:01,,,1929.0,1.0,27.0,119.62,1.7,"$2,827,113,184,696 ",60.0,101.2,81.3,25.5,30.6,66834405.0,55.378051,-3.435973,"Retail, investments",2
1516,2000,Technology,Andrey Andreev,49.0,United Kingdom,London,Online dating,Technology,United Kingdom,,True,E,M,2/3/1974 0:00,Andreev,Andrey,Founder & Entrepreneur,4/4/2023 5:01,,,1974.0,2.0,3.0,119.62,1.7,"$2,827,113,184,696 ",60.0,101.2,81.3,25.5,30.6,66834405.0,55.378051,-3.435973,Online dating,1
1516,2000,Finance & Investments,Michael Ashcroft,77.0,Turks and Caicos Islands,Turks and Caicos Islands,Security,Finance & Investments,United Kingdom,,True,D,M,1/1/1946 0:00,Ashcroft,Michael,Founder & Entrepreneur,4/4/2023 5:01,,,1946.0,1.0,1.0,,,,,,,,,,,,Security,1
1516,2000,Technology,Pavel Baudis,62.0,Czech Republic,Prague,Software,Technology,Czech Republic,,True,D,M,5/15/1960 0:00,Baudis,Pavel,Founder & Entrepreneur,4/4/2023 5:01,,,1960.0,5.0,15.0,116.48,2.8,"$246,489,245,495 ",64.1,100.7,79.0,14.9,46.1,10669709.0,49.817492,15.472962,Software,1
1516,2000,Healthcare,Wilhelm Beier & family,66.0,Germany,,Pharmaceuticals,Healthcare,Germany,,True,D,M,4/21/1956 0:00,Beier,Wilhelm,Controlling Shareholder & (Family Estate),4/4/2023 5:01,,,1956.0,4.0,21.0,112.85,1.4,"$3,845,630,030,824 ",70.2,104.0,80.9,11.5,48.8,83132799.0,51.165691,10.451526,Pharmaceuticals,1
1516,2000,Manufacturing,Cao Jianwei,44.0,China,Shangyu,Semiconductors,Manufacturing,China,,True,E,M,5/30/1978 0:00,Cao,Jianwei,Founder & Entrepreneur,4/4/2023 5:01,,,1978.0,5.0,30.0,125.08,2.9,"$19,910,000,000,000 ",50.6,100.2,77.0,9.4,59.2,1397715000.0,35.86166,104.195397,Semiconductors,1
1516,2000,Manufacturing,Huwen Chen,52.0,China,Shanghai,Stationery,Manufacturing,China,,True,D,M,7/1/1970 0:00,Chen,Huwen,Founder & Entrepreneur,4/4/2023 5:01,,,1970.0,7.0,1.0,125.08,2.9,"$19,910,000,000,000 ",50.6,100.2,77.0,9.4,59.2,1397715000.0,35.86166,104.195397,Stationery,1
1516,2000,Diversified,Phongthep Chiaravanont,71.0,Thailand,Bangkok,Diversified,Diversified,Thailand,,False,U,M,1/1/1952 0:00,Chiaravanont,Phongthep,Heir & Major Shareholder,4/4/2023 5:01,,,1952.0,1.0,1.0,113.27,0.7,"$543,649,976,166 ",49.3,99.8,76.9,14.9,29.5,69625582.0,15.870032,100.992541,Diversified,10
1516,2000,Diversified,Dou Zhenggang,69.0,China,Hangzhou,"Energy, chemicals",Diversified,China,,True,D,M,5/21/1953 0:00,Dou,Zhenggang,Founder & Entrepreneur & Energy,4/4/2023 5:01,,,1953.0,5.0,21.0,125.08,2.9,"$19,910,000,000,000 ",50.6,100.2,77.0,9.4,59.2,1397715000.0,35.86166,104.195397,"Energy, chemicals",2
1516,2000,Food & Beverage,Maria Franca Fissolo,88.0,Monaco,Monaco,"Nutella, chocolates",Food & Beverage,Italy,,False,E,F,1/1/1935 0:00,Fissolo,Maria Franca,Heir & Major Shareholder & Nutella,4/4/2023 5:01,,,1935.0,1.0,1.0,,,"$7,184,844,193 ",,,,,,38964.0,43.7384176,7.4246158,"Nutella, chocolates",2
1516,2000,Diversified,William Franke,85.0,United States,Houston,Low-cost airlines,Diversified,United States,,True,D,M,4/15/1937 0:00,Franke,William,Founder & Entrepreneur,4/4/2023 5:01,Texas,South,1937.0,4.0,15.0,117.24,7.5,"$21,427,700,000,000 ",88.2,101.8,78.5,9.6,36.6,328239523.0,37.09024,-95.712891,Low-cost airlines,1
1516,2000,Healthcare,Mario Germano Giuliani,51.0,Monaco,Monaco,Pharmaceuticals,Healthcare,Switzerland,,False,D,M,2/26/1972 0:00,Giuliani,Mario Germano,Heir & Major Shareholder,4/4/2023 5:01,,,1972.0,2.0,26.0,,,"$7,184,844,193 ",,,,,,38964.0,43.7384176,7.4246158,Pharmaceuticals,1
1516,2000,Real Estate,Amy Goldman Fowler,68.0,United States,Rhinebeck,Real estate,Real Estate,United States,,False,D,F,4/19/1954 0:00,Goldman Fowler,Amy,Heir & Major Shareholder,4/4/2023 5:01,New York,Northeast,1954.0,4.0,19.0,117.24,7.5,"$21,427,700,000,000 ",88.2,101.8,78.5,9.6,36.6,328239523.0,37.09024,-95.712891,Real estate,1
1516,2000,Metals & Mining,John Hancock,47.0,United Kingdom,London,Mining,Metals & Mining,Australia,,False,D,M,1/2/1976 0:00,Hancock,John,Heir & Major Shareholder,4/4/2023 5:01,,,1976.0,1.0,2.0,119.62,1.7,"$2,827,113,184,696 ",60.0,101.2,81.3,25.5,30.6,66834405.0,55.378051,-3.435973,Mining,1
1516,2000,Technology,Hu Yangzhong,58.0,China,Hangzhou,Technology,Technology,China,,True,D,M,3/6/1965 0:00,Hu,Yangzhong,Founder & Entrepreneur,4/4/2023 5:01,,,1965.0,3.0,6.0,125.08,2.9,"$19,910,000,000,000 ",50.6,100.2,77.0,9.4,59.2,1397715000.0,35.86166,104.195397,Technology,1
1516,2000,Manufacturing,Huang Dawen,62.0,Hong Kong,Hong Kong,Silicon,Manufacturing,Hong Kong,,True,D,M,11/1/1960 0:00,Huang,Dawen,Founder & Entrepreneur,4/4/2023 5:01,,,1960.0,11.0,1.0,,,,,,,,,,,,Silicon,1
1516,2000,Media & Entertainment,Huang Qiaoling,64.0,China,Hangzhou,Amusement parks,Media & Entertainment,China,,True,U,M,11/15/1958 0:00,Huang,Qiaoling,Founder & Entrepreneur,4/4/2023 5:01,,,1958.0,11.0,15.0,125.08,2.9,"$19,910,000,000,000 ",50.6,100.2,77.0,9.4,59.2,1397715000.0,35.86166,104.195397,Amusement parks,1
1516,2000,Finance & Investments,Rajiv Jain,55.0,United States,Fort Lauderdale,Finance,Finance & Investments,United States,,True,N,M,1/27/1968 0:00,Jain,Rajiv,Founder & Entrepreneur,4/4/2023 5:01,Florida,South,1968.0,1.0,27.0,117.24,7.5,"$21,427,700,000,000 ",88.2,101.8,78.5,9.6,36.6,328239523.0,37.09024,-95.712891,Finance,1
1516,2000,Sports,Michael Jordan,60.0,United States,Jupiter,"Charlotte Hornets, endorsements",Sports,United States,,True,U,M,2/17/1963 0:00,Jordan,Michael,Founder & Lead Investor & Hornets,4/4/2023 5:01,Florida,South,1963.0,2.0,17.0,117.24,7.5,"$21,427,700,000,000 ",88.2,101.8,78.5,9.6,36.6,328239523.0,37.09024,-95.712891,"Charlotte Hornets, endorsements",2
1516,2000,Real Estate,Diane Kemper,77.0,United States,New York,Real estate,Real Estate,United States,,False,D,F,7/21/1945 0:00,Kemper,Diane,Heir & Major Shareholder,4/4/2023 5:01,New York,Northeast,1945.0,7.0,21.0,117.24,7.5,"$21,427,700,000,000 ",88.2,101.8,78.5,9.6,36.6,328239523.0,37.09024,-95.712891,Real estate,1
1516,2000,Technology,Shlomo Kramer,57.0,Israel,Tel Aviv,"Software, investments",Technology,Israel,,True,D,M,3/14/1966 0:00,Kramer,Shlomo,Founder & Entrepreneur & Software,4/4/2023 5:01,,,1966.0,3.0,14.0,108.15,0.8,"$395,098,666,122 ",63.4,104.9,82.8,23.1,25.3,9053300.0,31.046051,34.851612,"Software, investments",2
1516,2000,Healthcare,Heikki Kyostila,77.0,Finland,Helsinki,Dental products,Healthcare,Finland,,True,U,M,1/19/1946 0:00,Kyostila,Heikki,Founder & Entrepreneur,4/4/2023 5:01,,,1946.0,1.0,19.0,112.33,1.0,"$268,761,201,365 ",88.2,100.2,81.7,20.8,36.6,5520314.0,61.92411,25.748151,Dental products,1
1516,2000,Technology,Martin Lau,50.0,Hong Kong,Hong Kong,E-commerce,Technology,Hong Kong,,True,D,M,4/1/1973 0:00,Lau,Martin,Founder & Entrepreneur,4/4/2023 5:01,,,1973.0,4.0,1.0,,,,,,,,,,,,E-commerce,1
1516,2000,Technology,Li Min,57.0,China,Fuzhou,Semiconductor,Technology,China,,True,D,M,12/26/1965 0:00,Li,Min,Founder & Entrepreneur,4/4/2023 5:01,,,1965.0,12.0,26.0,125.08,2.9,"$19,910,000,000,000 ",50.6,100.2,77.0,9.4,59.2,1397715000.0,35.86166,104.195397,Semiconductor,1
1516,2000,Technology,Liang Rubo,40.0,China,Beijing,TikTok,Technology,China,,True,D,M,1/1/1983 0:00,Liang,Rubo,Founder & Entrepreneur,4/4/2023 5:01,,,1983.0,1.0,1.0,125.08,2.9,"$19,910,000,000,000 ",50.6,100.2,77.0,9.4,59.2,1397715000.0,35.86166,104.195397,TikTok,1
1516,2000,Manufacturing,Liang Zhaoxian,58.0,China,Foshan,Appliances,Manufacturing,China,,False,D,M,1/1/1965 0:00,Liang,Zhaoxian,Heir & Major Shareholder,4/4/2023 5:01,,,1965.0,1.0,1.0,125.08,2.9,"$19,910,000,000,000 ",50.6,100.2,77.0,9.4,59.2,1397715000.0,35.86166,104.195397,Appliances,1
1516,2000,Energy,Lin Fanlian,61.0,China,Linyi,"Energy, real estate",Energy,China,,True,D,M,6/1/1961 0:00,Lin,Fanlian,Founder & Entrepreneur & Energy,4/4/2023 5:01,,,1961.0,6.0,1.0,125.08,2.9,"$19,910,000,000,000 ",50.6,100.2,77.0,9.4,59.2,1397715000.0,35.86166,104.195397,"Energy, real estate",2
1516,2000,Manufacturing,Aloke Lohia,64.0,Thailand,Bangkok,Petrochemicals,Manufacturing,India,,False,D,M,11/27/1958 0:00,Lohia,Aloke,Heir & Major Shareholder,4/4/2023 5:01,,,1958.0,11.0,27.0,113.27,0.7,"$543,649,976,166 ",49.3,99.8,76.9,14.9,29.5,69625582.0,15.870032,100.992541,Petrochemicals,1
1516,2000,Real Estate,Bill Malhotra,73.0,Canada,Ottawa,Real estate,Real Estate,Canada,,True,U,M,9/8/1949 0:00,Malhotra,Bill,Founder & Entrepreneur,4/4/2023 5:01,,,1949.0,9.0,8.0,116.76,1.9,"$1,736,425,629,520 ",68.9,100.9,81.9,12.8,24.5,36991981.0,56.130366,-106.346771,Real estate,1
1516,2000,Finance & Investments,Alexander Mamut,63.0,Israel,Tel Aviv,Investments,Finance & Investments,Russia,,True,D,M,1/29/1960 0:00,Mamut,Alexander,Founder & Entrepreneur,4/4/2023 5:01,,,1960.0,1.0,29.0,108.15,0.8,"$395,098,666,122 ",63.4,104.9,82.8,23.1,25.3,9053300.0,31.046051,34.851612,Investments,1
1516,2000,Telecom,Craig McCaw,73.0,United States,Hunts Point,Telecom,Telecom,United States,,False,D,M,8/11/1949 0:00,McCaw,Craig,Heir & Major Shareholder,4/4/2023 5:01,Washington,West,1949.0,8.0,11.0,117.24,7.5,"$21,427,700,000,000 ",88.2,101.8,78.5,9.6,36.6,328239523.0,37.09024,-95.712891,Telecom,1
1516,2000,Manufacturing,Cunhui Nan,59.0,China,Wenzhou,Power equipment,Manufacturing,China,,True,D,M,7/9/1963 0:00,Nan,Cunhui,Founder & Entrepreneur,4/4/2023 5:01,,,1963.0,7.0,9.0,125.08,2.9,"$19,910,000,000,000 ",50.6,100.2,77.0,9.4,59.2,1397715000.0,35.86166,104.195397,Power equipment,1
1516,2000,Service,Tengyun Nie & family,47.0,China,Shanghai,Logistics,Service,China,,True,D,M,1/24/1976 0:00,Nie,Tengyun,Controlling Shareholder & (Family Estate),4/4/2023 5:01,,,1976.0,1.0,24.0,125.08,2.9,"$19,910,000,000,000 ",50.6,100.2,77.0,9.4,59.2,1397715000.0,35.86166,104.195397,Logistics,1
1516,2000,Finance & Investments,Oei Hong Leong,75.0,Singapore,Singapore,Investments,Finance & Investments,Singapore,,False,U,M,3/21/1948 0:00,Oei,Hong Leong,Heir & Major Shareholder,4/4/2023 5:01,,,1948.0,3.0,21.0,114.41,0.6,"$372,062,527,489 ",84.8,100.6,83.1,13.1,21.0,5703569.0,1.352083,103.819836,Investments,1
1516,2000,Metals & Mining,Clive Palmer,69.0,Australia,Brisbane,Mining,Metals & Mining,Australia,,True,D,M,3/26/1954 0:00,Palmer,Clive,Founder & Entrepreneur,4/4/2023 5:01,,,1954.0,3.0,26.0,119.8,1.6,"$1,392,680,589,329 ",113.1,100.3,82.7,23.0,47.4,25766605.0,-25.274398,133.775136,Mining,1
1516,2000,Technology,Matthew Prince,48.0,United States,Park City,Cybersecurity,Technology,United States,,True,D,M,1/1/1975 0:00,Prince,Matthew,Founder & Entrepreneur,4/4/2023 5:01,Utah,West,1975.0,1.0,1.0,117.24,7.5,"$21,427,700,000,000 ",88.2,101.8,78.5,9.6,36.6,328239523.0,37.09024,-95.712891,Cybersecurity,1
1516,2000,Service,Linda Pritzker,69.0,United States,Missoula,"Hotels, investments",Service,United States,,False,E,F,9/14/1953 0:00,Pritzker,Linda,Heir & Major Shareholder & Hotels,4/4/2023 5:01,Montana,West,1953.0,9.0,14.0,117.24,7.5,"$21,427,700,000,000 ",88.2,101.8,78.5,9.6,36.6,328239523.0,37.09024,-95.712891,"Hotels, investments",2
1516,2000,Construction & Engineering,P.V. Krishna Reddy,53.0,India,Hyderabad,Infrastructure,Construction & Engineering,India,,True,U,M,6/30/1969 0:00,Reddy,P.V. Krishna,Founder & Entrepreneur,4/4/2023 5:01,,,1969.0,6.0,30.0,180.44,7.7,"$2,611,000,000,000 ",28.1,113.0,69.4,11.2,49.7,1366417754.0,20.593684,78.96288,Infrastructure,1
1516,2000,Metals & Mining,Bianca Rinehart,46.0,Australia,Brisbane,Mining,Metals & Mining,Australia,,False,D,F,3/19/1977 0:00,Rinehart,Bianca,Heir & Major Shareholder,4/4/2023 5:01,,,1977.0,3.0,19.0,119.8,1.6,"$1,392,680,589,329 ",113.1,100.3,82.7,23.0,47.4,25766605.0,-25.274398,133.775136,Mining,1
1516,2000,Metals & Mining,Ginia Rinehart,36.0,Australia,Sydney,Mining,Metals & Mining,Australia,,False,D,F,9/6/1986 0:00,Rinehart,Ginia,Heir & Major Shareholder,4/4/2023 5:01,,,1986.0,9.0,6.0,119.8,1.6,"$1,392,680,589,329 ",113.1,100.3,82.7,23.0,47.4,25766605.0,-25.274398,133.775136,Mining,1
1516,2000,Finance & Investments,T. Denny Sanford,87.0,United States,Sioux Falls,"Banking, credit cards",Finance & Investments,United States,,True,D,M,12/23/1935 0:00,Sanford,T. Denny,Founder & Entrepreneur & Banking,4/4/2023 5:01,South Dakota,Midwest,1935.0,12.0,23.0,117.24,7.5,"$21,427,700,000,000 ",88.2,101.8,78.5,9.6,36.6,328239523.0,37.09024,-95.712891,"Banking, credit cards",2
1516,2000,Manufacturing,Bhadresh Shah,71.0,India,Ahmedabad,Engineering,Manufacturing,India,,True,U,M,10/7/1951 0:00,Shah,Bhadresh,Founder & Entrepreneur,4/4/2023 5:01,,,1951.0,10.0,7.0,180.44,7.7,"$2,611,000,000,000 ",28.1,113.0,69.4,11.2,49.7,1366417754.0,20.593684,78.96288,Engineering,1
1516,2000,Media & Entertainment,Zygmunt Solorz-Zak,66.0,Poland,Warsaw,TV broadcasting,Media & Entertainment,Poland,,True,D,M,8/4/1956 0:00,Solorz-Zak,Zygmunt,Founder & Entrepreneur & TV,4/4/2023 5:01,,,1956.0,8.0,4.0,114.11,2.2,"$592,164,400,688 ",67.8,100.0,77.6,17.4,40.8,37970874.0,51.919438,19.145136,TV broadcasting,1
1516,2000,Manufacturing,Michal Strnad,30.0,,,Defense Contracting,Manufacturing,Czech Republic,,False,N,M,8/4/1992 0:00,Strnad ,Michal,Heir & Major Shareholder,4/4/2023 5:01,,,1992.0,8.0,4.0,,,,,,,,,,,,Defense Contracting,1
1516,2000,Fashion & Retail,Sylvia Stroeher,67.0,Germany,Darmstadt,Cosmetics,Fashion & Retail,Germany,,False,E,F,5/30/1955 0:00,Stroeher,Sylvia,Heir & Major Shareholder,4/4/2023 5:01,,,1955.0,5.0,30.0,112.85,1.4,"$3,845,630,030,824 ",70.2,104.0,80.9,11.5,48.8,83132799.0,51.165691,10.451526,Cosmetics,1
1516,2000,Technology,Otto Toto Sugiri,69.0,Indonesia,Jakarta,Data centers,Technology,Indonesia,,True,D,M,9/23/1953 0:00,Sugiri,Otto Toto,Founder & Entrepreneur,4/4/2023 5:01,,,1953.0,9.0,23.0,151.18,3.0,"$1,119,190,780,753 ",36.3,106.4,71.5,10.2,30.1,270203917.0,-0.789275,113.921327,Data centers,1
1516,2000,Sports,Larry Tanenbaum,77.0,Canada,Toronto,Sports,Sports,Canada,,True,N,M,7/1/1945 0:00,Tanenbaum,Larry,Founder & Entrepreneur,4/4/2023 5:01,,,1945.0,7.0,1.0,116.76,1.9,"$1,736,425,629,520 ",68.9,100.9,81.9,12.8,24.5,36991981.0,56.130366,-106.346771,Sports,1
1516,2000,Finance & Investments,Wichai Thongtang,76.0,Thailand,Bangkok,Investments,Finance & Investments,Thailand,,True,E,M,1/1/1947 0:00,Thongtang,Wichai,Founder & Entrepreneur,4/4/2023 5:01,,,1947.0,1.0,1.0,113.27,0.7,"$543,649,976,166 ",49.3,99.8,76.9,14.9,29.5,69625582.0,15.870032,100.992541,Investments,1
1516,2000,Finance & Investments,Ion Tiriac,83.0,Romania,Bucharest,"Banking, insurance",Finance & Investments,Romania,,True,U,M,5/9/1939 0:00,Tiriac,Ion,Founder & Entrepreneur & Banking,4/4/2023 5:01,,,1939.0,5.0,9.0,123.78,3.8,"$250,077,444,017 ",49.4,85.2,75.4,14.6,20.0,19356544.0,45.943161,24.96676,"Banking, insurance",2
1516,2000,Metals & Mining,Hope Welker,37.0,United States,New York,Mining,Metals & Mining,Australia,,False,D,F,8/13/1985 0:00,Welker,Hope,Heir & Major Shareholder,4/4/2023 5:01,New York,Northeast,1985.0,8.0,13.0,117.24,7.5,"$21,427,700,000,000 ",88.2,101.8,78.5,9.6,36.6,328239523.0,37.09024,-95.712891,Mining,1
1516,2000,Manufacturing,William Young,82.0,United States,Ypsilanti,Plastics,Manufacturing,United States,,True,D,M,1/1/1941 0:00,Young,William,Founder & Entrepreneur,4/4/2023 5:01,Michigan,Midwest,1941.0,1.0,1.0,117.24,7.5,"$21,427,700,000,000 ",88.2,101.8,78.5,9.6,36.6,328239523.0,37.09024,-95.712891,Plastics,1
1516,2000,Fashion & Retail,Ales Zavoral,46.0,,,E-commerce,Fashion & Retail,Czech Republic,,True,N,M,10/24/1976 0:00,Zavoral,Ales,Founder & Entrepreneur,4/4/2023 5:01,,,1976.0,10.0,24.0,,,,,,,,,,,,E-commerce,1
1516,2000,Technology,Zhang Fan,57.0,China,Shenzhen,Touch screens,Technology,China,,True,D,M,12/29/1965 0:00,Zhang,Fan,Founder & Entrepreneur,4/4/2023 5:01,,,1965.0,12.0,29.0,125.08,2.9,"$19,910,000,000,000 ",50.6,100.2,77.0,9.4,59.2,1397715000.0,35.86166,104.195397,Touch screens,1
1516,2000,Technology,Shilong Zhang & family,57.0,China,Beijing,Semiconductor,Technology,China,,True,D,M,1/1/1966 0:00,Zhang,Shilong,Controlling Shareholder & (Family Estate),4/4/2023 5:01,,,1966.0,1.0,1.0,125.08,2.9,"$19,910,000,000,000 ",50.6,100.2,77.0,9.4,59.2,1397715000.0,35.86166,104.195397,Semiconductor,1
1516,2000,Manufacturing,Zhang Wanzhen,73.0,China,Chaozhou,Electronics components,Manufacturing,China,,True,D,M,12/1/1949 0:00,Zhang,Wanzhen,Founder & Entrepreneur,4/4/2023 5:01,,,1949.0,12.0,1.0,125.08,2.9,"$19,910,000,000,000 ",50.6,100.2,77.0,9.4,59.2,1397715000.0,35.86166,104.195397,Electronics components,1
1516,2000,Technology,Hongfei Zhao,48.0,China,Beijing,Software,Technology,China,,True,D,M,6/1/1974 0:00,Zhao,Hongfei,Founder & Entrepreneur,4/4/2023 5:01,,,1974.0,6.0,1.0,125.08,2.9,"$19,910,000,000,000 ",50.6,100.2,77.0,9.4,59.2,1397715000.0,35.86166,104.195397,Software,1
1516,2000,Energy,Zhou Jian,46.0,China,Shenzhen,Solar energy equipment,Energy,China,,True,D,M,7/1/1976 0:00,Zhou,Jian,Founder & Entrepreneur,4/4/2023 5:01,,,1976.0,7.0,1.0,125.08,2.9,"$19,910,000,000,000 ",50.6,100.2,77.0,9.4,59.2,1397715000.0,35.86166,104.195397,Solar energy equipment,1
1516,2000,Healthcare,Zhu Yiwen & family,59.0,China,Shanghai,Healthcare,Healthcare,China,,True,U,M,1/1/1964 0:00,Zhu,Yiwen,Controlling Shareholder & (Family Estate),4/4/2023 5:01,,,1964.0,1.0,1.0,125.08,2.9,"$19,910,000,000,000 ",50.6,100.2,77.0,9.4,59.2,1397715000.0,35.86166,104.195397,Healthcare,1
1575,1900,Diversified,Roberto Angelini Rossi,74.0,Chile,Santiago,"Forestry, mining",Diversified,Chile,,False,U,M,7/30/1948 0:00,Angelini Rossi,Roberto,Heir & Major Shareholder & Forestry,4/4/2023 5:01,,,1948.0,7.0,30.0,131.91,2.6,"$282,318,159,745 ",88.5,101.4,80.0,18.2,34.0,18952038.0,-35.675147,-71.542969,"Forestry, mining",2
1575,1900,Energy,Mika Anttonen,56.0,Finland,Helsinki,Oil & gas,Energy,Finland,,True,U,M,12/18/1966 0:00,Anttonen,Mika,Founder & Entrepreneur & Oil & gas,4/4/2023 5:01,,,1966.0,12.0,18.0,112.33,1.0,"$268,761,201,365 ",88.2,100.2,81.7,20.8,36.6,5520314.0,61.92411,25.748151,Oil & gas,1
1575,1900,Sports,David Blitzer,53.0,United States,New York,Sports,Sports,United States,,True,N,M,9/7/1969 0:00,Blitzer,David,Founder & Entrepreneur,4/4/2023 5:01,New York,Northeast,1969.0,9.0,7.0,117.24,7.5,"$21,427,700,000,000 ",88.2,101.8,78.5,9.6,36.6,328239523.0,37.09024,-95.712891,Sports,1
1575,1900,Finance & Investments,Julio Bozano,87.0,Brazil,Rio de Janeiro,Banking,Finance & Investments,Brazil,,True,D,M,2/1/1936 0:00,Bozano,Julio,Founder & Entrepreneur,4/4/2023 5:01,,,1936.0,2.0,1.0,167.4,3.7,"$1,839,758,040,766 ",51.3,115.4,75.7,14.2,65.1,212559417.0,-14.235004,-51.92528,Banking,1
1575,1900,Energy,Nikolai Buinov,55.0,Russia,Irkutsk,"Oil, gas",Energy,Russia,,True,U,M,7/9/1967 0:00,Buinov,Nikolai,Founder & Entrepreneur & Oil & gas,4/4/2023 5:01,,,1967.0,7.0,9.0,180.75,4.5,"$1,699,876,578,871 ",81.9,102.6,72.7,11.4,46.2,144373535.0,61.52401,105.318756,"Oil, gas",2
1575,1900,Fashion & Retail,Nicola Bulgari,82.0,Italy,Rome,Luxury goods,Fashion & Retail,Italy,,False,E,M,1/16/1941 0:00,Bulgari,Nicola,Heir & Major Shareholder,4/4/2023 5:01,,,1941.0,1.0,16.0,110.62,0.6,"$2,001,244,392,042 ",61.9,101.9,82.9,24.3,59.1,60297396.0,41.87194,12.56738,Luxury goods,1
1575,1900,Fashion & Retail,"Howard Butt, III. & family",71.0,United States,San Antonio,Supermarkets,Fashion & Retail,United States,,False,N,M,4/4/1952 0:00,Butt,Howard,Controlling Shareholder & (Family Estate),4/4/2023 5:01,Texas,South,1952.0,4.0,4.0,117.24,7.5,"$21,427,700,000,000 ",88.2,101.8,78.5,9.6,36.6,328239523.0,37.09024,-95.712891,Supermarkets,1
1575,1900,Fashion & Retail,Stephen Butt & family,67.0,,,Supermarkets,Fashion & Retail,United States,,False,N,M,5/24/1955 0:00,Butt,Stephen,Controlling Shareholder & (Family Estate),4/4/2023 5:01,,,1955.0,5.0,24.0,,,,,,,,,,,,Supermarkets,1
1575,1900,Fashion & Retail,Jianxing Che,56.0,China,Shanghai,Furniture retailing,Fashion & Retail,China,,True,D,M,7/18/1966 0:00,Che,Jianxing,Founder & Entrepreneur,4/4/2023 5:01,,,1966.0,7.0,18.0,125.08,2.9,"$19,910,000,000,000 ",50.6,100.2,77.0,9.4,59.2,1397715000.0,35.86166,104.195397,Furniture retailing,1
1575,1900,Manufacturing,Huxiong Chen,52.0,China,Shanghai,Stationery,Manufacturing,China,,True,D,M,7/1/1970 0:00,Chen,Huxiong,Founder & Entrepreneur,4/4/2023 5:01,,,1970.0,7.0,1.0,125.08,2.9,"$19,910,000,000,000 ",50.6,100.2,77.0,9.4,59.2,1397715000.0,35.86166,104.195397,Stationery,1
1575,1900,Energy,Chen Qiongxiang,,China,Ningde,Batteries,Energy,China,,True,D,F,,Chen,Qiongxiang,Founder & Entrepreneur,4/4/2023 5:01,,,,,,125.08,2.9,"$19,910,000,000,000 ",50.6,100.2,77.0,9.4,59.2,1397715000.0,35.86166,104.195397,Batteries,1
1575,1900,Technology,Chen Zhisong,57.0,China,Xiamen,Communication equipment,Technology,China,,True,D,M,1/7/1966 0:00,Chen,Zhisong,Founder & Entrepreneur,4/4/2023 5:01,,,1966.0,1.0,7.0,125.08,2.9,"$19,910,000,000,000 ",50.6,100.2,77.0,9.4,59.2,1397715000.0,35.86166,104.195397,Communication equipment,1
1575,1900,Diversified,Manas Chiaravanond,,Thailand,Bangkok,Diversified,Diversified,Thailand,,False,U,M,,Chiaravanond,Manas,Heir & Major Shareholder,4/4/2023 5:01,,,,,,113.27,0.7,"$543,649,976,166 ",49.3,99.8,76.9,14.9,29.5,69625582.0,15.870032,100.992541,Diversified,10
1575,1900,Diversified,Prathip Chiravanond,74.0,Thailand,Bangkok,Diversified,Diversified,Thailand,,False,R,M,10/21/1948 0:00,Chiravanond,Prathip,Heir & Major Shareholder,4/4/2023 5:01,,,1948.0,10.0,21.0,113.27,0.7,"$543,649,976,166 ",49.3,99.8,76.9,14.9,29.5,69625582.0,15.870032,100.992541,Diversified,10
1575,1900,Food & Beverage,Alexandra Daitch,60.0,United States,Old Lyme,Cargill,Food & Beverage,United States,,False,D,F,1/1/1963 0:00,Daitch,Alexandra,Heir & Major Shareholder,4/4/2023 5:01,Connecticut,Northeast,1963.0,1.0,1.0,117.24,7.5,"$21,427,700,000,000 ",88.2,101.8,78.5,9.6,36.6,328239523.0,37.09024,-95.712891,Cargill,1
1575,1900,Food & Beverage,Sol Daurella,57.0,Spain,Madrid,Coca-Cola bottler,Food & Beverage,Spain,,False,U,F,1/1/1966 0:00,Daurella,Sol,Heir & Major Shareholder,4/4/2023 5:01,,,1966.0,1.0,1.0,110.96,0.7,"$1,394,116,310,769 ",88.9,102.7,83.3,14.2,47.0,47076781.0,40.463667,-3.74922,Coca-Cola bottler,1
1575,1900,Sports,Mark Davis,67.0,United States,Henderson,Las Vegas Raiders,Sports,United States,,False,N,M,5/18/1955 0:00,Davis,Mark,Heir & Major Shareholder & Las,4/4/2023 5:01,Nevada,West,1955.0,5.0,18.0,117.24,7.5,"$21,427,700,000,000 ",88.2,101.8,78.5,9.6,36.6,328239523.0,37.09024,-95.712891,Las Vegas Raiders,1
1575,1900,Finance & Investments,James Dinan,63.0,United States,North Salem,Hedge funds,Finance & Investments,United States,York Capital Management,True,E,M,5/22/1959 0:00,Dinan,James,Founder,4/4/2023 5:01,New York,Northeast,1959.0,5.0,22.0,117.24,7.5,"$21,427,700,000,000 ",88.2,101.8,78.5,9.6,36.6,328239523.0,37.09024,-95.712891,"Hedge funds, York Capital Management",2
1575,1900,Healthcare,Dong Fan,53.0,China,Zhuhai,Medical devices,Healthcare,China,,True,D,M,,Dong,Fan,Founder & Entrepreneur,4/4/2023 5:01,,,,,,125.08,2.9,"$19,910,000,000,000 ",50.6,100.2,77.0,9.4,59.2,1397715000.0,35.86166,104.195397,Medical devices,1
1575,1900,Automotive,Fritz Draexlmaier,,Germany,Landshut,Auto parts,Automotive,Germany,,False,U,M,,Draexlmaier,Fritz,Heir & Major Shareholder,4/4/2023 5:01,,,,,,112.85,1.4,"$3,845,630,030,824 ",70.2,104.0,80.9,11.5,48.8,83132799.0,51.165691,10.451526,Auto parts,1
1575,1900,Diversified,Bulent Eczacibasi,73.0,Turkey,Istanbul,"Pharmaceuticals, diversified",Diversified,Turkey,,False,U,M,12/25/1949 0:00,Eczacibasi,Bulent,Heir & Major Shareholder & Pharmaceuticals,4/4/2023 5:01,,,1949.0,12.0,25.0,234.44,15.2,"$754,411,708,203 ",23.9,93.2,77.4,17.9,42.3,83429615.0,38.963745,35.243322,"Pharmaceuticals, diversified",10
1575,1900,Diversified,Faruk Eczacibasi,68.0,Turkey,Istanbul,"Pharmaceuticals, diversified",Diversified,Turkey,,False,U,M,6/15/1954 0:00,Eczacibasi,Faruk,Heir & Major Shareholder & Pharmaceuticals,4/4/2023 5:01,,,1954.0,6.0,15.0,234.44,15.2,"$754,411,708,203 ",23.9,93.2,77.4,17.9,42.3,83429615.0,38.963745,35.243322,"Pharmaceuticals, diversified",10
1575,1900,Diversified,Eduardo Eurnekian,90.0,Argentina,Buenos Aires,"Airports, investments",Diversified,Argentina,,True,U,M,12/4/1932 0:00,Eurnekian,Eduardo,Founder & Entrepreneur & Airports,4/4/2023 5:01,,,1932.0,12.0,4.0,232.75,53.5,"$449,663,446,954 ",90.0,109.7,76.5,10.1,106.3,44938712.0,-38.416097,-63.616672,"Airports, investments",2
1575,1900,Real Estate,David Fong,65.0,Hong Kong,Hong Kong,Real estate,Real Estate,Hong Kong,,False,N,M,5/29/1957 0:00,Fong,David,Heir & Major Shareholder,4/4/2023 5:01,,,1957.0,5.0,29.0,,,,,,,,,,,,Real estate,1
1575,1900,Fashion & Retail,Guo Zhenyu & family,59.0,China,Kunming,Cosmetics,Fashion & Retail,Canada,,True,D,M,11/1/1963 0:00,Guo,Zhenyu,Controlling Shareholder & (Family Estate),4/4/2023 5:01,,,1963.0,11.0,1.0,125.08,2.9,"$19,910,000,000,000 ",50.6,100.2,77.0,9.4,59.2,1397715000.0,35.86166,104.195397,Cosmetics,1
1575,1900,Manufacturing,Surjit Kumar Gupta,81.0,India,Delhi,Electrical equipment,Manufacturing,India,,False,U,M,1/13/1942 0:00,Gupta,Surjit Kumar,Heir & Major Shareholder,4/4/2023 5:01,,,1942.0,1.0,13.0,180.44,7.7,"$2,611,000,000,000 ",28.1,113.0,69.4,11.2,49.7,1366417754.0,20.593684,78.96288,Electrical equipment,1
1575,1900,Diversified,Caroline Hagen Kjos,39.0,Switzerland,Wollerau,Conglomerate,Diversified,Norway,,False,D,F,1/1/1984 0:00,Hagen Kjos,Caroline,Heir & Major Shareholder,4/4/2023 5:01,,,1984.0,1.0,1.0,99.55,0.4,"$703,082,435,360 ",59.6,105.2,83.6,10.1,28.8,8574832.0,46.818188,8.227512,Conglomerate,1
1575,1900,Finance & Investments,Roberto Hernandez Ramirez,81.0,Mexico,Mexico City,"Banking, investments",Finance & Investments,Mexico,,True,E,M,3/24/1942 0:00,Hernandez Ramirez,Roberto,Founder & Entrepreneur & Banking,4/4/2023 5:01,,,1942.0,3.0,24.0,141.54,3.6,"$1,258,286,717,125 ",40.2,105.8,75.0,13.1,55.1,126014024.0,23.634501,-102.552784,"Banking, investments",2
1575,1900,Technology,Reid Hoffman,55.0,United States,Palo Alto,LinkedIn,Technology,United States,Greylock,True,D,M,8/5/1967 0:00,Hoffman,Reid,Founder & Lead Investor,4/4/2023 5:01,California,West,1967.0,8.0,5.0,117.24,7.5,"$21,427,700,000,000 ",88.2,101.8,78.5,9.6,36.6,328239523.0,37.09024,-95.712891,"Greylock, LinkedIn",2
1575,1900,Manufacturing,Hu Rongda & family,64.0,China,Jinhua,Chemicals,Manufacturing,China,,True,U,M,1/1/1959 0:00,Hu,Rongda,Controlling Shareholder & (Family Estate),4/4/2023 5:01,,,1959.0,1.0,1.0,125.08,2.9,"$19,910,000,000,000 ",50.6,100.2,77.0,9.4,59.2,1397715000.0,35.86166,104.195397,Chemicals,1
1575,1900,Real Estate,"B. Wayne Hughes, Jr.",63.0,United States,Jackson,Storage facilities,Real Estate,United States,,False,D,M,5/27/1959 0:00,Hughes,B. Wayne,Heir & Major Shareholder,4/4/2023 5:01,Wyoming,South,1959.0,5.0,27.0,117.24,7.5,"$21,427,700,000,000 ",88.2,101.8,78.5,9.6,36.6,328239523.0,37.09024,-95.712891,Storage facilities,1
1575,1900,Real Estate,Hui Wing Mau,72.0,Hong Kong,Hong Kong,Real estate,Real Estate,Hong Kong,,True,D,M,7/1/1950 0:00,Hui,Wing Mau,Founder & Entrepreneur,4/4/2023 5:01,,,1950.0,7.0,1.0,,,,,,,,,,,,Real estate,1
1575,1900,Finance & Investments,Scott Kapnick,64.0,United States,Naples,Private equity,Finance & Investments,United States,,True,U,M,2/9/1959 0:00,Kapnick,Scott,Founder & Lead Investor,4/4/2023 5:01,Florida,South,1959.0,2.0,9.0,117.24,7.5,"$21,427,700,000,000 ",88.2,101.8,78.5,9.6,36.6,328239523.0,37.09024,-95.712891,Private equity,1
1575,1900,Finance & Investments,Richard Kayne,77.0,United States,Santa Monica,Investments,Finance & Investments,United States,,True,U,M,1/1/1946 0:00,Kayne,Richard,Founder & Entrepreneur,4/4/2023 5:01,California,West,1946.0,1.0,1.0,117.24,7.5,"$21,427,700,000,000 ",88.2,101.8,78.5,9.6,36.6,328239523.0,37.09024,-95.712891,Investments,1
1575,1900,Finance & Investments,Dominika Kulczyk,45.0,United Kingdom,London,Diversified,Finance & Investments,Poland,,False,U,F,7/30/1977 0:00,Kulczyk,Dominika,Heir & Major Shareholder,4/4/2023 5:01,,,1977.0,7.0,30.0,119.62,1.7,"$2,827,113,184,696 ",60.0,101.2,81.3,25.5,30.6,66834405.0,55.378051,-3.435973,Diversified,10
1575,1900,Finance & Investments,Edward Lampert,60.0,United States,Miami Beach,Sears,Finance & Investments,United States,ESL Investments Inc.,True,U,M,7/19/1962 0:00,Lampert,Edward,Founder,4/4/2023 5:01,Florida,South,1962.0,7.0,19.0,117.24,7.5,"$21,427,700,000,000 ",88.2,101.8,78.5,9.6,36.6,328239523.0,37.09024,-95.712891,"ESL Investments Inc., Sears",2
1575,1900,Diversified,Somsri Lamsam,,Thailand,Bangkok,Diversified,Diversified,Thailand,,False,N,M,,Lamsam,Somsri,Heir & Major Shareholder,4/4/2023 5:01,,,,,,113.27,0.7,"$543,649,976,166 ",49.3,99.8,76.9,14.9,29.5,69625582.0,15.870032,100.992541,Diversified,10
1575,1900,Food & Beverage,James Leprino,85.0,United States,Indian Hills,Cheese,Food & Beverage,United States,Leprino Foods,False,D,M,11/22/1937 0:00,Leprino,James,Chairman,4/4/2023 5:01,Colorado,West,1937.0,11.0,22.0,117.24,7.5,"$21,427,700,000,000 ",88.2,101.8,78.5,9.6,36.6,328239523.0,37.09024,-95.712891,"Cheese, Leprino Foods",2
1575,1900,Real Estate,David Lichtenstein,61.0,United States,Monsey,Real estate,Real Estate,United States,,True,E,M,11/21/1961 0:00,Lichtenstein,David,Founder & Entrepreneur,4/4/2023 5:01,New York,Northeast,1961.0,11.0,21.0,117.24,7.5,"$21,427,700,000,000 ",88.2,101.8,78.5,9.6,36.6,328239523.0,37.09024,-95.712891,Real estate,1
1575,1900,Real Estate,Lin Dingqiang & family,56.0,China,Beijing,Real estate,Real Estate,Hong Kong,,True,E,M,10/1/1966 0:00,Lin,Dingqiang,Controlling Shareholder & (Family ),4/4/2023 5:01,,,1966.0,10.0,1.0,125.08,2.9,"$19,910,000,000,000 ",50.6,100.2,77.0,9.4,59.2,1397715000.0,35.86166,104.195397,Real estate,1
1575,1900,Food & Beverage,Sarah MacMillan,69.0,United States,Los Angeles,Cargill,Food & Beverage,United States,,False,D,F,1/1/1954 0:00,MacMillan,Sarah,Heir & Major Shareholder,4/4/2023 5:01,California,West,1954.0,1.0,1.0,117.24,7.5,"$21,427,700,000,000 ",88.2,101.8,78.5,9.6,36.6,328239523.0,37.09024,-95.712891,Cargill,1
1575,1900,Telecom,Strive Masiyiwa,62.0,United Kingdom,London,Telecom,Telecom,Zimbabwe,,True,D,M,1/29/1961 0:00,Masiyiwa,Strive,Founder & Entrepreneur,4/4/2023 5:01,,,1961.0,1.0,29.0,119.62,1.7,"$2,827,113,184,696 ",60.0,101.2,81.3,25.5,30.6,66834405.0,55.378051,-3.435973,Telecom,1
1575,1900,Fashion & Retail,Robert Miller,89.0,Hong Kong,Hong Kong,Retail,Fashion & Retail,United Kingdom,,True,D,M,5/23/1933 0:00,Miller,Robert,Founder & Entrepreneur,4/4/2023 5:01,,,1933.0,5.0,23.0,,,,,,,,,,,,Retail,1
1575,1900,Technology,Simon Nixon,55.0,United Kingdom,"St. Brelade, Jersey",Price comparison website,Technology,United Kingdom,,True,U,M,8/1/1967 0:00,Nixon,Simon,Founder & Entrepreneur,4/4/2023 5:01,,,1967.0,8.0,1.0,119.62,1.7,"$2,827,113,184,696 ",60.0,101.2,81.3,25.5,30.6,66834405.0,55.378051,-3.435973,Price comparison website,1
1575,1900,Food & Beverage,Kentaro Ogawa,74.0,Japan,Tokyo,Restaurants,Food & Beverage,Japan,,True,U,M,7/1/1948 0:00,Ogawa,Kentaro,Founder & Entrepreneur,4/4/2023 5:01,,,1948.0,7.0,1.0,105.48,0.5,"$5,081,769,542,380 ",63.2,98.8,84.2,11.9,46.7,126226568.0,36.204824,138.252924,Restaurants,1
1575,1900,Manufacturing,Ajay Parekh,65.0,India,Mumbai,Adhesives,Manufacturing,India,,False,D,M,6/23/1957 0:00,Parekh,Ajay,Heir & Major Shareholder,4/4/2023 5:01,,,1957.0,6.0,23.0,180.44,7.7,"$2,611,000,000,000 ",28.1,113.0,69.4,11.2,49.7,1366417754.0,20.593684,78.96288,Adhesives,1
1575,1900,Manufacturing,Narendrakumar Parekh,84.0,India,Mumbai,Adhesives,Manufacturing,India,,False,D,M,4/17/1938 0:00,Parekh,Narendrakumar,Heir & Major Shareholder,4/4/2023 5:01,,,1938.0,4.0,17.0,180.44,7.7,"$2,611,000,000,000 ",28.1,113.0,69.4,11.2,49.7,1366417754.0,20.593684,78.96288,Adhesives,1
1575,1900,Finance & Investments,Jennifer Pritzker,72.0,United States,Chicago,"Hotels, investments",Finance & Investments,United States,Tawani Enterprises,False,D,F,8/13/1950 0:00,Pritzker,Jennifer,CEO & Hotels,4/4/2023 5:01,Illinois,Midwest,1950.0,8.0,13.0,117.24,7.5,"$21,427,700,000,000 ",88.2,101.8,78.5,9.6,36.6,328239523.0,37.09024,-95.712891,"Hotels, Tawani Enterprises, investments",3
1575,1900,Fashion & Retail,G. Rajendran,80.0,India,Chennai,Jewellery,Fashion & Retail,India,,True,U,M,10/5/1942 0:00,Rajendran,G.,Founder & Entrepreneur,4/4/2023 5:01,,,1942.0,10.0,5.0,180.44,7.7,"$2,611,000,000,000 ",28.1,113.0,69.4,11.2,49.7,1366417754.0,20.593684,78.96288,Jewellery,1
1575,1900,Manufacturing,Ren Jianhua,66.0,China,Hangzhou,Kitchen appliances,Manufacturing,China,,True,D,M,8/1/1956 0:00,Ren,Jianhua,Founder & Entrepreneur,4/4/2023 5:01,,,1956.0,8.0,1.0,125.08,2.9,"$19,910,000,000,000 ",50.6,100.2,77.0,9.4,59.2,1397715000.0,35.86166,104.195397,Kitchen appliances,1
1575,1900,Finance & Investments,Larry Robbins,53.0,United States,Alpine,Hedge funds,Finance & Investments,United States,Glenview Capital Management,True,E,M,10/21/1969 0:00,Robbins,Larry,Founder & Lead Investor,4/4/2023 5:01,New Jersey,Northeast,1969.0,10.0,21.0,117.24,7.5,"$21,427,700,000,000 ",88.2,101.8,78.5,9.6,36.6,328239523.0,37.09024,-95.712891,"Glenview Capital Management, Hedge funds",2
1575,1900,Construction & Engineering,Dwight Schar,81.0,United States,Palm Beach,"Homebuilding, NFL team",Construction & Engineering,United States,,True,E,M,2/8/1942 0:00,Schar,Dwight,Founder & Entrepreneur & Homebuilding & NFL,4/4/2023 5:01,Florida,South,1942.0,2.0,8.0,117.24,7.5,"$21,427,700,000,000 ",88.2,101.8,78.5,9.6,36.6,328239523.0,37.09024,-95.712891,"Homebuilding, NFL team",2
1575,1900,Energy,Shao Jianxiong,,China,Hangzhou,Photovoltaics,Energy,China,,True,U,M,,Shao,Jianxiong,Founder & Entrepreneur,4/4/2023 5:01,,,,,,125.08,2.9,"$19,910,000,000,000 ",50.6,100.2,77.0,9.4,59.2,1397715000.0,35.86166,104.195397,Photovoltaics,1
1575,1900,Manufacturing,Qinxiang Shao,68.0,China,Hangzhou,Diversified,Manufacturing,China,,True,U,M,9/1/1954 0:00,Shao,Qinxiang,Founder & Entrepreneur,4/4/2023 5:01,,,1954.0,9.0,1.0,125.08,2.9,"$19,910,000,000,000 ",50.6,100.2,77.0,9.4,59.2,1397715000.0,35.86166,104.195397,Diversified,10
1575,1900,Technology,Hua Shen,60.0,China,Jiaxing,Semiconductors,Technology,United States,,True,D,M,1/1/1963 0:00,Shen,Hua,Founder & Entrepreneur,4/4/2023 5:01,,,1963.0,1.0,1.0,125.08,2.9,"$19,910,000,000,000 ",50.6,100.2,77.0,9.4,59.2,1397715000.0,35.86166,104.195397,Semiconductors,1
1575,1900,Manufacturing,Shi Wen-long,95.0,Taiwan,Tainan,Plastics,Manufacturing,Taiwan,,True,D,M,2/1/1928 0:00,Shi,Wen-long,Founder & Entrepreneur,4/4/2023 5:01,,,1928.0,2.0,1.0,,,,,,,,,,,,Plastics,1
1575,1900,Finance & Investments,Peter Sondakh,73.0,Indonesia,Surabaya,Investments,Finance & Investments,Indonesia,,True,D,M,2/26/1950 0:00,Sondakh,Peter,Founder & Entrepreneur,4/4/2023 5:01,,,1950.0,2.0,26.0,151.18,3.0,"$1,119,190,780,753 ",36.3,106.4,71.5,10.2,30.1,270203917.0,-0.789275,113.921327,Investments,1
1575,1900,Food & Beverage,Lucy Stitzer,63.0,United States,Greenwich,Cargill,Food & Beverage,United States,,False,D,F,1/1/1960 0:00,Stitzer,Lucy,Heir & Major Shareholder,4/4/2023 5:01,Connecticut,Northeast,1960.0,1.0,1.0,117.24,7.5,"$21,427,700,000,000 ",88.2,101.8,78.5,9.6,36.6,328239523.0,37.09024,-95.712891,Cargill,1
1575,1900,Diversified,Elizabeth Sy,70.0,Philippines,Manila,Diversified,Diversified,Philippines,,False,D,F,6/1/1952 0:00,Sy,Elizabeth,Heir & Major Shareholder,4/4/2023 5:01,,,1952.0,6.0,1.0,129.61,2.5,"$376,795,508,680 ",35.5,107.5,71.1,14.0,43.1,108116615.0,12.879721,121.774017,Diversified,10
1575,1900,Manufacturing,Hermanto Tanoko,60.0,Indonesia,Surabaya,Paints,Manufacturing,Indonesia,,False,Split Family Fortune,M,9/17/1962 0:00,Tanoko,Hermanto,Heir & Major Shareholder,4/4/2023 5:01,,,1962.0,9.0,17.0,151.18,3.0,"$1,119,190,780,753 ",36.3,106.4,71.5,10.2,30.1,270203917.0,-0.789275,113.921327,Paints,1
1575,1900,Construction & Engineering,Mehmet Sinan Tara,64.0,Turkey,Istanbul,Construction,Construction & Engineering,Turkey,,False,U,M,5/24/1958 0:00,Tara,Mehmet Sinan,Heir & Major Shareholder,4/4/2023 5:01,,,1958.0,5.0,24.0,234.44,15.2,"$754,411,708,203 ",23.9,93.2,77.4,17.9,42.3,83429615.0,38.963745,35.243322,Construction,1
1575,1900,Fashion & Retail,Masateru Uno & family,76.0,Japan,Fukuoka,Drugstores,Fashion & Retail,Japan,,True,D,M,2/6/1947 0:00,Uno,Masateru,Controlling Shareholder & (Family Estate),4/4/2023 5:01,,,1947.0,2.0,6.0,105.48,0.5,"$5,081,769,542,380 ",63.2,98.8,84.2,11.9,46.7,126226568.0,36.204824,138.252924,Drugstores,1
1575,1900,Energy,Vardis Vardinoyannis & family,90.0,Greece,Athens,Oil and gas,Energy,Greece,,True,U,M,1/1/1933 0:00,Vardinoyannis & family,Vardis,Controlling Shareholder & Oil and gas (Family Estate),4/4/2023 5:01,,,1933.0,1.0,1.0,101.87,0.2,"$209,852,761,469 ",136.6,99.6,81.3,26.2,51.9,10716322.0,39.074208,21.824312,Oil and gas,1
1575,1900,Real Estate,Jitendra Virwani,57.0,India,Bangalore,Real estate,Real Estate,India,,False,D,M,2/18/1966 0:00,Virwani,Jitendra,Heir & Major Shareholder,4/4/2023 5:01,,,1966.0,2.0,18.0,180.44,7.7,"$2,611,000,000,000 ",28.1,113.0,69.4,11.2,49.7,1366417754.0,20.593684,78.96288,Real estate,1
1575,1900,Real Estate,Wang Chaobin,67.0,China,Zhengzhou,Real estate,Real Estate,China,,True,E,M,1/1/1956 0:00,Wang,Chaobin,Founder & Entrepreneur,4/4/2023 5:01,,,1956.0,1.0,1.0,125.08,2.9,"$19,910,000,000,000 ",50.6,100.2,77.0,9.4,59.2,1397715000.0,35.86166,104.195397,Real estate,1
1575,1900,Fashion & Retail,Wang Ren-sheng,91.0,China,Zhengzhou,Retail,Fashion & Retail,Taiwan,,True,D,M,12/1/1931 0:00,Wang,Ren-sheng,Founder & Entrepreneur,4/4/2023 5:01,,,1931.0,12.0,1.0,125.08,2.9,"$19,910,000,000,000 ",50.6,100.2,77.0,9.4,59.2,1397715000.0,35.86166,104.195397,Retail,1
1575,1900,Food & Beverage,Charlotte Colket Weber,80.0,United States,Hobe Sound,Campbell Soup,Food & Beverage,United States,Campbell Soup,False,U,F,11/19/1942 0:00,Weber,Charlotte Colket,Heir & Major Shareholder,4/4/2023 5:01,Florida,South,1942.0,11.0,19.0,117.24,7.5,"$21,427,700,000,000 ",88.2,101.8,78.5,9.6,36.6,328239523.0,37.09024,-95.712891,Campbell Soup,1
1575,1900,Healthcare,Xie Juhua & family,72.0,China,Nanjing,Pharmaceuticals,Healthcare,China,,False,D,F,1/1/1951 0:00,Xie,Juhua,Controlling Shareholder & (Family Estate),4/4/2023 5:01,,,1951.0,1.0,1.0,125.08,2.9,"$19,910,000,000,000 ",50.6,100.2,77.0,9.4,59.2,1397715000.0,35.86166,104.195397,Pharmaceuticals,1
1575,1900,Manufacturing,Chuanhua Xu & family,88.0,China,Hangzhou,"Chemicals, logistics",Manufacturing,China,Transfar Group,True,D,M,1/1/1935 0:00,Xu,Chuanhua,Founder & Chemicals,4/4/2023 5:01,,,1935.0,1.0,1.0,125.08,2.9,"$19,910,000,000,000 ",50.6,100.2,77.0,9.4,59.2,1397715000.0,35.86166,104.195397,"Chemicals, Transfar Group, logistics",3
1575,1900,Finance & Investments,Gavril Yushvaev & family,65.0,Israel,,"Precious metals, real estate",Finance & Investments,Russia,,True,U,M,7/23/1957 0:00,Yushvaev,Gavril,Controlling Shareholder & metals & (Family ),4/4/2023 5:01,,,1957.0,7.0,23.0,108.15,0.8,"$395,098,666,122 ",63.4,104.9,82.8,23.1,25.3,9053300.0,31.046051,34.851612,"Precious metals, real estate",2
1575,1900,Diversified,Zhang Hongwei,68.0,China,Beijing,"Oil, banking",Diversified,China,,True,D,M,12/26/1954 0:00,Zhang,Hongwei,Founder & Entrepreneur & Oil,4/4/2023 5:01,,,1954.0,12.0,26.0,125.08,2.9,"$19,910,000,000,000 ",50.6,100.2,77.0,9.4,59.2,1397715000.0,35.86166,104.195397,"Oil, banking",2
1575,1900,Manufacturing,Anita Zucker,71.0,United States,Charleston,Chemicals,Manufacturing,United States,,False,U,F,1/19/1952 0:00,Zucker,Anita,Heir & Major Shareholder,4/4/2023 5:01,South Carolina,South,1952.0,1.0,19.0,117.24,7.5,"$21,427,700,000,000 ",88.2,101.8,78.5,9.6,36.6,328239523.0,37.09024,-95.712891,Chemicals,1
1647,1800,Technology,Cameron Adams,43.0,Australia,Sydney,Software,Technology,Australia,,True,D,M,12/26/1979 0:00,Adams,Cameron,Founder & Entrepreneur,4/4/2023 5:01,,,1979.0,12.0,26.0,119.8,1.6,"$1,392,680,589,329 ",113.1,100.3,82.7,23.0,47.4,25766605.0,-25.274398,133.775136,Software,1
1647,1800,Fashion & Retail,Will Adderley,51.0,United Kingdom,,Home furnishings,Fashion & Retail,United Kingdom,,False,Split Family Fortune,M,3/4/1972 0:00,Adderley,Will,Heir & Major Shareholder,4/4/2023 5:01,,,1972.0,3.0,4.0,119.62,1.7,"$2,827,113,184,696 ",60.0,101.2,81.3,25.5,30.6,66834405.0,55.378051,-3.435973,Home furnishings,1
1647,1800,Diversified,Faisal Bin Qassim Al Thani,75.0,Qatar,Doha,"Hotels, diversified",Diversified,Qatar,,True,D,M,1/1/1948 0:00,Al Thani,Faisal Bin Qassim,Founder & Entrepreneur & Hotels,4/4/2023 5:01,,,1948.0,1.0,1.0,115.38,-0.7,"$183,466,208,791 ",17.9,103.8,80.1,14.7,11.3,2832067.0,25.354826,51.183884,"Hotels, diversified",10
1647,1800,Sports,Leslie Alexander,79.0,United States,Houston,Sports team,Sports,United States,,True,E,M,6/30/1943 0:00,Alexander,Leslie,Founder & Entrepreneur,4/4/2023 5:01,Texas,South,1943.0,6.0,30.0,117.24,7.5,"$21,427,700,000,000 ",88.2,101.8,78.5,9.6,36.6,328239523.0,37.09024,-95.712891,Sports team,1
1647,1800,Real Estate,Masaaki Arai,57.0,Japan,Tokyo,Home sales,Real Estate,Japan,,True,D,M,10/29/1965 0:00,Arai,Masaaki,Founder & Entrepreneur,4/4/2023 5:01,,,1965.0,10.0,29.0,105.48,0.5,"$5,081,769,542,380 ",63.2,98.8,84.2,11.9,46.7,126226568.0,36.204824,138.252924,Home sales,1
1647,1800,Fashion & Retail,Sabrina Benetton,49.0,Italy,Treviso,"Fashion retail, investments",Fashion & Retail,Italy,,False,U,F,10/4/1973 0:00,Benetton,Sabrina,Heir & Major Shareholder,4/4/2023 5:01,,,1973.0,10.0,4.0,110.62,0.6,"$2,001,244,392,042 ",61.9,101.9,82.9,24.3,59.1,60297396.0,41.87194,12.56738,"Fashion retail, investments",2
1647,1800,Technology,Sanjeev Bikhchandani,59.0,India,Delhi,Internet,Technology,India,,True,D,M,6/29/1963 0:00,Bikhchandani,Sanjeev,Founder & Entrepreneur,4/4/2023 5:01,,,1963.0,6.0,29.0,180.44,7.7,"$2,611,000,000,000 ",28.1,113.0,69.4,11.2,49.7,1366417754.0,20.593684,78.96288,Internet,1
1647,1800,Finance & Investments,O. Francis Biondi,58.0,United States,New York,Hedge funds,Finance & Investments,United States,,True,E,M,7/4/1964 0:00,Biondi,O. Francis,Founder & Entrepreneur,4/4/2023 5:01,New York,Northeast,1964.0,7.0,4.0,117.24,7.5,"$21,427,700,000,000 ",88.2,101.8,78.5,9.6,36.6,328239523.0,37.09024,-95.712891,Hedge funds,1
1647,1800,Energy,Alejandro Bulgheroni,78.0,Uruguay,Manantiales,Oil & gas,Energy,Argentina,,False,D,M,11/1/1944 0:00,Bulgheroni,Alejandro,Heir & Major Shareholder & Oil & gas,4/4/2023 5:01,,,1944.0,11.0,1.0,202.92,7.9,"$56,045,912,952 ",63.1,108.5,77.8,20.1,41.8,3461734.0,-32.522779,-55.765835,Oil & gas,1
1647,1800,Food & Beverage,R.G. Chandramogan,74.0,India,Chennai,Dairy,Food & Beverage,India,,True,D,M,3/1/1949 0:00,Chandramogan,R.G.,Founder & Entrepreneur,4/4/2023 5:01,,,1949.0,3.0,1.0,180.44,7.7,"$2,611,000,000,000 ",28.1,113.0,69.4,11.2,49.7,1366417754.0,20.593684,78.96288,Dairy,1
1647,1800,Diversified,Binod Chaudhary,67.0,Nepal,Kathmandu,Diversified,Diversified,Nepal,,False,U,M,4/14/1955 0:00,Chaudhary,Binod,Heir & Major Shareholder,4/4/2023 5:01,,,1955.0,4.0,14.0,188.73,5.6,"$30,641,380,604 ",12.4,142.1,70.5,20.7,41.8,28608710.0,28.394857,84.124008,Diversified,10
1647,1800,Technology,Parker Conrad,42.0,United States,San Francisco,Software,Technology,United States,,True,N,M,4/13/1980 0:00,Conrad,Parker,Founder & Entrepreneur,4/4/2023 5:01,California,West,1980.0,4.0,13.0,117.24,7.5,"$21,427,700,000,000 ",88.2,101.8,78.5,9.6,36.6,328239523.0,37.09024,-95.712891,Software,1
1647,1800,Technology,Tim Cook,62.0,United States,Cupertino,Apple,Technology,United States,Apple,True,D,M,11/1/1960 0:00,Cook,Tim,CEO,4/4/2023 5:01,California,West,1960.0,11.0,1.0,117.24,7.5,"$21,427,700,000,000 ",88.2,101.8,78.5,9.6,36.6,328239523.0,37.09024,-95.712891,Apple,1
1647,1800,Finance & Investments,Mark Coombs,62.0,United Kingdom,London,Finance,Finance & Investments,United Kingdom,,True,E,M,1/1/1961 0:00,Coombs,Mark,Founder & Entrepreneur,4/4/2023 5:01,,,1961.0,1.0,1.0,119.62,1.7,"$2,827,113,184,696 ",60.0,101.2,81.3,25.5,30.6,66834405.0,55.378051,-3.435973,Finance,1
1647,1800,Media & Entertainment,John de Mol,68.0,Netherlands,Blaricum,TV programs,Media & Entertainment,Netherlands,,True,E,M,3/24/1955 0:00,de Mol,John,Founder & Entrepreneur & TV,4/4/2023 5:01,,,1955.0,3.0,24.0,115.91,2.6,"$909,070,395,161 ",85.0,104.2,81.8,23.0,41.2,17332850.0,52.132633,5.291266,TV programs,1
1647,1800,Construction & Engineering,D. Leopoldo Del Pino,60.0,Spain,Madrid,Construction,Construction & Engineering,Spain,,False,D,M,7/30/1962 0:00,Del Pino,D. Leopoldo,Heir & Major Shareholder,4/4/2023 5:01,,,1962.0,7.0,30.0,110.96,0.7,"$1,394,116,310,769 ",88.9,102.7,83.3,14.2,47.0,47076781.0,40.463667,-3.74922,Construction,1
1647,1800,Technology,Diao Zhizhong,59.0,China,Beijing,Software,Technology,China,,True,U,M,11/6/1963 0:00,Diao,Zhizhong,Founder & Entrepreneur,4/4/2023 5:01,,,1963.0,11.0,6.0,125.08,2.9,"$19,910,000,000,000 ",50.6,100.2,77.0,9.4,59.2,1397715000.0,35.86166,104.195397,Software,1
1647,1800,Healthcare,Robert Duggan,78.0,United States,Clearwater,Pharmaceuticals,Healthcare,United States,,True,D,M,4/28/1944 0:00,Duggan,Robert,Founder & Entrepreneur,4/4/2023 5:01,Florida,South,1944.0,4.0,28.0,117.24,7.5,"$21,427,700,000,000 ",88.2,101.8,78.5,9.6,36.6,328239523.0,37.09024,-95.712891,Pharmaceuticals,1
1647,1800,Sports,James France,78.0,United States,Daytona Beach,"Nascar, racing",Sports,United States,,False,E,M,10/24/1944 0:00,France,James,Heir & Major Shareholder & Nascar,4/4/2023 5:01,Florida,South,1944.0,10.0,24.0,117.24,7.5,"$21,427,700,000,000 ",88.2,101.8,78.5,9.6,36.6,328239523.0,37.09024,-95.712891,"Nascar, racing",2
1647,1800,Healthcare,Phillip Frost,86.0,United States,Miami Beach,Pharmaceuticals,Healthcare,United States,,True,D,M,11/11/1936 0:00,Frost,Phillip,Founder & Entrepreneur,4/4/2023 5:01,Florida,South,1936.0,11.0,11.0,117.24,7.5,"$21,427,700,000,000 ",88.2,101.8,78.5,9.6,36.6,328239523.0,37.09024,-95.712891,Pharmaceuticals,1
1647,1800,Finance & Investments,Jayme Garfinkel & family,77.0,Brazil,Sao Paulo,Insurance,Finance & Investments,Brazil,,False,U,M,11/30/1945 0:00,Garfinkel,Jayme,Controlling Shareholder & (Family Estate),4/4/2023 5:01,,,1945.0,11.0,30.0,167.4,3.7,"$1,839,758,040,766 ",51.3,115.4,75.7,14.2,65.1,212559417.0,-14.235004,-51.92528,Insurance,1
1647,1800,Food & Beverage,Christopher Goldsbury,80.0,United States,San Antonio,Salsa,Food & Beverage,United States,Silver Ventures,False,E,M,1/1/1943 0:00,Goldsbury,Christopher,Heir & Major Shareholder,4/4/2023 5:01,Texas,South,1943.0,1.0,1.0,117.24,7.5,"$21,427,700,000,000 ",88.2,101.8,78.5,9.6,36.6,328239523.0,37.09024,-95.712891,"Salsa, Silver Ventures",2
1647,1800,Healthcare,Yusuf Hamied,86.0,India,Mumbai,Pharmaceuticals,Healthcare,India,,False,D,M,7/26/1936 0:00,Hamied,Yusuf,Heir & Major Shareholder,4/4/2023 5:01,,,1936.0,7.0,26.0,180.44,7.7,"$2,611,000,000,000 ",28.1,113.0,69.4,11.2,49.7,1366417754.0,20.593684,78.96288,Pharmaceuticals,1
1647,1800,Finance & Investments,Brian Higgins,58.0,United States,New York,Hedge funds,Finance & Investments,United States,King Street Capital Management,True,E,M,2/8/1965 0:00,Higgins,Brian,Founder & Lead Investor,4/4/2023 5:01,New York,Northeast,1965.0,2.0,8.0,117.24,7.5,"$21,427,700,000,000 ",88.2,101.8,78.5,9.6,36.6,328239523.0,37.09024,-95.712891,"Hedge funds, King Street Capital Management",2
1647,1800,Real Estate,Wei Huang,63.0,China,Hangzhou,Real estate,Real Estate,China,,True,U,M,9/30/1959 0:00,Huang,Wei,Founder & Entrepreneur,4/4/2023 5:01,,,1959.0,9.0,30.0,125.08,2.9,"$19,910,000,000,000 ",50.6,100.2,77.0,9.4,59.2,1397715000.0,35.86166,104.195397,Real estate,1
1647,1800,Automotive,Yintai Jiang & family,72.0,China,Shanghai,Auto parts,Automotive,China,,True,U,M,7/30/1950 0:00,Jiang,Yintai,Controlling Shareholder & (Family Estate),4/4/2023 5:01,,,1950.0,7.0,30.0,125.08,2.9,"$19,910,000,000,000 ",50.6,100.2,77.0,9.4,59.2,1397715000.0,35.86166,104.195397,Auto parts,1
1647,1800,Healthcare,Lei Jin,57.0,China,Changchun,Pharmaceuticals,Healthcare,China,,True,U,M,8/1/1965 0:00,Jin,Lei,Founder & Entrepreneur,4/4/2023 5:01,,,1965.0,8.0,1.0,125.08,2.9,"$19,910,000,000,000 ",50.6,100.2,77.0,9.4,59.2,1397715000.0,35.86166,104.195397,Pharmaceuticals,1
1647,1800,Healthcare,Jin Lei & family,68.0,China,Beijing,Medical equipment,Healthcare,China,,True,U,M,9/23/1954 0:00,Jin,Lei,Controlling Shareholder & (Family Estate),4/4/2023 5:01,,,1954.0,9.0,23.0,125.08,2.9,"$19,910,000,000,000 ",50.6,100.2,77.0,9.4,59.2,1397715000.0,35.86166,104.195397,Medical equipment,1
1647,1800,Technology,Valentin Kipyatkov,46.0,Cyprus,Peyia,Software,Technology,Cyprus,,True,D,M,6/5/1976 0:00,Kipyatkov,Valentin,Founder & Entrepreneur,4/4/2023 5:01,,,1976.0,6.0,5.0,102.51,0.3,"$24,564,647,935 ",75.9,99.3,80.8,24.5,22.4,1198575.0,35.126413,33.429859,Software,1
1647,1800,Diversified,Koo Kwang-mo,45.0,South Korea,Seoul,LG,Diversified,South Korea,,False,U,M,1/23/1978 0:00,Koo,Kwang-mo,Heir & Major Shareholder & LG,4/4/2023 5:01,,,1978.0,1.0,23.0,115.16,0.4,"$2,029,000,000,000 ",94.3,98.1,82.6,15.6,33.2,51709098.0,35.907757,127.766922,LG,1
1647,1800,Technology,George Kurtz,52.0,United States,Paradise Valley,Security software,Technology,United States,,True,D,M,10/1/1970 0:00,Kurtz,George,Founder & Entrepreneur,4/4/2023 5:01,Arizona,West,1970.0,10.0,1.0,117.24,7.5,"$21,427,700,000,000 ",88.2,101.8,78.5,9.6,36.6,328239523.0,37.09024,-95.712891,Security software,1
1647,1800,Sports,Joe Lacob,67.0,United States,Atherton,Golden State Warriors,Sports,United States,,True,U,M,1/10/1956 0:00,Lacob,Joe,Founder & Entrepreneur,4/4/2023 5:01,California,West,1956.0,1.0,10.0,117.24,7.5,"$21,427,700,000,000 ",88.2,101.8,78.5,9.6,36.6,328239523.0,37.09024,-95.712891,Golden State Warriors,1
1647,1800,Technology,Joe Lau,33.0,United States,Stanford,"Blockchain, technology",Technology,United States,,True,D,M,7/1/1989 0:00,Lau,Joe,Founder & Entrepreneur & Blockchain,4/4/2023 5:01,California,West,1989.0,7.0,1.0,117.24,7.5,"$21,427,700,000,000 ",88.2,101.8,78.5,9.6,36.6,328239523.0,37.09024,-95.712891,"Blockchain, technology",2
1647,1800,Diversified,Louise Lindh,43.0,Sweden,Stockholm,Investments,Diversified,Sweden,,False,U,F,10/20/1979 0:00,Lindh,Louise,Heir & Major Shareholder,4/4/2023 5:01,,,1979.0,10.0,20.0,110.51,1.8,"$530,832,908,738 ",67.0,126.6,82.5,27.9,49.1,10285453.0,60.128161,18.643501,Investments,1
1647,1800,Metals & Mining,Luo Yangyong & family,47.0,China,Panzhihua,Mining,Metals & Mining,China,,True,D,M,6/2/1975 0:00,Luo,Yangyong,Controlling Shareholder & (Family Estate),4/4/2023 5:01,,,1975.0,6.0,2.0,125.08,2.9,"$19,910,000,000,000 ",50.6,100.2,77.0,9.4,59.2,1397715000.0,35.86166,104.195397,Mining,1
1647,1800,Media & Entertainment,Joao Roberto Marinho,69.0,Brazil,Rio de Janeiro,Media,Media & Entertainment,Brazil,,False,D,M,9/16/1953 0:00,Marinho,Joao Roberto,Heir & Major Shareholder,4/4/2023 5:01,,,1953.0,9.0,16.0,167.4,3.7,"$1,839,758,040,766 ",51.3,115.4,75.7,14.2,65.1,212559417.0,-14.235004,-51.92528,Media,1
1647,1800,Media & Entertainment,Jose Roberto Marinho,67.0,Brazil,Rio de Janeiro,Media,Media & Entertainment,Brazil,,False,D,M,12/26/1955 0:00,Marinho,Jose Roberto,Heir & Major Shareholder,4/4/2023 5:01,,,1955.0,12.0,26.0,167.4,3.7,"$1,839,758,040,766 ",51.3,115.4,75.7,14.2,65.1,212559417.0,-14.235004,-51.92528,Media,1
1647,1800,Media & Entertainment,Roberto Irineu Marinho,75.0,Brazil,Rio de Janeiro,Media,Media & Entertainment,Brazil,,False,D,M,10/13/1947 0:00,Marinho,Roberto Irineu,Heir & Major Shareholder,4/4/2023 5:01,,,1947.0,10.0,13.0,167.4,3.7,"$1,839,758,040,766 ",51.3,115.4,75.7,14.2,65.1,212559417.0,-14.235004,-51.92528,Media,1
1647,1800,Healthcare,Gary Michelson,74.0,United States,Los Angeles,Medical patents,Healthcare,United States,,True,E,M,1/14/1949 0:00,Michelson,Gary,Founder & Entrepreneur,4/4/2023 5:01,California,West,1949.0,1.0,14.0,117.24,7.5,"$21,427,700,000,000 ",88.2,101.8,78.5,9.6,36.6,328239523.0,37.09024,-95.712891,Medical patents,1
1647,1800,Technology,Robert G. Miller,77.0,Canada,Montreal,Electronics components,Technology,Canada,Future Electronics,True,E,M,7/3/1945 0:00,Miller,Robert G.,Founder,4/4/2023 5:01,,,1945.0,7.0,3.0,116.76,1.9,"$1,736,425,629,520 ",68.9,100.9,81.9,12.8,24.5,36991981.0,56.130366,-106.346771,"Electronics components, Future Electronics",2
1647,1800,Real Estate,David Mindus,51.0,Sweden,Stockholm,Real estate,Real Estate,Sweden,,True,D,M,1/26/1972 0:00,Mindus,David,Founder & Entrepreneur,4/4/2023 5:01,,,1972.0,1.0,26.0,110.51,1.8,"$530,832,908,738 ",67.0,126.6,82.5,27.9,49.1,10285453.0,60.128161,18.643501,Real estate,1
1647,1800,Technology,Adriaan Mol,39.0,Netherlands,Amsterdam,Fintech,Technology,Netherlands,,True,N,M,3/14/1984 0:00,Mol,Adriaan,Founder & Entrepreneur,4/4/2023 5:01,,,1984.0,3.0,14.0,115.91,2.6,"$909,070,395,161 ",85.0,104.2,81.8,23.0,41.2,17332850.0,52.132633,5.291266,Fintech,1
1647,1800,Real Estate,Mofatraj Munot,78.0,India,Mumbai,Real estate,Real Estate,India,,True,U,M,10/4/1944 0:00,Munot,Mofatraj,Founder & Entrepreneur,4/4/2023 5:01,,,1944.0,10.0,4.0,180.44,7.7,"$2,611,000,000,000 ",28.1,113.0,69.4,11.2,49.7,1366417754.0,20.593684,78.96288,Real estate,1
1647,1800,Finance & Investments,Ezra Nahmad,77.0,Monaco,Monte Carlo,Art,Finance & Investments,Monaco,,False,U,M,7/31/1945 0:00,Nahmad,Ezra,Heir & Major Shareholder & Art,4/4/2023 5:01,,,1945.0,7.0,31.0,,,"$7,184,844,193 ",,,,,,38964.0,43.7384176,7.4246158,Art,1
1647,1800,Manufacturing,Satyanarayan Nuwal,70.0,India,Nagpur,Industrial explosives,Manufacturing,India,,True,U,M,7/25/1952 0:00,Nuwal,Satyanarayan,Founder & Entrepreneur,4/4/2023 5:01,,,1952.0,7.0,25.0,180.44,7.7,"$2,611,000,000,000 ",28.1,113.0,69.4,11.2,49.7,1366417754.0,20.593684,78.96288,Industrial explosives,1
1647,1800,Food & Beverage,Maike Oberwelland-Height,,,,Candy,Food & Beverage,Germany,,False,Split Family Fortune,F,,Oberwelland-Height,Maike,Heir & Major Shareholder,4/4/2023 5:01,,,,,,,,,,,,,,,,,Candy,1
1647,1800,Diversified,Nihat Ozdemir,72.0,Turkey,Ankara,Diversified,Diversified,Turkey,,True,D,M,4/5/1950 0:00,Ozdemir,Nihat,Founder & Entrepreneur,4/4/2023 5:01,,,1950.0,4.0,5.0,234.44,15.2,"$754,411,708,203 ",23.9,93.2,77.4,17.9,42.3,83429615.0,38.963745,35.243322,Diversified,10
1647,1800,Technology,Benjamin Zhengmin Pan & family,53.0,China,Shenzhen,Electronics,Technology,China,,True,D,M,12/1/1969 0:00,Pan,Benjamin Zhengmin,Controlling Shareholder & (Family Estate),4/4/2023 5:01,,,1969.0,12.0,1.0,125.08,2.9,"$19,910,000,000,000 ",50.6,100.2,77.0,9.4,59.2,1397715000.0,35.86166,104.195397,Electronics,1
1647,1800,Media & Entertainment,Pierre Karl Péladeau,61.0,Canada,Montreal,Media,Media & Entertainment,Canada,,False,E,M,10/16/1961 0:00,Péladeau,Pierre Karl,Heir & Major Shareholder,4/4/2023 5:01,,,1961.0,10.0,16.0,116.76,1.9,"$1,736,425,629,520 ",68.9,100.9,81.9,12.8,24.5,36991981.0,56.130366,-106.346771,Media,1
1647,1800,Finance & Investments,Ronald Perelman,80.0,United States,New York,Leveraged buyouts,Finance & Investments,United States,,True,D,M,1/1/1943 0:00,Perelman,Ronald,Founder & Entrepreneur,4/4/2023 5:01,New York,Northeast,1943.0,1.0,1.0,117.24,7.5,"$21,427,700,000,000 ",88.2,101.8,78.5,9.6,36.6,328239523.0,37.09024,-95.712891,Leveraged buyouts,1
1647,1800,Technology,Olivier Pomel,46.0,United States,New York,Cloud computing,Technology,France,Datadog,True,D,M,3/26/1977 0:00,Pomel,Olivier,Founder & Lead Investor,4/4/2023 5:01,New York,Northeast,1977.0,3.0,26.0,117.24,7.5,"$21,427,700,000,000 ",88.2,101.8,78.5,9.6,36.6,328239523.0,37.09024,-95.712891,"Cloud computing, Datadog",2
1647,1800,Media & Entertainment,Krit Ratanarak,76.0,Thailand,Bangkok,"Media, real estate",Media & Entertainment,Thailand,,False,E,M,4/19/1946 0:00,Ratanarak,Krit,Heir & Major Shareholder & Media,4/4/2023 5:01,,,1946.0,4.0,19.0,113.27,0.7,"$543,649,976,166 ",49.3,99.8,76.9,14.9,29.5,69625582.0,15.870032,100.992541,"Media, real estate",2
1647,1800,Manufacturing,Vinod Saraf,70.0,India,Mumbai,Chemicals,Manufacturing,India,,True,D,M,6/16/1952 0:00,Saraf,Vinod,Founder & Entrepreneur,4/4/2023 5:01,,,1952.0,6.0,16.0,180.44,7.7,"$2,611,000,000,000 ",28.1,113.0,69.4,11.2,49.7,1366417754.0,20.593684,78.96288,Chemicals,1
1647,1800,Technology,Karin Schick,,Germany,Gaildorf,Information technology,Technology,Germany,,False,D,F,,Schick,Karin,Heir & Major Shareholder,4/4/2023 5:01,,,,,,112.85,1.4,"$3,845,630,030,824 ",70.2,104.0,80.9,11.5,48.8,83132799.0,51.165691,10.451526,Information technology,1
1647,1800,Metals & Mining,Anatoly Sedykh,58.0,Russia,Moscow,Steel pipes,Metals & Mining,Russia,,True,R,M,11/28/1964 0:00,Sedykh,Anatoly,Founder & Entrepreneur,4/4/2023 5:01,,,1964.0,11.0,28.0,180.75,4.5,"$1,699,876,578,871 ",81.9,102.6,72.7,11.4,46.2,144373535.0,61.52401,105.318756,Steel pipes,1
1647,1800,Food & Beverage,Genhuo Shao,57.0,China,Beijing,Agribusiness,Food & Beverage,China,,True,D,M,7/29/1965 0:00,Shao,Genhuo,Founder & Entrepreneur,4/4/2023 5:01,,,1965.0,7.0,29.0,125.08,2.9,"$19,910,000,000,000 ",50.6,100.2,77.0,9.4,59.2,1397715000.0,35.86166,104.195397,Agribusiness,1
1647,1800,Energy,Shen Xiqiang & family,75.0,China,Yixing,Chemical,Energy,China,,True,D,M,3/2/1948 0:00,Shen,Xiqiang,Controlling Shareholder & (Family Estate),4/4/2023 5:01,,,1948.0,3.0,2.0,125.08,2.9,"$19,910,000,000,000 ",50.6,100.2,77.0,9.4,59.2,1397715000.0,35.86166,104.195397,Chemical,1
1647,1800,Technology,S.D. Shibulal,68.0,India,Bangalore,Software services,Technology,India,,True,D,M,3/1/1955 0:00,Shibulal,S.D.,Founder & Entrepreneur,4/4/2023 5:01,,,1955.0,3.0,1.0,180.44,7.7,"$2,611,000,000,000 ",28.1,113.0,69.4,11.2,49.7,1366417754.0,20.593684,78.96288,Software services,1
1647,1800,Fashion & Retail,Suh Kyung-bae,60.0,South Korea,Seoul,Cosmetics,Fashion & Retail,South Korea,Amorepacific Corp. (New),False,D,M,1/14/1963 0:00,Suh,Kyung-bae,Chairman,4/4/2023 5:01,,,1963.0,1.0,14.0,115.16,0.4,"$2,029,000,000,000 ",94.3,98.1,82.6,15.6,33.2,51709098.0,35.907757,127.766922,"Amorepacific Corp. (New), Cosmetics",2
1647,1800,Food & Beverage,Bambang Sutantio,64.0,Indonesia,,Dairy & consumer products,Food & Beverage,Indonesia,,True,U,M,12/26/1958 0:00,Sutantio,Bambang,Founder & Entrepreneur &,4/4/2023 5:01,,,1958.0,12.0,26.0,151.18,3.0,"$1,119,190,780,753 ",36.3,106.4,71.5,10.2,30.1,270203917.0,-0.789275,113.921327,Dairy & consumer products,1
1647,1800,Manufacturing,Sze Man Bok,73.0,China,Jinjiang,Hygiene products,Manufacturing,China,,True,D,M,1/1/1950 0:00,Sze,Man Bok,Founder & Entrepreneur,4/4/2023 5:01,,,1950.0,1.0,1.0,125.08,2.9,"$19,910,000,000,000 ",50.6,100.2,77.0,9.4,59.2,1397715000.0,35.86166,104.195397,Hygiene products,1
1647,1800,Logistics,Jim Thompson,83.0,Hong Kong,Hong Kong,Logistics,Logistics,United States,,True,U,M,1/14/1940 0:00,Thompson,Jim,Founder & Entrepreneur,4/4/2023 5:01,,,1940.0,1.0,14.0,,,,,,,,,,,,Logistics,1
1647,1800,Manufacturing,Tran Dinh Long,62.0,Vietnam,Hanoi,Steel,Manufacturing,Vietnam,,True,D,M,1/1/1961 0:00,Tran Dinh,Long,Founder & Entrepreneur,4/4/2023 5:01,,,1961.0,1.0,1.0,163.52,2.8,"$261,921,244,843 ",28.5,110.6,75.3,19.1,37.6,96462106.0,14.058324,108.277199,Steel,1
1647,1800,Technology,Alan Trefler,67.0,United States,Brookline,Software,Technology,United States,,True,D,M,3/10/1956 0:00,Trefler,Alan,Founder & Entrepreneur,4/4/2023 5:01,Massachusetts,Northeast,1956.0,3.0,10.0,117.24,7.5,"$21,427,700,000,000 ",88.2,101.8,78.5,9.6,36.6,328239523.0,37.09024,-95.712891,Software,1
1647,1800,Finance & Investments,Riaz Valani,46.0,United States,Malibu,E-cigarettes,Finance & Investments,United States,,True,D,M,9/1/1976 0:00,Valani,Riaz,Founder & Entrepreneur,4/4/2023 5:01,California,West,1976.0,9.0,1.0,117.24,7.5,"$21,427,700,000,000 ",88.2,101.8,78.5,9.6,36.6,328239523.0,37.09024,-95.712891,E-cigarettes,1
1647,1800,Technology,Pieter van der Does,53.0,Netherlands,Amsterdam,Payments software,Technology,Netherlands,,True,D,M,5/1/1969 0:00,van der Does,Pieter,Founder & Entrepreneur,4/4/2023 5:01,,,1969.0,5.0,1.0,115.91,2.6,"$909,070,395,161 ",85.0,104.2,81.8,23.0,41.2,17332850.0,52.132633,5.291266,Payments software,1
1647,1800,Manufacturing,Martin Viessmann,69.0,Germany,Allendorf,Heating and cooling equipment,Manufacturing,Germany,,False,D,M,10/10/1953 0:00,Viessmann,Martin,Heir & Major Shareholder & and,4/4/2023 5:01,,,1953.0,10.0,10.0,112.85,1.4,"$3,845,630,030,824 ",70.2,104.0,80.9,11.5,48.8,83132799.0,51.165691,10.451526,Heating and cooling equipment,1
1647,1800,Technology,Nikil Viswanathan,35.0,United States,San Francisco,Blockchain technology,Technology,United States,,True,D,M,10/16/1987 0:00,Viswanathan,Nikil,Founder & Entrepreneur,4/4/2023 5:01,California,West,1987.0,10.0,16.0,117.24,7.5,"$21,427,700,000,000 ",88.2,101.8,78.5,9.6,36.6,328239523.0,37.09024,-95.712891,Blockchain technology,1
1647,1800,Media & Entertainment,Todd Wagner,62.0,United States,Dallas,Online media,Media & Entertainment,United States,,True,D,M,8/2/1960 0:00,Wagner,Todd,Founder & Entrepreneur,4/4/2023 5:01,Texas,South,1960.0,8.0,2.0,117.24,7.5,"$21,427,700,000,000 ",88.2,101.8,78.5,9.6,36.6,328239523.0,37.09024,-95.712891,Online media,1
1647,1800,Technology,Evan Williams,51.0,United States,San Francisco,Twitter,Technology,United States,Twitter,True,D,M,3/31/1972 0:00,Williams,Evan,Founder & Lead Investor,4/4/2023 5:01,California,West,1972.0,3.0,31.0,117.24,7.5,"$21,427,700,000,000 ",88.2,101.8,78.5,9.6,36.6,328239523.0,37.09024,-95.712891,Twitter,1
1647,1800,Metals & Mining,Kie Chie Wong,75.0,Australia,Sydney,Investments,Metals & Mining,Malaysia,,False,U,M,4/4/1948 0:00,Wong,Kie Chie,Heir & Major Shareholder,4/4/2023 5:01,,,1948.0,4.0,4.0,119.8,1.6,"$1,392,680,589,329 ",113.1,100.3,82.7,23.0,47.4,25766605.0,-25.274398,133.775136,Investments,1
1647,1800,Finance & Investments,Thomas Wu,72.0,Taiwan,Taipei,Finance,Finance & Investments,Taiwan,,False,D,M,4/11/1950 0:00,Wu,Thomas,Heir & Major Shareholder,4/4/2023 5:01,,,1950.0,4.0,11.0,,,,,,,,,,,,Finance,1
1647,1800,Energy,Wu Yingming,56.0,China,Ningde,Batteries,Energy,China,,True,D,M,1/1/1967 0:00,Wu,Yingming,Founder & Entrepreneur,4/4/2023 5:01,,,1967.0,1.0,1.0,125.08,2.9,"$19,910,000,000,000 ",50.6,100.2,77.0,9.4,59.2,1397715000.0,35.86166,104.195397,Batteries,1
1647,1800,Healthcare,Amy Wyss,52.0,United States,Wilson,Medical equipment,Healthcare,United States,,False,D,F,1/1/1971 0:00,Wyss,Amy,Heir & Major Shareholder,4/4/2023 5:01,Wyoming,South,1971.0,1.0,1.0,117.24,7.5,"$21,427,700,000,000 ",88.2,101.8,78.5,9.6,36.6,328239523.0,37.09024,-95.712891,Medical equipment,1
1647,1800,Real Estate,Yan Zhi,50.0,China,Wuhan,Real estate,Real Estate,China,,True,D,M,7/1/1972 0:00,Yan,Zhi,Founder & Entrepreneur,4/4/2023 5:01,,,1972.0,7.0,1.0,125.08,2.9,"$19,910,000,000,000 ",50.6,100.2,77.0,9.4,59.2,1397715000.0,35.86166,104.195397,Real estate,1
1647,1800,Fashion & Retail,Yoshiaki Yoshida,82.0,Japan,,cosmetics,Fashion & Retail,Japan,,True,U,M,1/31/1941 0:00,Yoshida,Yoshiaki,Founder & Entrepreneur,4/4/2023 5:01,,,1941.0,1.0,31.0,105.48,0.5,"$5,081,769,542,380 ",63.2,98.8,84.2,11.9,46.7,126226568.0,36.204824,138.252924,cosmetics,1
1647,1800,Manufacturing,Alan Zekelman,60.0,United States,Bloomfield Hills,Steel,Manufacturing,Canada,,False,U,M,10/1/1962 0:00,Zekelman,Alan,Heir & Major Shareholder,4/4/2023 5:01,Michigan,Midwest,1962.0,10.0,1.0,117.24,7.5,"$21,427,700,000,000 ",88.2,101.8,78.5,9.6,36.6,328239523.0,37.09024,-95.712891,Steel,1
1647,1800,Real Estate,Zhang Li,70.0,China,Guangzhou,Real estate,Real Estate,China,,True,D,M,1/1/1953 0:00,Zhang,Li,Founder & Entrepreneur,4/4/2023 5:01,,,1953.0,1.0,1.0,125.08,2.9,"$19,910,000,000,000 ",50.6,100.2,77.0,9.4,59.2,1397715000.0,35.86166,104.195397,Real estate,1
1725,1700,Sports,Amy Adams Strunk,67.0,United States,Nashville,Tennessee Titans,Sports,United States,Tennessee Titans,False,N,F,9/29/1955 0:00,Adams Strunk,Amy,Heir & Major Shareholder,4/4/2023 5:01,Tennessee,South,1955.0,9.0,29.0,117.24,7.5,"$21,427,700,000,000 ",88.2,101.8,78.5,9.6,36.6,328239523.0,37.09024,-95.712891,Tennessee Titans,1
1725,1700,Finance & Investments,Marc Andreessen,51.0,United States,Atherton,Venture capital investing,Finance & Investments,United States,Andreessen Horowitz,True,E,M,7/9/1971 0:00,Andreessen,Marc,Founder & Lead Investor,4/4/2023 5:01,California,West,1971.0,7.0,9.0,117.24,7.5,"$21,427,700,000,000 ",88.2,101.8,78.5,9.6,36.6,328239523.0,37.09024,-95.712891,"Andreessen Horowitz, Venture capital investing",2
1725,1700,Metals & Mining,Giovanni Arvedi,85.0,Italy,Cremona,Steel,Metals & Mining,Italy,,True,N,M,8/28/1937 0:00,Arvedi,Giovanni,Founder & Entrepreneur,4/4/2023 5:01,,,1937.0,8.0,28.0,110.62,0.6,"$2,001,244,392,042 ",61.9,101.9,82.9,24.3,59.1,60297396.0,41.87194,12.56738,Steel,1
1725,1700,Real Estate,Lesley Bamberger,57.0,Netherlands,Amsterdam,Real estate,Real Estate,Netherlands,,False,U,M,6/3/1965 0:00,Bamberger,Lesley,Heir & Major Shareholder,4/4/2023 5:01,,,1965.0,6.0,3.0,115.91,2.6,"$909,070,395,161 ",85.0,104.2,81.8,23.0,41.2,17332850.0,52.132633,5.291266,Real estate,1
1725,1700,Media & Entertainment,Bang Si-hyuk,50.0,South Korea,Seoul,Entertainment,Media & Entertainment,South Korea,,True,D,M,8/9/1972 0:00,Bang,Si-hyuk,Founder & Entrepreneur,4/4/2023 5:01,,,1972.0,8.0,9.0,115.16,0.4,"$2,029,000,000,000 ",94.3,98.1,82.6,15.6,33.2,51709098.0,35.907757,127.766922,Entertainment,1
1725,1700,Finance & Investments,David Booth,77.0,United States,Austin,Mutual funds,Finance & Investments,United States,Dimensional Fund Advisors,True,E,M,1/1/1946 0:00,Booth,David,Chairman and CEO,4/4/2023 5:01,Texas,South,1946.0,1.0,1.0,117.24,7.5,"$21,427,700,000,000 ",88.2,101.8,78.5,9.6,36.6,328239523.0,37.09024,-95.712891,"Dimensional Fund Advisors, Mutual funds",2
1725,1700,Technology,Jim Breyer,61.0,United States,Austin,Venture capital,Technology,United States,Breyer Capital,True,D,M,7/26/1961 0:00,Breyer,Jim,Founder & Lead Investor,4/4/2023 5:01,Texas,South,1961.0,7.0,26.0,117.24,7.5,"$21,427,700,000,000 ",88.2,101.8,78.5,9.6,36.6,328239523.0,37.09024,-95.712891,"Breyer Capital, Venture capital",2
1725,1700,Manufacturing,Chen Kaichen,,China,Guangzhou,Household chemicals,Manufacturing,China,,True,D,M,,Chen,Kaichen,Founder & Entrepreneur,4/4/2023 5:01,,,,,,125.08,2.9,"$19,910,000,000,000 ",50.6,100.2,77.0,9.4,59.2,1397715000.0,35.86166,104.195397,Household chemicals,1
1725,1700,Manufacturing,Kommer Damen,79.0,Netherlands,Gorinchem,Shipbuilding,Manufacturing,Netherlands,,False,D,M,3/30/1944 0:00,Damen,Kommer,Heir & Major Shareholder,4/4/2023 5:01,,,1944.0,3.0,30.0,115.91,2.6,"$909,070,395,161 ",85.0,104.2,81.8,23.0,41.2,17332850.0,52.132633,5.291266,Shipbuilding,1
1725,1700,Food & Beverage,Carl DeSantis,83.0,United States,Delray Beach,Energy drink,Food & Beverage,United States,,True,U,M,7/19/1939 0:00,DeSantis,Carl,Founder & Entrepreneur,4/4/2023 5:01,Florida,,1939.0,7.0,19.0,117.24,7.5,"$21,427,700,000,000 ",88.2,101.8,78.5,9.6,36.6,328239523.0,37.09024,-95.712891,Energy drink,1
1725,1700,Finance & Investments,Marek Dospiva,53.0,Czech Republic,Prague,Investments,Finance & Investments,Czech Republic,,True,U,M,7/18/1969 0:00,Dospiva,Marek,Founder & Entrepreneur,4/4/2023 5:01,,,1969.0,7.0,18.0,116.48,2.8,"$246,489,245,495 ",64.1,100.7,79.0,14.9,46.1,10669709.0,49.817492,15.472962,Investments,1
1725,1700,Healthcare,Keith Dunleavy & family,53.0,United States,Annapolis,Health IT,Healthcare,United States,,True,E,M,6/25/1969 0:00,Dunleavy,Keith,Controlling Shareholder & IT (Family Estate),4/4/2023 5:01,Maryland,South,1969.0,6.0,25.0,117.24,7.5,"$21,427,700,000,000 ",88.2,101.8,78.5,9.6,36.6,328239523.0,37.09024,-95.712891,Health IT,1
1725,1700,Finance & Investments,John Elkann,47.0,Italy,Turin,"FIAT, investments",Finance & Investments,Italy,,False,D,M,1/4/1976 0:00,Elkann,John,Heir & Major Shareholder & FIAT,4/4/2023 5:01,,,1976.0,1.0,4.0,110.62,0.6,"$2,001,244,392,042 ",61.9,101.9,82.9,24.3,59.1,60297396.0,41.87194,12.56738,"FIAT, investments",2
1725,1700,Automotive,Francois Feuillet & family,74.0,France,Paris,"Motorhomes, RVs",Automotive,France,,False,D,M,1/1/1949 0:00,Feuillet,Francois,Controlling Shareholder & Motorhomes & RVs (Family Estate),4/4/2023 5:01,,,1949.0,1.0,1.0,110.05,1.1,"$2,715,518,274,227 ",65.6,102.5,82.5,24.2,60.7,67059887.0,46.227638,2.213749,"Motorhomes, RVs",2
1725,1700,Media & Entertainment,Yasuhiro Fukushima,75.0,Japan,Tokyo,Video games,Media & Entertainment,Japan,,True,D,M,8/18/1947 0:00,Fukushima,Yasuhiro,Founder & Entrepreneur,4/4/2023 5:01,,,1947.0,8.0,18.0,105.48,0.5,"$5,081,769,542,380 ",63.2,98.8,84.2,11.9,46.7,126226568.0,36.204824,138.252924,Video games,1
1725,1700,Finance & Investments,Mario Gabelli,81.0,United States,Greenwich,Money management,Finance & Investments,United States,,True,D,M,3/31/1942 0:00,Gabelli,Mario,Founder & Entrepreneur,4/4/2023 5:01,Connecticut,Northeast,1942.0,3.0,31.0,117.24,7.5,"$21,427,700,000,000 ",88.2,101.8,78.5,9.6,36.6,328239523.0,37.09024,-95.712891,Money management,1
1725,1700,Finance & Investments,Rolf Gerling,68.0,Switzerland,Zurich,Insurance,Finance & Investments,Germany,,False,E,M,12/15/1954 0:00,Gerling,Rolf,Heir & Major Shareholder,4/4/2023 5:01,,,1954.0,12.0,15.0,99.55,0.4,"$703,082,435,360 ",59.6,105.2,83.6,10.1,28.8,8574832.0,46.818188,8.227512,Insurance,1
1725,1700,Real Estate,John Goff,67.0,United States,Fort Worth,Real estate,Real Estate,United States,,True,U,M,8/26/1955 0:00,Goff,John,Founder & Entrepreneur,4/4/2023 5:01,Texas,South,1955.0,8.0,26.0,117.24,7.5,"$21,427,700,000,000 ",88.2,101.8,78.5,9.6,36.6,328239523.0,37.09024,-95.712891,Real estate,1
1725,1700,Fashion & Retail,Alexandre Grendene Bartelle,73.0,Brazil,Porto Alegre,Shoes,Fashion & Retail,Brazil,,True,D,M,1/23/1950 0:00,Grendene Bartelle,Alexandre,Founder & Entrepreneur,4/4/2023 5:01,,,1950.0,1.0,23.0,167.4,3.7,"$1,839,758,040,766 ",51.3,115.4,75.7,14.2,65.1,212559417.0,-14.235004,-51.92528,Shoes,1
1725,1700,Fashion & Retail,Gerry Harvey,83.0,Australia,Sydney,Retail,Fashion & Retail,Australia,,True,D,M,9/18/1939 0:00,Harvey,Gerry,Founder & Entrepreneur,4/4/2023 5:01,,,1939.0,9.0,18.0,119.8,1.6,"$1,392,680,589,329 ",113.1,100.3,82.7,23.0,47.4,25766605.0,-25.274398,133.775136,Retail,1
1725,1700,Technology,He Zhaoxi,49.0,China,Shenzhen,Software,Technology,China,,True,E,M,1/1/1974 0:00,He,Zhaoxi,Founder & Entrepreneur,4/4/2023 5:01,,,1974.0,1.0,1.0,125.08,2.9,"$19,910,000,000,000 ",50.6,100.2,77.0,9.4,59.2,1397715000.0,35.86166,104.195397,Software,1
1725,1700,Real Estate,William Heinecke,73.0,Thailand,Bangkok,Hotels,Real Estate,Thailand,,True,E,M,6/4/1949 0:00,Heinecke,William,Founder & Entrepreneur,4/4/2023 5:01,,,1949.0,6.0,4.0,113.27,0.7,"$543,649,976,166 ",49.3,99.8,76.9,14.9,29.5,69625582.0,15.870032,100.992541,Hotels,1
1725,1700,Finance & Investments,Jay Hennick,66.0,Canada,Toronto,Real estate finance,Finance & Investments,Canada,,True,D,M,1/20/1957 0:00,Hennick,Jay,Founder & Entrepreneur,4/4/2023 5:01,,,1957.0,1.0,20.0,116.76,1.9,"$1,736,425,629,520 ",68.9,100.9,81.9,12.8,24.5,36991981.0,56.130366,-106.346771,Real estate finance,1
1725,1700,Manufacturing,Ilkka Herlin,64.0,Finland,Helsinki,"Elevators, escalators",Manufacturing,Finland,,False,U,M,1/1/1959 0:00,Herlin,Ilkka,Heir & Major Shareholder & Elevators,4/4/2023 5:01,,,1959.0,1.0,1.0,112.33,1.0,"$268,761,201,365 ",88.2,100.2,81.7,20.8,36.6,5520314.0,61.92411,25.748151,"Elevators, escalators",2
1725,1700,Real Estate,Asok Kumar Hiranandani,68.0,Singapore,Singapore,Real estate,Real Estate,Singapore,,False,U,M,11/28/1954 0:00,Hiranandani,Asok Kumar,Heir & Major Shareholder,4/4/2023 5:01,,,1954.0,11.0,28.0,114.41,0.6,"$372,062,527,489 ",84.8,100.6,83.1,13.1,21.0,5703569.0,1.352083,103.819836,Real estate,1
1725,1700,Finance & Investments,Hal Jackman,90.0,Canada,Toronto,"Insurance, investments",Finance & Investments,Canada,,True,D,M,6/10/1932 0:00,Jackman,Hal,Founder & Entrepreneur & Insurance,4/4/2023 5:01,,,1932.0,6.0,10.0,116.76,1.9,"$1,736,425,629,520 ",68.9,100.9,81.9,12.8,24.5,36991981.0,56.130366,-106.346771,"Insurance, investments",2
1725,1700,Manufacturing,Pavan Jain,71.0,India,Delhi,Chemicals,Manufacturing,India,,False,N,M,5/17/1951 0:00,Jain,Pavan,Heir & Major Shareholder,4/4/2023 5:01,,,1951.0,5.0,17.0,180.44,7.7,"$2,611,000,000,000 ",28.1,113.0,69.4,11.2,49.7,1366417754.0,20.593684,78.96288,Chemicals,1
1725,1700,Real Estate,Keeree Kanjanapas,72.0,Thailand,Bangkok,Transportation,Real Estate,Thailand,,True,D,M,10/18/1950 0:00,Kanjanapas,Keeree,Founder & Entrepreneur,4/4/2023 5:01,,,1950.0,10.0,18.0,113.27,0.7,"$543,649,976,166 ",49.3,99.8,76.9,14.9,29.5,69625582.0,15.870032,100.992541,Transportation,1
1725,1700,Healthcare,Osman Kibar,52.0,United States,La Jolla,Biotech,Healthcare,United States,Samumed,True,D,M,4/1/1971 0:00,Kibar,Osman,Founder & CEO,4/4/2023 5:01,California,West,1971.0,4.0,1.0,117.24,7.5,"$21,427,700,000,000 ",88.2,101.8,78.5,9.6,36.6,328239523.0,37.09024,-95.712891,"Biotech, Samumed",2
1725,1700,Fashion & Retail,Kim Chang-soo,62.0,South Korea,Seoul,Apparel,Fashion & Retail,South Korea,,True,D,M,4/1/1961 0:00,Kim,Chang-soo,Founder & Entrepreneur,4/4/2023 5:01,,,1961.0,4.0,1.0,115.16,0.4,"$2,029,000,000,000 ",94.3,98.1,82.6,15.6,33.2,51709098.0,35.907757,127.766922,Apparel,1
1725,1700,Media & Entertainment,Kim Jung-min,21.0,,,Online gaming,Media & Entertainment,South Korea,,False,N,F,1/1/2002 0:00,Kim,Jung-min,Heir & Major Shareholder,4/4/2023 5:01,,,2002.0,1.0,1.0,,,,,,,,,,,,Online gaming,1
1725,1700,Media & Entertainment,Kim Jung-youn,19.0,,,Online gaming,Media & Entertainment,South Korea,,False,N,F,1/1/2004 0:00,Kim,Jung-youn,Heir & Major Shareholder,4/4/2023 5:01,,,2004.0,1.0,1.0,,,,,,,,,,,,Online gaming,1
1725,1700,Fashion & Retail,Mustafa Kucuk,59.0,Turkey,Istanbul,Fashion retail,Fashion & Retail,Turkey,,True,U,M,6/3/1963 0:00,Kucuk,Mustafa,Founder & Entrepreneur,4/4/2023 5:01,,,1963.0,6.0,3.0,234.44,15.2,"$754,411,708,203 ",23.9,93.2,77.4,17.9,42.3,83429615.0,38.963745,35.243322,Fashion retail,1
1725,1700,Real Estate,Christopher Kwok,37.0,Hong Kong,Hong Kong,Real estate,Real Estate,Hong Kong,,False,U,M,4/1/1986 0:00,Kwok,Christopher,Heir & Major Shareholder,4/4/2023 5:01,,,1986.0,4.0,1.0,,,,,,,,,,,,Real estate,1
1725,1700,Real Estate,Edward Kwok,42.0,Hong Kong,Hong Kong,Real estate,Real Estate,Hong Kong,,False,U,M,4/1/1981 0:00,Kwok,Edward,Heir & Major Shareholder,4/4/2023 5:01,,,1981.0,4.0,1.0,,,,,,,,,,,,Real estate,1
1725,1700,Logistics,Lai Jianfa,53.0,China,Shanghai,Express delivery,Logistics,China,,True,U,M,,Lai,Jianfa,Founder & Entrepreneur,4/4/2023 5:01,,,,,,125.08,2.9,"$19,910,000,000,000 ",50.6,100.2,77.0,9.4,59.2,1397715000.0,35.86166,104.195397,Express delivery,1
1725,1700,Diversified,Lau Cho Kun,87.0,Malaysia,"Tawau, Sabah","Palm oil, property",Diversified,Malaysia,,False,D,M,1/10/1936 0:00,Lau,Cho Kun,Heir & Major Shareholder & oil,4/4/2023 5:01,,,1936.0,1.0,10.0,121.46,0.7,"$364,701,517,788 ",45.1,105.3,76.0,12.0,38.7,32447385.0,4.210484,101.975766,"Palm oil, property",2
1725,1700,Technology,Alexis Lê-Quôc,48.0,United States,New York,Cloud computing,Technology,United States,Datadog,True,D,M,11/14/1974 0:00,Lê-Quôc,Alexis,Founder & Lead Investor,4/4/2023 5:01,New York,Northeast,1974.0,11.0,14.0,117.24,7.5,"$21,427,700,000,000 ",88.2,101.8,78.5,9.6,36.6,328239523.0,37.09024,-95.712891,"Cloud computing, Datadog",2
1725,1700,Healthcare,Lei Jufang,70.0,China,Lanzhou,Pharmaceuticals,Healthcare,China,,True,D,F,1/3/1953 0:00,Lei,Jufang,Founder & Entrepreneur,4/4/2023 5:01,,,1953.0,1.0,3.0,125.08,2.9,"$19,910,000,000,000 ",50.6,100.2,77.0,9.4,59.2,1397715000.0,35.86166,104.195397,Pharmaceuticals,1
1725,1700,Healthcare,James Leininger,78.0,United States,San Antonio,Medical products,Healthcare,United States,,True,E,M,3/30/1945 0:00,Leininger,James,Founder & Entrepreneur,4/4/2023 5:01,Texas,South,1945.0,3.0,30.0,117.24,7.5,"$21,427,700,000,000 ",88.2,101.8,78.5,9.6,36.6,328239523.0,37.09024,-95.712891,Medical products,1
1725,1700,Food & Beverage,Xuhui Li,54.0,China,Foshan,Soy sauce,Food & Beverage,China,,True,D,F,6/15/1968 0:00,Li,Xuhui,Founder & Entrepreneur & Soy,4/4/2023 5:01,,,1968.0,6.0,15.0,125.08,2.9,"$19,910,000,000,000 ",50.6,100.2,77.0,9.4,59.2,1397715000.0,35.86166,104.195397,Soy sauce,1
1725,1700,Food & Beverage,Jimmy John Liautaud,59.0,United States,Key Largo,Sandwich chain,Food & Beverage,United States,,True,E,M,1/12/1964 0:00,Liautaud,Jimmy John,Founder & Entrepreneur,4/4/2023 5:01,Florida,South,1964.0,1.0,12.0,117.24,7.5,"$21,427,700,000,000 ",88.2,101.8,78.5,9.6,36.6,328239523.0,37.09024,-95.712891,Sandwich chain,1
1725,1700,Metals & Mining,Lin Lairong & family,54.0,China,Bayannur,Iron ore mining,Metals & Mining,China,,True,D,M,8/9/1968 0:00,Lin,Lairong,Controlling Shareholder & ore  (Family Estate),4/4/2023 5:01,,,1968.0,8.0,9.0,125.08,2.9,"$19,910,000,000,000 ",50.6,100.2,77.0,9.4,59.2,1397715000.0,35.86166,104.195397,Iron ore mining,1
1725,1700,Technology,Lu Di,,China,Shenzhen,Drones,Technology,China,,True,E,M,,Lu,Di,Founder & Lead Investor,4/4/2023 5:01,,,,,,125.08,2.9,"$19,910,000,000,000 ",50.6,100.2,77.0,9.4,59.2,1397715000.0,35.86166,104.195397,Drones,1
1725,1700,Technology,Palmer Luckey,30.0,United States,Newport Beach,Virtual reality,Technology,United States,Oculus VR,True,N,M,9/19/1992 0:00,Luckey,Palmer,Founder & Lead Investor,4/4/2023 5:01,California,West,1992.0,9.0,19.0,117.24,7.5,"$21,427,700,000,000 ",88.2,101.8,78.5,9.6,36.6,328239523.0,37.09024,-95.712891,"Oculus VR, Virtual reality",2
1725,1700,Finance & Investments,Duncan MacMillan,85.0,United States,Princeton,Bloomberg LP,Finance & Investments,United States,,True,U,M,12/17/1937 0:00,MacMillan,Duncan,Founder & Entrepreneur & LP,4/4/2023 5:01,New Jersey,Northeast,1937.0,12.0,17.0,117.24,7.5,"$21,427,700,000,000 ",88.2,101.8,78.5,9.6,36.6,328239523.0,37.09024,-95.712891,Bloomberg LP,1
1725,1700,Technology,Yusaku Maezawa,47.0,Japan,Chiba,Online retail,Technology,Japan,,True,D,M,11/22/1975 0:00,Maezawa,Yusaku,Founder & Entrepreneur,4/4/2023 5:01,,,1975.0,11.0,22.0,105.48,0.5,"$5,081,769,542,380 ",63.2,98.8,84.2,11.9,46.7,126226568.0,36.204824,138.252924,Online retail,1
1725,1700,Fashion & Retail,Ilson Mateus & family,60.0,Brazil,Sao Luis,Supermarkets,Fashion & Retail,Brazil,,True,U,M,2/6/1963 0:00,Mateus,Ilson,Controlling Shareholder & (Family Estate),4/4/2023 5:01,,,1963.0,2.0,6.0,167.4,3.7,"$1,839,758,040,766 ",51.3,115.4,75.7,14.2,65.1,212559417.0,-14.235004,-51.92528,Supermarkets,1
1725,1700,Manufacturing,Meng Qingshan & family,74.0,China,Langfang,Chemicals,Manufacturing,China,,True,U,M,11/17/1948 0:00,Meng,Qingshan,Controlling Shareholder & (Family Estate),4/4/2023 5:01,,,1948.0,11.0,17.0,125.08,2.9,"$19,910,000,000,000 ",50.6,100.2,77.0,9.4,59.2,1397715000.0,35.86166,104.195397,Chemicals,1
1725,1700,Fashion & Retail,Alberto Palatchi,73.0,Spain,Madrid,Wedding dresses,Fashion & Retail,Spain,,True,E,M,6/26/1949 0:00,Palatchi,Alberto,Founder & Entrepreneur,4/4/2023 5:01,,,1949.0,6.0,26.0,110.96,0.7,"$1,394,116,310,769 ",88.9,102.7,83.3,14.2,47.0,47076781.0,40.463667,-3.74922,Wedding dresses,1
1725,1700,Manufacturing,Mrudula Parekh,75.0,India,Mumbai,Adhesives,Manufacturing,India,,False,D,F,1/1/1948 0:00,Parekh,Mrudula,Heir & Major Shareholder,4/4/2023 5:01,,,1948.0,1.0,1.0,180.44,7.7,"$2,611,000,000,000 ",28.1,113.0,69.4,11.2,49.7,1366417754.0,20.593684,78.96288,Adhesives,1
1725,1700,Fashion & Retail,Dragos Paval,56.0,Romania,Bacau,Retail,Fashion & Retail,Romania,,True,U,M,6/22/1966 0:00,Paval,Dragos,Founder & Entrepreneur,4/4/2023 5:01,,,1966.0,6.0,22.0,123.78,3.8,"$250,077,444,017 ",49.4,85.2,75.4,14.6,20.0,19356544.0,45.943161,24.96676,Retail,1
1725,1700,Real Estate,Jorge Perez,73.0,United States,Miami,Real estate,Real Estate,United States,,True,E,M,10/17/1949 0:00,Perez,Jorge,Founder & Entrepreneur,4/4/2023 5:01,Florida,South,1949.0,10.0,17.0,117.24,7.5,"$21,427,700,000,000 ",88.2,101.8,78.5,9.6,36.6,328239523.0,37.09024,-95.712891,Real estate,1
1725,1700,Metals & Mining,Dmitry Pumpyansky,59.0,Russia,Moscow,Steel pipes,Metals & Mining,Russia,,True,R,M,3/22/1964 0:00,Pumpyansky,Dmitry,Founder & Entrepreneur,4/4/2023 5:01,,,1964.0,3.0,22.0,180.75,4.5,"$1,699,876,578,871 ",81.9,102.6,72.7,11.4,46.2,144373535.0,61.52401,105.318756,Steel pipes,1
1725,1700,Healthcare,Jinsheng Ren & family,60.0,China,Nanjing,Pharmaceutical,Healthcare,China,,True,U,M,1/1/1963 0:00,Ren,Jinsheng,Controlling Shareholder & (Family Estate),4/4/2023 5:01,,,1963.0,1.0,1.0,125.08,2.9,"$19,910,000,000,000 ",50.6,100.2,77.0,9.4,59.2,1397715000.0,35.86166,104.195397,Pharmaceutical,1
1725,1700,Media & Entertainment,Brian Roberts,63.0,United States,Philadelphia,Comcast,Media & Entertainment,United States,Comcast,False,U,M,6/28/1959 0:00,Roberts,Brian,CEO,4/4/2023 5:01,Pennsylvania,Northeast,1959.0,6.0,28.0,117.24,7.5,"$21,427,700,000,000 ",88.2,101.8,78.5,9.6,36.6,328239523.0,37.09024,-95.712891,Comcast,1
1725,1700,Food & Beverage,"Joe Rogers, Jr.",76.0,United States,Atlanta,Waffle House,Food & Beverage,United States,,False,D,M,12/2/1946 0:00,Rogers,Joe,Heir & Major Shareholder,4/4/2023 5:01,Georgia,South,1946.0,12.0,2.0,117.24,7.5,"$21,427,700,000,000 ",88.2,101.8,78.5,9.6,36.6,328239523.0,37.09024,-95.712891,Waffle House,1
1725,1700,Manufacturing,Ruan Shuilong & family,87.0,China,Shangyu,Chemicals,Manufacturing,China,,True,D,M,12/1/1935 0:00,Ruan,Shuilong,Controlling Shareholder & (Family Estate),4/4/2023 5:01,,,1935.0,12.0,1.0,125.08,2.9,"$19,910,000,000,000 ",50.6,100.2,77.0,9.4,59.2,1397715000.0,35.86166,104.195397,Chemicals,1
1725,1700,Real Estate,Paul Saville,67.0,United States,Palm Beach,Homebuilder,Real Estate,United States,,True,U,M,12/14/1955 0:00,Saville,Paul,Founder & Entrepreneur,4/4/2023 5:01,Florida,South,1955.0,12.0,14.0,117.24,7.5,"$21,427,700,000,000 ",88.2,101.8,78.5,9.6,36.6,328239523.0,37.09024,-95.712891,Homebuilder,1
1725,1700,Diversified,Ivan Savvidis & family,64.0,Russia,Rostov-on-Don,Agribusiness,Diversified,Russia,,True,U,M,3/27/1959 0:00,Savvidis,Ivan,Controlling Shareholder & (Family Estate),4/4/2023 5:01,,,1959.0,3.0,27.0,180.75,4.5,"$1,699,876,578,871 ",81.9,102.6,72.7,11.4,46.2,144373535.0,61.52401,105.318756,Agribusiness,1
1725,1700,Healthcare,Keiichi Shibahara,58.0,Japan,Tokyo,Healthcare,Healthcare,Japan,,True,U,M,10/9/1964 0:00,Shibahara,Keiichi,Founder & Entrepreneur,4/4/2023 5:01,,,1964.0,10.0,9.0,105.48,0.5,"$5,081,769,542,380 ",63.2,98.8,84.2,11.9,46.7,126226568.0,36.204824,138.252924,Healthcare,1
1725,1700,Manufacturing,Rajju Shroff,89.0,India,Mumbai,Agrochemicals,Manufacturing,India,,True,D,M,10/20/1933 0:00,Shroff,Rajju,Founder & Entrepreneur,4/4/2023 5:01,,,1933.0,10.0,20.0,180.44,7.7,"$2,611,000,000,000 ",28.1,113.0,69.4,11.2,49.7,1366417754.0,20.593684,78.96288,Agrochemicals,1
1725,1700,Fashion & Retail,Sun Huaiqing & family,53.0,China,Guangzhou,Cosmetics,Fashion & Retail,China,,True,U,M,10/2/1969 0:00,Sun,Huaiqing,Controlling Shareholder & (Family Estate),4/4/2023 5:01,,,1969.0,10.0,2.0,125.08,2.9,"$19,910,000,000,000 ",50.6,100.2,77.0,9.4,59.2,1397715000.0,35.86166,104.195397,Cosmetics,1
1725,1700,Real Estate,Alain Taravella,75.0,France,Paris,Real estate development,Real Estate,France,,True,D,M,1/1/1948 0:00,Taravella,Alain,Founder & Entrepreneur,4/4/2023 5:01,,,1948.0,1.0,1.0,110.05,1.1,"$2,715,518,274,227 ",65.6,102.5,82.5,24.2,60.7,67059887.0,46.227638,2.213749,Real estate development,1
1725,1700,Diversified,Jonathan Tisch,69.0,United States,New York,"Insurance, NFL team",Diversified,United States,,False,U,M,12/7/1953 0:00,Tisch,Jonathan,Heir & Major Shareholder & Insurance & NFL,4/4/2023 5:01,New York,Northeast,1953.0,12.0,7.0,117.24,7.5,"$21,427,700,000,000 ",88.2,101.8,78.5,9.6,36.6,328239523.0,37.09024,-95.712891,"Insurance, NFL team",2
1725,1700,Service,Kenneth Tuchman,63.0,United States,Denver,Call centers,Service,United States,,True,D,M,10/23/1959 0:00,Tuchman,Kenneth,Founder & Entrepreneur,4/4/2023 5:01,Colorado,West,1959.0,10.0,23.0,117.24,7.5,"$21,427,700,000,000 ",88.2,101.8,78.5,9.6,36.6,328239523.0,37.09024,-95.712891,Call centers,1
1725,1700,Manufacturing,Wang Chou-hsiong,82.0,Taiwan,Yunlin,Footwear,Manufacturing,Taiwan,,True,D,M,1/1/1941 0:00,Wang,Chou-hsiong,Founder & Entrepreneur,4/4/2023 5:01,,,1941.0,1.0,1.0,,,,,,,,,,,,Footwear,1
1725,1700,Technology,Wang Minwen,59.0,China,Beijing,Semiconductor,Technology,China,,True,D,M,11/1/1963 0:00,Wang,Minwen,Founder & Entrepreneur,4/4/2023 5:01,,,1963.0,11.0,1.0,125.08,2.9,"$19,910,000,000,000 ",50.6,100.2,77.0,9.4,59.2,1397715000.0,35.86166,104.195397,Semiconductor,1
1725,1700,Sports,Tom Werner,72.0,United States,Los Angeles,Sports teams,Sports,United States,,True,U,M,4/12/1950 0:00,Werner,Tom,Founder & Entrepreneur,4/4/2023 5:01,California,West,1950.0,4.0,12.0,117.24,7.5,"$21,427,700,000,000 ",88.2,101.8,78.5,9.6,36.6,328239523.0,37.09024,-95.712891,Sports teams,1
1725,1700,Real Estate,Stephen Winn,76.0,United States,Dallas,Real estate services,Real Estate,United States,,True,E,M,9/12/1946 0:00,Winn,Stephen,Founder & Entrepreneur,4/4/2023 5:01,Texas,South,1946.0,9.0,12.0,117.24,7.5,"$21,427,700,000,000 ",88.2,101.8,78.5,9.6,36.6,328239523.0,37.09024,-95.712891,Real estate services,1
1725,1700,Energy,Ian Wood & family,80.0,United Kingdom,Aberdeen,Energy services,Energy,United Kingdom,,False,E,M,7/21/1942 0:00,Wood,Ian,Controlling Shareholder & (Family Estate),4/4/2023 5:01,,,1942.0,7.0,21.0,119.62,1.7,"$2,827,113,184,696 ",60.0,101.2,81.3,25.5,30.6,66834405.0,55.378051,-3.435973,Energy services,1
1725,1700,Manufacturing,Wu Lanlan & family,49.0,China,Shenzhen,Packaging,Manufacturing,China,,True,D,F,1/1/1974 0:00,Wu,Lanlan,Controlling Shareholder & (Family Estate),4/4/2023 5:01,,,1974.0,1.0,1.0,125.08,2.9,"$19,910,000,000,000 ",50.6,100.2,77.0,9.4,59.2,1397715000.0,35.86166,104.195397,Packaging,1
1725,1700,Food & Beverage,Xu Bingzhong,49.0,China,Shenzhen,Bars,Food & Beverage,China,,True,U,M,1/1/1974 0:00,Xu,Bingzhong,Founder & Entrepreneur,4/4/2023 5:01,,,1974.0,1.0,1.0,125.08,2.9,"$19,910,000,000,000 ",50.6,100.2,77.0,9.4,59.2,1397715000.0,35.86166,104.195397,Bars,1
1725,1700,Manufacturing,Yang Xuegang,58.0,China,Beijing,Coking,Manufacturing,China,,True,D,M,2/1/1965 0:00,Yang,Xuegang,Founder & Entrepreneur,4/4/2023 5:01,,,1965.0,2.0,1.0,125.08,2.9,"$19,910,000,000,000 ",50.6,100.2,77.0,9.4,59.2,1397715000.0,35.86166,104.195397,Coking,1
1725,1700,Telecom,Vladimir Yevtushenkov,74.0,Russia,Moscow,"Telecom, investments",Telecom,Russia,,True,E,M,9/25/1948 0:00,Yevtushenkov,Vladimir,Founder & Entrepreneur & Telecom,4/4/2023 5:01,,,1948.0,9.0,25.0,180.75,4.5,"$1,699,876,578,871 ",81.9,102.6,72.7,11.4,46.2,144373535.0,61.52401,105.318756,"Telecom, investments",2
1725,1700,Technology,David Zalik,49.0,United States,Atlanta,Financial technology,Technology,United States,GreenSky,True,D,M,2/2/1974 0:00,Zalik,David,CEO,4/4/2023 5:01,Georgia,South,1974.0,2.0,2.0,117.24,7.5,"$21,427,700,000,000 ",88.2,101.8,78.5,9.6,36.6,328239523.0,37.09024,-95.712891,"Financial technology, GreenSky",2
1725,1700,Logistics,Zhang Xiaojuan,53.0,China,Shanghai,Logistics,Logistics,China,,True,D,F,10/1/1969 0:00,Zhang,Xiaojuan,Founder & Entrepreneur,4/4/2023 5:01,,,1969.0,10.0,1.0,125.08,2.9,"$19,910,000,000,000 ",50.6,100.2,77.0,9.4,59.2,1397715000.0,35.86166,104.195397,Logistics,1
1725,1700,Manufacturing,Zheng Xiaodong,59.0,China,Shanghai,Manufacturing,Manufacturing,China,,True,D,M,3/1/1964 0:00,Zheng,Xiaodong,Founder & Entrepreneur,4/4/2023 5:01,,,1964.0,3.0,1.0,125.08,2.9,"$19,910,000,000,000 ",50.6,100.2,77.0,9.4,59.2,1397715000.0,35.86166,104.195397,Manufacturing,1
1725,1700,Manufacturing,Zhong Ruonong & family,60.0,China,Zhuzhou,Electronics,Manufacturing,China,,True,D,F,10/30/1962 0:00,Zhong,Ruonong,Controlling Shareholder & (Family Estate),4/4/2023 5:01,,,1962.0,10.0,30.0,125.08,2.9,"$19,910,000,000,000 ",50.6,100.2,77.0,9.4,59.2,1397715000.0,35.86166,104.195397,Electronics,1
1804,1600,Healthcare,Noubar Afeyan,60.0,United States,Lexington,Biotech,Healthcare,United States,,True,D,M,7/25/1962 0:00,Afeyan,Noubar,Founder & Entrepreneur,4/4/2023 5:01,Massachusetts,Northeast,1962.0,7.0,25.0,117.24,7.5,"$21,427,700,000,000 ",88.2,101.8,78.5,9.6,36.6,328239523.0,37.09024,-95.712891,Biotech,1
1804,1600,Construction & Engineering,Syed Mokhtar AlBukhary,71.0,Malaysia,Kuala Lumpur,"Engineering, automotive",Construction & Engineering,Malaysia,,True,U,M,12/12/1951 0:00,AlBukhary,Syed Mokhtar,Founder & Entrepreneur & Engineering,4/4/2023 5:01,,,1951.0,12.0,12.0,121.46,0.7,"$364,701,517,788 ",45.1,105.3,76.0,12.0,38.7,32447385.0,4.210484,101.975766,"Engineering, automotive",2
1804,1600,Finance & Investments,"Herbert Allen, Jr. & family",83.0,United States,New York,Investment banking,Finance & Investments,United States,,False,E,M,3/5/1940 0:00,Allen,Herbert,Controlling Shareholder & (Family Estate),4/4/2023 5:01,New York,Northeast,1940.0,3.0,5.0,117.24,7.5,"$21,427,700,000,000 ",88.2,101.8,78.5,9.6,36.6,328239523.0,37.09024,-95.712891,Investment banking,1
1804,1600,Metals & Mining,Vasily Anisimov,71.0,Switzerland,,Real estate,Metals & Mining,Russia,,True,E,M,9/19/1951 0:00,Anisimov,Vasily,Founder & Entrepreneur,4/4/2023 5:01,,,1951.0,9.0,19.0,99.55,0.4,"$703,082,435,360 ",59.6,105.2,83.6,10.1,28.8,8574832.0,46.818188,8.227512,Real estate,1
1804,1600,Finance & Investments,Clifford Asness,56.0,United States,Greenwich,Money management,Finance & Investments,United States,AQR Capital Management,True,E,M,10/17/1966 0:00,Asness,Clifford,Founder & Entrepreneur,4/4/2023 5:01,Connecticut,Northeast,1966.0,10.0,17.0,117.24,7.5,"$21,427,700,000,000 ",88.2,101.8,78.5,9.6,36.6,328239523.0,37.09024,-95.712891,"AQR Capital Management, Money management",2
1804,1600,Finance & Investments,Louis Bacon,66.0,United States,Oyster Bay,Hedge funds,Finance & Investments,United States,"Moore Capital Management, LP",True,E,M,7/25/1956 0:00,Bacon,Louis,Founder,4/4/2023 5:01,New York,Northeast,1956.0,7.0,25.0,117.24,7.5,"$21,427,700,000,000 ",88.2,101.8,78.5,9.6,36.6,328239523.0,37.09024,-95.712891,"Hedge funds, Moore Capital Management, LP",2
1804,1600,Manufacturing,Bai Baokun,53.0,China,Dongguan,Hardware,Manufacturing,China,,True,D,M,,Bai,Baokun,Founder & Entrepreneur,4/4/2023 5:01,,,,,,125.08,2.9,"$19,910,000,000,000 ",50.6,100.2,77.0,9.4,59.2,1397715000.0,35.86166,104.195397,Hardware,1
1804,1600,Fashion & Retail,Alex Birkenstock,54.0,,,Shoes,Fashion & Retail,Germany,,False,D,M,11/18/1968 0:00,Birkenstock,Alex,Heir & Major Shareholder,4/4/2023 5:01,,,1968.0,11.0,18.0,,,,,,,,,,,,Shoes,1
1804,1600,Fashion & Retail,Christian Birkenstock,50.0,Austria,Kitzbuhel,Shoes,Fashion & Retail,Germany,,False,D,M,9/21/1972 0:00,Birkenstock,Christian,Heir & Major Shareholder,4/4/2023 5:01,,,1972.0,9.0,21.0,118.06,1.5,"$446,314,739,528 ",85.1,103.1,81.6,25.4,51.4,8877067.0,47.516231,14.550072,Shoes,1
1804,1600,Food & Beverage,Josef Boquoi & family,89.0,Germany,Straelen,Frozen foods,Food & Beverage,Germany,,True,D,M,1/1/1934 0:00,Boquoi,Josef,Controlling Shareholder & (Family Estate),4/4/2023 5:01,,,1934.0,1.0,1.0,112.85,1.4,"$3,845,630,030,824 ",70.2,104.0,80.9,11.5,48.8,83132799.0,51.165691,10.451526,Frozen foods,1
1804,1600,Technology,Cai Huabo,47.0,China,Jiujiang,Electronics,Technology,China,,True,N,M,1/1/1976 0:00,Cai,Huabo,Founder & Entrepreneur,4/4/2023 5:01,,,1976.0,1.0,1.0,125.08,2.9,"$19,910,000,000,000 ",50.6,100.2,77.0,9.4,59.2,1397715000.0,35.86166,104.195397,Electronics,1
1804,1600,Technology,Chen Tianshi,38.0,China,Beijing,Semiconductors,Technology,China,,True,E,M,1/1/1985 0:00,Chen,Tianshi,Founder & Entrepreneur,4/4/2023 5:01,,,1985.0,1.0,1.0,125.08,2.9,"$19,910,000,000,000 ",50.6,100.2,77.0,9.4,59.2,1397715000.0,35.86166,104.195397,Semiconductors,1
1804,1600,Real Estate,Chen Yung-tai,87.0,Taiwan,Taipei,Real estate,Real Estate,Taiwan,,True,D,M,1/20/1936 0:00,Chen,Yung-tai,Founder & Entrepreneur,4/4/2023 5:01,,,1936.0,1.0,20.0,,,,,,,,,,,,Real estate,1
1804,1600,Technology,Chey Tae-won,62.0,South Korea,Seoul,"Oil, semiconductor",Technology,South Korea,SK Holdings,False,D,M,12/3/1960 0:00,Chey,Tae-won,Heir & Major Shareholder & Oil,4/4/2023 5:01,,,1960.0,12.0,3.0,115.16,0.4,"$2,029,000,000,000 ",94.3,98.1,82.6,15.6,33.2,51709098.0,35.907757,127.766922,"Oil, SK Holdings, semiconductor",3
1804,1600,Real Estate,Ivan Chrenko,55.0,Slovakia,Bratislava,Real estate,Real Estate,Slovakia,,True,D,M,6/27/1967 0:00,Chrenko,Ivan,Founder & Entrepreneur,4/4/2023 5:01,,,1967.0,6.0,27.0,115.34,2.7,"$105,422,304,976 ",46.6,98.7,77.2,18.7,49.7,5454073.0,48.669026,19.699024,Real estate,1
1804,1600,Construction & Engineering,Robert Clark,64.0,United States,St. Louis,Construction,Construction & Engineering,United States,,True,E,M,1/30/1959 0:00,Clark,Robert,Founder & Entrepreneur,4/4/2023 5:01,Missouri,Midwest,1959.0,1.0,30.0,117.24,7.5,"$21,427,700,000,000 ",88.2,101.8,78.5,9.6,36.6,328239523.0,37.09024,-95.712891,Construction,1
1804,1600,Finance & Investments,Jack Cockwell,82.0,Canada,Toronto,"Real estate, private equity",Finance & Investments,Canada,,True,D,M,1/12/1941 0:00,Cockwell,Jack,Founder & Entrepreneur & estate,4/4/2023 5:01,,,1941.0,1.0,12.0,116.76,1.9,"$1,736,425,629,520 ",68.9,100.9,81.9,12.8,24.5,36991981.0,56.130366,-106.346771,"Real estate, private equity",2
1804,1600,Finance & Investments,Tench Coxe,65.0,United States,Palo Alto,Venture capital,Finance & Investments,United States,,True,D,M,1/14/1958 0:00,Coxe,Tench,Founder & Entrepreneur,4/4/2023 5:01,California,West,1958.0,1.0,14.0,117.24,7.5,"$21,427,700,000,000 ",88.2,101.8,78.5,9.6,36.6,328239523.0,37.09024,-95.712891,Venture capital,1
1804,1600,Sports,Jim Crane,69.0,United States,Houston,"Logistics, baseball",Sports,United States,,True,U,M,1/17/1954 0:00,Crane,Jim,Founder & Entrepreneur & Logistics,4/4/2023 5:01,Texas,South,1954.0,1.0,17.0,117.24,7.5,"$21,427,700,000,000 ",88.2,101.8,78.5,9.6,36.6,328239523.0,37.09024,-95.712891,"Logistics, baseball",2
1804,1600,Logistics,Norbert Dentressangle,68.0,France,Lyon,"Transport, logistics",Logistics,France,,True,D,M,7/9/1954 0:00,Dentressangle,Norbert,Founder & Entrepreneur & Transport,4/4/2023 5:01,,,1954.0,7.0,9.0,110.05,1.1,"$2,715,518,274,227 ",65.6,102.5,82.5,24.2,60.7,67059887.0,46.227638,2.213749,"Transport, logistics",2
1804,1600,Finance & Investments,Jamie Dimon,67.0,United States,New York,Banking,Finance & Investments,United States,JPMorgan Chase & Co.,True,E,M,3/13/1956 0:00,Dimon,Jamie,CEO,4/4/2023 5:01,New York,Northeast,1956.0,3.0,13.0,117.24,7.5,"$21,427,700,000,000 ",88.2,101.8,78.5,9.6,36.6,328239523.0,37.09024,-95.712891,"Banking, JPMorgan Chase & Co.",2
1804,1600,Technology,Daniel Dines,51.0,United States,New York,Software,Technology,Romania,,True,D,M,1/1/1972 0:00,Dines,Daniel,Founder & Entrepreneur,4/4/2023 5:01,New York,Northeast,1972.0,1.0,1.0,117.24,7.5,"$21,427,700,000,000 ",88.2,101.8,78.5,9.6,36.6,328239523.0,37.09024,-95.712891,Software,1
1804,1600,Finance & Investments,Alfredo Egydio Arruda Villela Filho,53.0,Brazil,Sao Paulo,Banking,Finance & Investments,Brazil,,False,D,M,11/18/1969 0:00,Egydio Arruda Villela Filho,Alfredo,Heir & Major Shareholder,4/4/2023 5:01,,,1969.0,11.0,18.0,167.4,3.7,"$1,839,758,040,766 ",51.3,115.4,75.7,14.2,65.1,212559417.0,-14.235004,-51.92528,Banking,1
1804,1600,Metals & Mining,Gary Fegel,49.0,Switzerland,Gstaad,"Commodities, investments",Metals & Mining,Switzerland,,True,E,M,1/1/1974 0:00,Fegel,Gary,Founder & Entrepreneur & Commodities,4/4/2023 5:01,,,1974.0,1.0,1.0,99.55,0.4,"$703,082,435,360 ",59.6,105.2,83.6,10.1,28.8,8574832.0,46.818188,8.227512,"Commodities, investments",2
1804,1600,Finance & Investments,"William Foley, II.",78.0,United States,Las Vegas,Financial services,Finance & Investments,United States,,True,U,M,12/29/1944 0:00,Foley,William,Founder & Entrepreneur,4/4/2023 5:01,Nevada,West,1944.0,12.0,29.0,117.24,7.5,"$21,427,700,000,000 ",88.2,101.8,78.5,9.6,36.6,328239523.0,37.09024,-95.712891,Financial services,1
1804,1600,Fashion & Retail,Richard Fortin,74.0,Canada,Boucherville,Convinience stores,Fashion & Retail,Canada,,True,U,M,9/1/1948 0:00,Fortin,Richard,Founder & Entrepreneur,4/4/2023 5:01,,,1948.0,9.0,1.0,116.76,1.9,"$1,736,425,629,520 ",68.9,100.9,81.9,12.8,24.5,36991981.0,56.130366,-106.346771,Convinience stores,1
1804,1600,Healthcare,Gao Yi & family,54.0,China,Changsha,Pharmaceuticals,Healthcare,China,,True,U,M,10/25/1968 0:00,Gao,Yi,Controlling Shareholder & (Family Estate),4/4/2023 5:01,,,1968.0,10.0,25.0,125.08,2.9,"$19,910,000,000,000 ",50.6,100.2,77.0,9.4,59.2,1397715000.0,35.86166,104.195397,Pharmaceuticals,1
1804,1600,Healthcare,Giammaria Giuliani,45.0,Switzerland,Montagnola,Pharmaceuticals,Healthcare,Switzerland,,False,D,M,2/20/1978 0:00,Giuliani,Giammaria,Heir & Major Shareholder,4/4/2023 5:01,,,1978.0,2.0,20.0,99.55,0.4,"$703,082,435,360 ",59.6,105.2,83.6,10.1,28.8,8574832.0,46.818188,8.227512,Pharmaceuticals,1
1804,1600,Finance & Investments,Bill Gross,78.0,United States,Laguna Beach,Investments,Finance & Investments,United States,Pacific Investment Management Company LLC,True,E,M,4/13/1944 0:00,Gross,Bill,Founder & Lead Investor,4/4/2023 5:01,California,West,1944.0,4.0,13.0,117.24,7.5,"$21,427,700,000,000 ",88.2,101.8,78.5,9.6,36.6,328239523.0,37.09024,-95.712891,"Investments, Pacific Investment Management Company LLC",2
1804,1600,Finance & Investments,Sue Gross,73.0,United States,Laguna Beach,Investments,Finance & Investments,United States,,False,E,F,2/17/1950 0:00,Gross,Sue,Heir & Major Shareholder,4/4/2023 5:01,California,West,1950.0,2.0,17.0,117.24,7.5,"$21,427,700,000,000 ",88.2,101.8,78.5,9.6,36.6,328239523.0,37.09024,-95.712891,Investments,1
1804,1600,Sports,Irving Grousbeck & family,88.0,United States,Portola Valley,"Telecommunication, sports",Sports,United States,,True,N,M,7/20/1934 0:00,Grousbeck,Irving,Controlling Shareholder & Telecommunication & (Family Estate),4/4/2023 5:01,California,West,1934.0,7.0,20.0,117.24,7.5,"$21,427,700,000,000 ",88.2,101.8,78.5,9.6,36.6,328239523.0,37.09024,-95.712891,"Telecommunication, sports",2
1804,1600,Energy,Timothy Headington,72.0,United States,Dallas,"Oil & gas, investments",Energy,United States,,False,U,M,4/24/1950 0:00,Headington,Timothy,Heir & Major Shareholder & Oil & gas,4/4/2023 5:01,Texas,South,1950.0,4.0,24.0,117.24,7.5,"$21,427,700,000,000 ",88.2,101.8,78.5,9.6,36.6,328239523.0,37.09024,-95.712891,"Oil & gas, investments",2
1804,1600,Manufacturing,Ilona Herlin,58.0,Finland,Helsinki,"Elevators, escalators",Manufacturing,Finland,,False,U,F,1/1/1965 0:00,Herlin,Ilona,Heir & Major Shareholder & Elevators,4/4/2023 5:01,,,1965.0,1.0,1.0,112.33,1.0,"$268,761,201,365 ",88.2,100.2,81.7,20.8,36.6,5520314.0,61.92411,25.748151,"Elevators, escalators",2
1804,1600,Diversified,David Hoffmann,70.0,United States,Naples,"Executive search, investments",Diversified,United States,,True,U,M,8/7/1952 0:00,Hoffmann,David,Founder & Entrepreneur & search,4/4/2023 5:01,Florida,South,1952.0,8.0,7.0,117.24,7.5,"$21,427,700,000,000 ",88.2,101.8,78.5,9.6,36.6,328239523.0,37.09024,-95.712891,"Executive search, investments",2
1804,1600,Media & Entertainment,Stanley Hubbard,89.0,United States,St. Paul,DirecTV,Media & Entertainment,United States,"Hubbard Broadcasting, Inc.",False,D,M,5/28/1933 0:00,Hubbard,Stanley,Chairman and CEO,4/4/2023 5:01,Minnesota,Midwest,1933.0,5.0,28.0,117.24,7.5,"$21,427,700,000,000 ",88.2,101.8,78.5,9.6,36.6,328239523.0,37.09024,-95.712891,"DirecTV, Hubbard Broadcasting, Inc.",2
1804,1600,Manufacturing,Hui Lin Chit,69.0,China,Jinjiang,Hygiene products,Manufacturing,China,,True,D,M,6/16/1953 0:00,Hui,Lin Chit,Founder & Entrepreneur,4/4/2023 5:01,,,1953.0,6.0,16.0,125.08,2.9,"$19,910,000,000,000 ",50.6,100.2,77.0,9.4,59.2,1397715000.0,35.86166,104.195397,Hygiene products,1
1804,1600,Metals & Mining,Tianjiang Jia & family,60.0,China,Yinchuan,Non-ferrous metals,Metals & Mining,China,,True,D,M,7/1/1962 0:00,Jia,Tianjiang,Controlling Shareholder & (Family Estate),4/4/2023 5:01,,,1962.0,7.0,1.0,125.08,2.9,"$19,910,000,000,000 ",50.6,100.2,77.0,9.4,59.2,1397715000.0,35.86166,104.195397,Non-ferrous metals,1
1804,1600,Real Estate,Zhaobai Jiang,59.0,China,Shanghai,Real estate,Real Estate,China,,True,D,M,8/17/1963 0:00,Jiang,Zhaobai,Founder & Entrepreneur,4/4/2023 5:01,,,1963.0,8.0,17.0,125.08,2.9,"$19,910,000,000,000 ",50.6,100.2,77.0,9.4,59.2,1397715000.0,35.86166,104.195397,Real estate,1
1804,1600,Fashion & Retail,Sergei Katsiev,65.0,Russia,Moscow,"Retail, wholesale",Fashion & Retail,Russia,,True,R,M,1/11/1958 0:00,Katsiev,Sergei,Founder & Entrepreneur,4/4/2023 5:01,,,1958.0,1.0,11.0,180.75,4.5,"$1,699,876,578,871 ",81.9,102.6,72.7,11.4,46.2,144373535.0,61.52401,105.318756,"Retail, wholesale",2
1804,1600,Media & Entertainment,Kim Jae-young,,,,Online games,Media & Entertainment,South Korea,,True,N,M,11/1/1973 0:00,Kim,Jae-young,Founder & Entrepreneur,4/4/2023 5:01,,,1973.0,11.0,1.0,,,,,,,,,,,,Online games,1
1804,1600,Healthcare,Randal J. Kirk,69.0,United States,Manalapan,Pharmaceuticals,Healthcare,United States,,True,E,M,3/1/1954 0:00,Kirk,Randal J.,Founder & Entrepreneur,4/4/2023 5:01,Florida,South,1954.0,3.0,1.0,117.24,7.5,"$21,427,700,000,000 ",88.2,101.8,78.5,9.6,36.6,328239523.0,37.09024,-95.712891,Pharmaceuticals,1
1804,1600,Energy,William Koch,82.0,United States,Palm Beach,"Oil, investments",Energy,United States,,False,E,M,5/3/1940 0:00,Koch,William,Heir & Major Shareholder & Oil,4/4/2023 5:01,Florida,South,1940.0,5.0,3.0,117.24,7.5,"$21,427,700,000,000 ",88.2,101.8,78.5,9.6,36.6,328239523.0,37.09024,-95.712891,"Oil, investments",2
1804,1600,Manufacturing,Pyotr Kondrashev,73.0,Austria,Wien,Investments,Manufacturing,Russia,,True,U,M,7/16/1949 0:00,Kondrashev,Pyotr,Founder & Entrepreneur,4/4/2023 5:01,,,1949.0,7.0,16.0,118.06,1.5,"$446,314,739,528 ",85.1,103.1,81.6,25.4,51.4,8877067.0,47.516231,14.550072,Investments,1
1804,1600,Logistics,Eiichi Kuriwada,76.0,Japan,Osaka,Package delivery,Logistics,Japan,,True,D,M,10/10/1946 0:00,Kuriwada,Eiichi,Founder & Entrepreneur,4/4/2023 5:01,,,1946.0,10.0,10.0,105.48,0.5,"$5,081,769,542,380 ",63.2,98.8,84.2,11.9,46.7,126226568.0,36.204824,138.252924,Package delivery,1
1804,1600,Healthcare,Robert Langer,74.0,United States,Boston,Biotech,Healthcare,United States,,True,E,M,8/29/1948 0:00,Langer,Robert,Founder & Entrepreneur,4/4/2023 5:01,Massachusetts,Northeast,1948.0,8.0,29.0,117.24,7.5,"$21,427,700,000,000 ",88.2,101.8,78.5,9.6,36.6,328239523.0,37.09024,-95.712891,Biotech,1
1804,1600,Diversified,Anthony Langley,68.0,United Kingdom,Nottinghamshire,Manufacturing,Diversified,United Kingdom,,True,D,M,12/2/1954 0:00,Langley,Anthony,Founder & Entrepreneur,4/4/2023 5:01,,,1954.0,12.0,2.0,119.62,1.7,"$2,827,113,184,696 ",60.0,101.2,81.3,25.5,30.6,66834405.0,55.378051,-3.435973,Manufacturing,1
1804,1600,Diversified,Marianna Latsis & family,70.0,Greece,Athens,"Banking, shipping",Diversified,Greece,,False,N,F,3/29/1953 0:00,Latsis,Marianna,Controlling Shareholder & Banking & (Family Estate),4/4/2023 5:01,,,1953.0,3.0,29.0,101.87,0.2,"$209,852,761,469 ",136.6,99.6,81.3,26.2,51.9,10716322.0,39.074208,21.824312,"Banking, shipping",2
1804,1600,Real Estate,Lee Yeow Seng,45.0,Malaysia,,"Palm oil, property",Real Estate,Malaysia,,False,Split Family Fortune,M,1/1/1978 0:00,Lee,Yeow Seng,Heir & Major Shareholder & oil,4/4/2023 5:01,,,1978.0,1.0,1.0,121.46,0.7,"$364,701,517,788 ",45.1,105.3,76.0,12.0,38.7,32447385.0,4.210484,101.975766,"Palm oil, property",2
1804,1600,Real Estate,Li Sze Lim,66.0,China,Guangzhou,Real estate,Real Estate,Hong Kong,,True,E,M,4/1/1957 0:00,Li,Sze Lim,Founder & Entrepreneur,4/4/2023 5:01,,,1957.0,4.0,1.0,125.08,2.9,"$19,910,000,000,000 ",50.6,100.2,77.0,9.4,59.2,1397715000.0,35.86166,104.195397,Real estate,1
1804,1600,Real Estate,Li Wa,57.0,China,Shenzhen,Real estate,Real Estate,Hong Kong,,True,D,M,1/1/1966 0:00,Li,Wa,Founder & Entrepreneur,4/4/2023 5:01,,,1966.0,1.0,1.0,125.08,2.9,"$19,910,000,000,000 ",50.6,100.2,77.0,9.4,59.2,1397715000.0,35.86166,104.195397,Real estate,1
1804,1600,Technology,Li Weiwei,46.0,China,Shanghai,Online games,Technology,China,,True,D,M,1/1/1977 0:00,Li,Weiwei,Founder & Entrepreneur,4/4/2023 5:01,,,1977.0,1.0,1.0,125.08,2.9,"$19,910,000,000,000 ",50.6,100.2,77.0,9.4,59.2,1397715000.0,35.86166,104.195397,Online games,1
1804,1600,Technology,Liang Qin & family,51.0,China,Yangzhou,Semiconductor devices,Technology,China,,True,D,F,10/26/1971 0:00,Liang,Qin,Controlling Shareholder & (Family Estate),4/4/2023 5:01,,,1971.0,10.0,26.0,125.08,2.9,"$19,910,000,000,000 ",50.6,100.2,77.0,9.4,59.2,1397715000.0,35.86166,104.195397,Semiconductor devices,1
1804,1600,Real Estate,Vincent Lo,75.0,Hong Kong,Hong Kong,Real estate,Real Estate,Hong Kong,,False,E,M,4/1/1948 0:00,Lo,Vincent,Heir & Major Shareholder,4/4/2023 5:01,,,1948.0,4.0,1.0,,,,,,,,,,,,Real estate,1
1804,1600,Telecom,Terence (Terry) Matthews,80.0,Canada,Ottawa,Telecom,Telecom,Canada,,True,E,M,4/1/1943 0:00,Matthews,Terence (Terry),Founder & Entrepreneur,4/4/2023 5:01,,,1943.0,4.0,1.0,116.76,1.9,"$1,736,425,629,520 ",68.9,100.9,81.9,12.8,24.5,36991981.0,56.130366,-106.346771,Telecom,1
1804,1600,Technology,Jim McKelvey,57.0,United States,St. Louis,Mobile payments,Technology,United States,,True,D,M,10/19/1965 0:00,McKelvey,Jim,Founder & Entrepreneur,4/4/2023 5:01,Missouri,Midwest,1965.0,10.0,19.0,117.24,7.5,"$21,427,700,000,000 ",88.2,101.8,78.5,9.6,36.6,328239523.0,37.09024,-95.712891,Mobile payments,1
1804,1600,Real Estate,P.N.C. Menon,74.0,United Arab Emirates,Dubai,Real estate,Real Estate,Oman,,True,R,M,11/17/1948 0:00,Menon,P.N.C.,Founder & Entrepreneur,4/4/2023 5:01,,,1948.0,11.0,17.0,114.52,-1.9,"$421,142,267,938 ",36.8,108.4,77.8,0.1,15.9,9770529.0,23.424076,53.847818,Real estate,1
1804,1600,Energy,Massimo Moratti,77.0,Italy,Milan,Oil refinery,Energy,Italy,,False,U,M,5/16/1945 0:00,Moratti,Massimo,Heir & Major Shareholder & Oil,4/4/2023 5:01,,,1945.0,5.0,16.0,110.62,0.6,"$2,001,244,392,042 ",61.9,101.9,82.9,24.3,59.1,60297396.0,41.87194,12.56738,Oil refinery,1
1804,1600,Finance & Investments,Liora Ofer,69.0,Israel,Tel Aviv,Investments,Finance & Investments,Israel,,False,D,F,12/22/1953 0:00,Ofer,Liora,Heir & Major Shareholder,4/4/2023 5:01,,,1953.0,12.0,22.0,108.15,0.8,"$395,098,666,122 ",63.4,104.9,82.8,23.1,25.3,9053300.0,31.046051,34.851612,Investments,1
1804,1600,Automotive,Stefan Pierer,66.0,Austria,Wels,Automotive,Automotive,Austria,,True,U,M,11/25/1956 0:00,Pierer,Stefan,Founder & Entrepreneur,4/4/2023 5:01,,,1956.0,11.0,25.0,118.06,1.5,"$446,314,739,528 ",85.1,103.1,81.6,25.4,51.4,8877067.0,47.516231,14.550072,Automotive,1
1804,1600,Finance & Investments,Andreas Pohl,58.0,Germany,Marburg,Mutual funds,Finance & Investments,Germany,,False,U,M,7/28/1964 0:00,Pohl,Andreas,Heir & Major Shareholder,4/4/2023 5:01,,,1964.0,7.0,28.0,112.85,1.4,"$3,845,630,030,824 ",70.2,104.0,80.9,11.5,48.8,83132799.0,51.165691,10.451526,Mutual funds,1
1804,1600,Finance & Investments,"Reinfried Pohl, Jr.",63.0,Germany,Marburg,Mutual funds,Finance & Investments,Germany,,False,U,M,11/2/1959 0:00,Pohl,Reinfried,Heir & Major Shareholder,4/4/2023 5:01,,,1959.0,11.0,2.0,112.85,1.4,"$3,845,630,030,824 ",70.2,104.0,80.9,11.5,48.8,83132799.0,51.165691,10.451526,Mutual funds,1
1804,1600,Energy,Michael Polsky,74.0,United States,Chicago,Electric power,Energy,United States,,True,U,M,1/1/1949 0:00,Polsky,Michael,Founder & Entrepreneur,4/4/2023 5:01,Illinois,Midwest,1949.0,1.0,1.0,117.24,7.5,"$21,427,700,000,000 ",88.2,101.8,78.5,9.6,36.6,328239523.0,37.09024,-95.712891,Electric power,1
1804,1600,Manufacturing,Francisco Jose Riberas Mera,58.0,Spain,Madrid,"Steel, autoparts",Manufacturing,Spain,,False,U,M,6/1/1964 0:00,Riberas Mera,Francisco Jose,Heir & Major Shareholder & Steel,4/4/2023 5:01,,,1964.0,6.0,1.0,110.96,0.7,"$1,394,116,310,769 ",88.9,102.7,83.3,14.2,47.0,47076781.0,40.463667,-3.74922,"Steel, autoparts",2
1804,1600,Metals & Mining,Juan Maria Riberas Mera,54.0,Spain,Madrid,"Steel, investments",Metals & Mining,Spain,,False,R,M,10/1/1968 0:00,Riberas Mera,Juan Maria,Heir & Major Shareholder & Steel,4/4/2023 5:01,,,1968.0,10.0,1.0,110.96,0.7,"$1,394,116,310,769 ",88.9,102.7,83.3,14.2,47.0,47076781.0,40.463667,-3.74922,"Steel, investments",2
1804,1600,Food & Beverage,Andres Santo Domingo,44.0,United States,New York,Beer,Food & Beverage,United States,,False,E,M,6/1/1978 0:00,Santo Domingo,Andres,Heir & Major Shareholder,4/4/2023 5:01,New York,Northeast,1978.0,6.0,1.0,117.24,7.5,"$21,427,700,000,000 ",88.2,101.8,78.5,9.6,36.6,328239523.0,37.09024,-95.712891,Beer,1
1804,1600,Food & Beverage,Sathien Sathientham,68.0,Thailand,Bangkok,energy drinks,Food & Beverage,Thailand,,True,E,M,4/20/1954 0:00,Sathientham,Sathien,Founder & Entrepreneur,4/4/2023 5:01,,,1954.0,4.0,20.0,113.27,0.7,"$543,649,976,166 ",49.3,99.8,76.9,14.9,29.5,69625582.0,15.870032,100.992541,energy drinks,1
1804,1600,Manufacturing,Shang Xiaobo & family,49.0,China,Hefei,Manufacturing,Manufacturing,China,,True,D,M,3/30/1974 0:00,Shang,Xiaobo,Controlling Shareholder & (Family Estate),4/4/2023 5:01,,,1974.0,3.0,30.0,125.08,2.9,"$19,910,000,000,000 ",50.6,100.2,77.0,9.4,59.2,1397715000.0,35.86166,104.195397,Manufacturing,1
1804,1600,Food & Beverage,Yuri Shefler,55.0,Switzerland,Geneva,Alcohol,Food & Beverage,Russia,,True,U,M,9/10/1967 0:00,Shefler,Yuri,Founder & Entrepreneur,4/4/2023 5:01,,,1967.0,9.0,10.0,99.55,0.4,"$703,082,435,360 ",59.6,105.2,83.6,10.1,28.8,8574832.0,46.818188,8.227512,Alcohol,1
1804,1600,Metals & Mining,Evgeny (Eugene) Shvidler,59.0,United Kingdom,London,"Metals, investments",Metals & Mining,United States,,True,E,M,3/23/1964 0:00,Shvidler,Evgeny (Eugene),Founder & Entrepreneur & Metals,4/4/2023 5:01,,,1964.0,3.0,23.0,119.62,1.7,"$2,827,113,184,696 ",60.0,101.2,81.3,25.5,30.6,66834405.0,55.378051,-3.435973,"Metals, investments",2
1804,1600,Technology,Ryan Smith,44.0,United States,Provo,Cloud computing,Technology,United States,Qualtrics,True,E,M,6/28/1978 0:00,Smith,Ryan,Co-Founder & CEO,4/4/2023 5:01,Utah,West,1978.0,6.0,28.0,117.24,7.5,"$21,427,700,000,000 ",88.2,101.8,78.5,9.6,36.6,328239523.0,37.09024,-95.712891,"Cloud computing, Qualtrics",2
1804,1600,Diversified,Zakhar Smushkin,61.0,Russia,Saint Petersburg,"Pulp and paper, diversified",Diversified,Russia,,True,R,M,1/23/1962 0:00,Smushkin,Zakhar,Founder & Entrepreneur & and paper,4/4/2023 5:01,,,1962.0,1.0,23.0,180.75,4.5,"$1,699,876,578,871 ",81.9,102.6,72.7,11.4,46.2,144373535.0,61.52401,105.318756,"Pulp and paper, diversified",10
1804,1600,Service,Peter Sperling,63.0,United States,Phoenix,Education,Service,United States,,False,E,M,11/22/1959 0:00,Sperling,Peter,Heir & Major Shareholder,4/4/2023 5:01,Arizona,West,1959.0,11.0,22.0,117.24,7.5,"$21,427,700,000,000 ",88.2,101.8,78.5,9.6,36.6,328239523.0,37.09024,-95.712891,Education,1
1804,1600,Diversified,Laurie Tisch,72.0,United States,New York,"Insurance, NFL team",Diversified,United States,,False,U,F,2/19/1951 0:00,Tisch,Laurie,Heir & Major Shareholder & Insurance & NFL,4/4/2023 5:01,New York,Northeast,1951.0,2.0,19.0,117.24,7.5,"$21,427,700,000,000 ",88.2,101.8,78.5,9.6,36.6,328239523.0,37.09024,-95.712891,"Insurance, NFL team",2
1804,1600,Diversified,Steven Tisch,74.0,United States,Beverly Hills,Insurance,Diversified,United States,,False,U,M,2/14/1949 0:00,Tisch,Steven,Heir & Major Shareholder,4/4/2023 5:01,California,West,1949.0,2.0,14.0,117.24,7.5,"$21,427,700,000,000 ",88.2,101.8,78.5,9.6,36.6,328239523.0,37.09024,-95.712891,Insurance,1
1804,1600,Manufacturing,Michael Tojner,57.0,Austria,Vienna,"Batteries, investments",Manufacturing,Austria,,True,D,M,3/31/1966 0:00,Tojner,Michael,Founder & Entrepreneur & Batteries,4/4/2023 5:01,,,1966.0,3.0,31.0,118.06,1.5,"$446,314,739,528 ",85.1,103.1,81.6,25.4,51.4,8877067.0,47.516231,14.550072,"Batteries, investments",2
1804,1600,Healthcare,August Troendle,67.0,United States,Cincinnati,Pharmaceutical services,Healthcare,United States,,True,U,M,1/1/1956 0:00,Troendle,August,Founder & Entrepreneur,4/4/2023 5:01,Ohio,Midwest,1956.0,1.0,1.0,117.24,7.5,"$21,427,700,000,000 ",88.2,101.8,78.5,9.6,36.6,328239523.0,37.09024,-95.712891,Pharmaceutical services,1
1804,1600,Manufacturing,Tseng Sing-ai,,Taiwan,,Petrochemicals,Manufacturing,Taiwan,,False,E,F,,Tseng,Sing-ai,Heir & Major Shareholder,4/4/2023 5:01,,,,,,,,,,,,,,,,,Petrochemicals,1
1804,1600,Technology,Sekar Vembu,51.0,India,Chennai,Business software,Technology,India,,True,U,M,1/1/1972 0:00,Vembu,Sekar,Founder & Entrepreneur,4/4/2023 5:01,,,1972.0,1.0,1.0,180.44,7.7,"$2,611,000,000,000 ",28.1,113.0,69.4,11.2,49.7,1366417754.0,20.593684,78.96288,Business software,1
1804,1600,Energy,Chris Wallin,70.0,Australia,Brisbane,Mining,Energy,Australia,,True,R,M,1/1/1953 0:00,Wallin,Chris,Founder & Entrepreneur,4/4/2023 5:01,,,1953.0,1.0,1.0,119.8,1.6,"$1,392,680,589,329 ",113.1,100.3,82.7,23.0,47.4,25766605.0,-25.274398,133.775136,Mining,1
1804,1600,Media & Entertainment,Wang Changtian,57.0,China,Beijing,"TV, movie production",Media & Entertainment,China,,True,D,M,4/26/1965 0:00,Wang,Changtian,Founder & Entrepreneur & TV,4/4/2023 5:01,,,1965.0,4.0,26.0,125.08,2.9,"$19,910,000,000,000 ",50.6,100.2,77.0,9.4,59.2,1397715000.0,35.86166,104.195397,"TV, movie production",2
1804,1600,Media & Entertainment,Ning Wang & family,36.0,China,Beijing,Toys,Media & Entertainment,China,,True,D,M,1/1/1987 0:00,Wang,Ning,Controlling Shareholder & (Family Estate),4/4/2023 5:01,,,1987.0,1.0,1.0,125.08,2.9,"$19,910,000,000,000 ",50.6,100.2,77.0,9.4,59.2,1397715000.0,35.86166,104.195397,Toys,1
1804,1600,Technology,Scott Watterson,67.0,United States,Logan,Fitness equipment,Technology,United States,,True,E,M,5/18/1955 0:00,Watterson,Scott,Founder & Entrepreneur,4/4/2023 5:01,Utah,West,1955.0,5.0,18.0,117.24,7.5,"$21,427,700,000,000 ",88.2,101.8,78.5,9.6,36.6,328239523.0,37.09024,-95.712891,Fitness equipment,1
1804,1600,Energy,Dan Wilks,66.0,United States,Cisco,Natural gas,Energy,United States,,True,U,M,5/30/1956 0:00,Wilks,Dan,Founder & Entrepreneur & gas,4/4/2023 5:01,Texas,South,1956.0,5.0,30.0,117.24,7.5,"$21,427,700,000,000 ",88.2,101.8,78.5,9.6,36.6,328239523.0,37.09024,-95.712891,Natural gas,1
1804,1600,Fashion & Retail,Alan Wilson,82.0,Australia,Melbourne,Retailing,Fashion & Retail,Australia,,False,Split Family Fortune,M,10/28/1940 0:00,Wilson,Alan,Heir & Major Shareholder,4/4/2023 5:01,,,1940.0,10.0,28.0,119.8,1.6,"$1,392,680,589,329 ",113.1,100.3,82.7,23.0,47.4,25766605.0,-25.274398,133.775136,Retailing,1
1804,1600,Fashion & Retail,Bruce Wilson,76.0,Australia,Melbourne,Retailing,Fashion & Retail,Australia,,False,Split Family Fortune,M,4/19/1946 0:00,Wilson,Bruce,Heir & Major Shareholder,4/4/2023 5:01,,,1946.0,4.0,19.0,119.8,1.6,"$1,392,680,589,329 ",113.1,100.3,82.7,23.0,47.4,25766605.0,-25.274398,133.775136,Retailing,1
1804,1600,Fashion & Retail,John Wilson,85.0,Australia,Melbourne,Retailing,Fashion & Retail,Australia,,False,Split Family Fortune,M,12/31/1937 0:00,Wilson,John,Heir & Major Shareholder,4/4/2023 5:01,,,1937.0,12.0,31.0,119.8,1.6,"$1,392,680,589,329 ",113.1,100.3,82.7,23.0,47.4,25766605.0,-25.274398,133.775136,Retailing,1
1804,1600,Technology,Anthony Wood,57.0,United States,Palo Alto,Roku,Technology,United States,,True,D,M,12/4/1965 0:00,Wood,Anthony,Founder & Entrepreneur,4/4/2023 5:01,California,West,1965.0,12.0,4.0,117.24,7.5,"$21,427,700,000,000 ",88.2,101.8,78.5,9.6,36.6,328239523.0,37.09024,-95.712891,Roku,1
1804,1600,Manufacturing,Wu Ying,58.0,China,Xianyang,Materials,Manufacturing,China,,True,D,M,4/16/1964 0:00,Wu,Ying,Founder & Entrepreneur,4/4/2023 5:01,,,1964.0,4.0,16.0,125.08,2.9,"$19,910,000,000,000 ",50.6,100.2,77.0,9.4,59.2,1397715000.0,35.86166,104.195397,Materials,1
1804,1600,Healthcare,Wu Yulan,53.0,China,Lianyungang,Pharmaceuticals,Healthcare,China,,True,D,F,8/26/1969 0:00,Wu,Yulan,Founder & Entrepreneur,4/4/2023 5:01,,,1969.0,8.0,26.0,125.08,2.9,"$19,910,000,000,000 ",50.6,100.2,77.0,9.4,59.2,1397715000.0,35.86166,104.195397,Pharmaceuticals,1
1804,1600,Technology,Zhongyi Wu,49.0,China,Xiamen,electronics,Technology,China,,True,D,M,10/28/1973 0:00,Wu,Zhongyi,Founder & Entrepreneur,4/4/2023 5:01,,,1973.0,10.0,28.0,125.08,2.9,"$19,910,000,000,000 ",50.6,100.2,77.0,9.4,59.2,1397715000.0,35.86166,104.195397,electronics,1
1804,1600,Manufacturing,Xiang Guangming & family,59.0,China,Wenzhou,Waste disposal,Manufacturing,China,,True,D,M,10/1/1963 0:00,Xiang,Guangming,Controlling Shareholder & (Family Estate),4/4/2023 5:01,,,1963.0,10.0,1.0,125.08,2.9,"$19,910,000,000,000 ",50.6,100.2,77.0,9.4,59.2,1397715000.0,35.86166,104.195397,Waste disposal,1
1804,1600,Technology,Xue Xiangdong & family,64.0,China,Beijing,Software,Technology,China,,True,D,M,2/10/1959 0:00,Xue,Xiangdong,Controlling Shareholder & (Family Estate),4/4/2023 5:01,,,1959.0,2.0,10.0,125.08,2.9,"$19,910,000,000,000 ",50.6,100.2,77.0,9.4,59.2,1397715000.0,35.86166,104.195397,Software,1
1804,1600,Healthcare,George Yancopoulos,63.0,United States,Yorktown Heights,Pharmaceuticals,Healthcare,United States,,True,U,M,9/10/1959 0:00,Yancopoulos,George,Founder & Entrepreneur,4/4/2023 5:01,New York,Northeast,1959.0,9.0,10.0,117.24,7.5,"$21,427,700,000,000 ",88.2,101.8,78.5,9.6,36.6,328239523.0,37.09024,-95.712891,Pharmaceuticals,1
1804,1600,Technology,Steven Meng Yang & family,40.0,China,Changsha,Electronics,Technology,China,,True,D,M,5/1/1982 0:00,Yang,Steven Meng,Controlling Shareholder & (Family Estate),4/4/2023 5:01,,,1982.0,5.0,1.0,125.08,2.9,"$19,910,000,000,000 ",50.6,100.2,77.0,9.4,59.2,1397715000.0,35.86166,104.195397,Electronics,1
1804,1600,Automotive,Ye Fan & family,52.0,China,Dongguan,Auto dealerships,Automotive,China,,True,D,M,1/1/1971 0:00,Ye,Fan,Controlling Shareholder & (Family Estate),4/4/2023 5:01,,,1971.0,1.0,1.0,125.08,2.9,"$19,910,000,000,000 ",50.6,100.2,77.0,9.4,59.2,1397715000.0,35.86166,104.195397,Auto dealerships,1
1804,1600,Diversified,Yi Dasheng,62.0,China,Changsha,Conglomerate,Diversified,China,,True,D,M,2/1/1961 0:00,Yi,Dasheng,Founder & Entrepreneur,4/4/2023 5:01,,,1961.0,2.0,1.0,125.08,2.9,"$19,910,000,000,000 ",50.6,100.2,77.0,9.4,59.2,1397715000.0,35.86166,104.195397,Conglomerate,1
1804,1600,Manufacturing,Yu Lili,55.0,China,Changsha,Electronic components,Manufacturing,China,,True,D,F,1/1/1968 0:00,Yu,Lili,Founder & Entrepreneur,4/4/2023 5:01,,,1968.0,1.0,1.0,125.08,2.9,"$19,910,000,000,000 ",50.6,100.2,77.0,9.4,59.2,1397715000.0,35.86166,104.195397,Electronic components,1
1804,1600,Technology,Zeng Kaitian,48.0,China,Shanghai,Online games,Technology,China,,True,D,M,1/1/1975 0:00,Zeng,Kaitian,Founder & Entrepreneur,4/4/2023 5:01,,,1975.0,1.0,1.0,125.08,2.9,"$19,910,000,000,000 ",50.6,100.2,77.0,9.4,59.2,1397715000.0,35.86166,104.195397,Online games,1
1804,1600,Metals & Mining,Zhang Xuexin & family,75.0,China,Liaocheng,Aluminum,Metals & Mining,China,,True,D,M,7/1/1947 0:00,Zhang,Xuexin,Controlling Shareholder & (Family Estate),4/4/2023 5:01,,,1947.0,7.0,1.0,125.08,2.9,"$19,910,000,000,000 ",50.6,100.2,77.0,9.4,59.2,1397715000.0,35.86166,104.195397,Aluminum,1
1804,1600,Food & Beverage,Yubai Zhang,58.0,China,Suqian,Wine,Food & Beverage,China,,True,D,M,10/1/1964 0:00,Zhang,Yubai,Founder & Entrepreneur,4/4/2023 5:01,,,1964.0,10.0,1.0,125.08,2.9,"$19,910,000,000,000 ",50.6,100.2,77.0,9.4,59.2,1397715000.0,35.86166,104.195397,Wine,1
1804,1600,Gambling & Casinos,Fredrik Österberg,52.0,Sweden,Stockholm,Gambling products,Gambling & Casinos,Sweden,,True,U,M,1/19/1971 0:00,Österberg,Fredrik,Founder & Entrepreneur,4/4/2023 5:01,,,1971.0,1.0,19.0,110.51,1.8,"$530,832,908,738 ",67.0,126.6,82.5,27.9,49.1,10285453.0,60.128161,18.643501,Gambling products,1
1905,1500,Food & Beverage,Shiv Kishan Agrawal,82.0,India,Nagpur,Snacks,Food & Beverage,India,,False,N,M,1/1/1941 0:00,Agrawal,Shiv Kishan,Heir & Major Shareholder,4/4/2023 5:01,,,1941.0,1.0,1.0,180.44,7.7,"$2,611,000,000,000 ",28.1,113.0,69.4,11.2,49.7,1366417754.0,20.593684,78.96288,Snacks,1
1905,1500,Diversified,Aziz Akhannouch & family,62.0,Morocco,Casablanca,"Petroleum, diversified",Diversified,Morocco,,False,D,M,1/1/1961 0:00,Akhannouch,Aziz,Controlling Shareholder & Petroleum & (Family Estate),4/4/2023 5:01,,,1961.0,1.0,1.0,111.07,0.2,"$118,725,279,596 ",35.9,113.9,76.5,21.9,45.8,36910560.0,31.791702,-7.09262,"Petroleum, diversified",10
1905,1500,Diversified,Hamdi Akin & family,68.0,Turkey,Istanbul,Diversified,Diversified,Turkey,,True,E,M,1/1/1955 0:00,Akin,Hamdi,Controlling Shareholder & (Family Estate),4/4/2023 5:01,,,1955.0,1.0,1.0,234.44,15.2,"$754,411,708,203 ",23.9,93.2,77.4,17.9,42.3,83429615.0,38.963745,35.243322,Diversified,10
1905,1500,Manufacturing,Nerio Alessandri,61.0,Italy,Cesena,Gym equipment,Manufacturing,Italy,,True,U,M,4/8/1961 0:00,Alessandri,Nerio,Founder & Entrepreneur & Gym,4/4/2023 5:01,,,1961.0,4.0,8.0,110.62,0.6,"$2,001,244,392,042 ",61.9,101.9,82.9,24.3,59.1,60297396.0,41.87194,12.56738,Gym equipment,1
1905,1500,Diversified,Alexandra Andresen,26.0,Norway,Oslo,Investments,Diversified,Norway,,False,U,F,7/23/1996 0:00,Andresen,Alexandra,Heir & Major Shareholder,4/4/2023 5:01,,,1996.0,7.0,23.0,120.27,2.2,"$403,336,363,636 ",82.0,100.3,82.8,23.9,36.2,5347896.0,60.472024,8.468946,Investments,1
1905,1500,Diversified,Katharina Andresen,27.0,Norway,Oslo,Investments,Diversified,Norway,,False,U,F,5/21/1995 0:00,Andresen,Katharina,Heir & Major Shareholder,4/4/2023 5:01,,,1995.0,5.0,21.0,120.27,2.2,"$403,336,363,636 ",82.0,100.3,82.8,23.9,36.2,5347896.0,60.472024,8.468946,Investments,1
1905,1500,Diversified,Patricia Angelini Rossi,68.0,Chile,Santiago,"Forestry, mining",Diversified,Chile,,False,U,F,4/5/1954 0:00,Angelini Rossi,Patricia,Heir & Major Shareholder & Forestry,4/4/2023 5:01,,,1954.0,4.0,5.0,131.91,2.6,"$282,318,159,745 ",88.5,101.4,80.0,18.2,34.0,18952038.0,-35.675147,-71.542969,"Forestry, mining",2
1905,1500,Healthcare,Mori Arkin,70.0,Israel,Herzliya Pituach,Pharmaceuticals,Healthcare,Israel,,True,D,M,9/24/1952 0:00,Arkin,Mori,Founder & Entrepreneur,4/4/2023 5:01,,,1952.0,9.0,24.0,108.15,0.8,"$395,098,666,122 ",63.4,104.9,82.8,23.1,25.3,9053300.0,31.046051,34.851612,Pharmaceuticals,1
1905,1500,Fashion & Retail,Barbara Benetton,53.0,Italy,Campodoro,"Fashion retail, investments",Fashion & Retail,Italy,,False,U,F,7/2/1969 0:00,Benetton,Barbara,Heir & Major Shareholder,4/4/2023 5:01,,,1969.0,7.0,2.0,110.62,0.6,"$2,001,244,392,042 ",61.9,101.9,82.9,24.3,59.1,60297396.0,41.87194,12.56738,"Fashion retail, investments",2
1905,1500,Metals & Mining,Angela Bennett,79.0,Australia,Perth,Mining,Metals & Mining,Australia,,False,U,F,4/1/1944 0:00,Bennett,Angela,Heir & Major Shareholder,4/4/2023 5:01,,,1944.0,4.0,1.0,119.8,1.6,"$1,392,680,589,329 ",113.1,100.3,82.7,23.0,47.4,25766605.0,-25.274398,133.775136,Mining,1
1905,1500,Diversified,Zadik Bino & family,79.0,Israel,Tel Aviv,"Banking, oil",Diversified,Israel,,True,D,M,1/1/1944 0:00,Bino,Zadik,Controlling Shareholder & Banking & oil (Family Estate),4/4/2023 5:01,,,1944.0,1.0,1.0,108.15,0.8,"$395,098,666,122 ",63.4,104.9,82.8,23.1,25.3,9053300.0,31.046051,34.851612,"Banking, oil",2
1905,1500,Fashion & Retail,Paolo Bulgari,85.0,Italy,Rome,Luxury goods,Fashion & Retail,Italy,,False,E,M,9/8/1937 0:00,Bulgari,Paolo,Heir & Major Shareholder,4/4/2023 5:01,,,1937.0,9.0,8.0,110.62,0.6,"$2,001,244,392,042 ",61.9,101.9,82.9,24.3,59.1,60297396.0,41.87194,12.56738,Luxury goods,1
1905,1500,Food & Beverage,Saket Burman,46.0,United Arab Emirates,Dubai,Consumer goods,Food & Beverage,United Kingdom,,False,D,M,3/10/1977 0:00,Burman,Saket,Heir & Major Shareholder,4/4/2023 5:01,,,1977.0,3.0,10.0,114.52,-1.9,"$421,142,267,938 ",36.8,108.4,77.8,0.1,15.9,9770529.0,23.424076,53.847818,Consumer goods,1
1905,1500,Diversified,Ahmet Calik,65.0,Turkey,Istanbul,"Energy, banking, construction",Diversified,Turkey,,True,E,M,3/1/1958 0:00,Calik,Ahmet,Founder & Entrepreneur & Energy & banking,4/4/2023 5:01,,,1958.0,3.0,1.0,234.44,15.2,"$754,411,708,203 ",23.9,93.2,77.4,17.9,42.3,83429615.0,38.963745,35.243322,"Energy, banking, construction",3
1905,1500,Technology,Safra Catz,61.0,United States,Redwood City,Software,Technology,United States,Oracle,True,E,F,12/13/1961 0:00,Catz,Safra,CEO,4/4/2023 5:01,California,South,1961.0,12.0,13.0,117.24,7.5,"$21,427,700,000,000 ",88.2,101.8,78.5,9.6,36.6,328239523.0,37.09024,-95.712891,"Oracle, Software",2
1905,1500,Logistics,Chang Kuo-Hua,68.0,Taiwan,Taipei,"Shipping, airlines",Logistics,Taiwan,,False,D,M,1/1/1955 0:00,Chang,Kuo-Hua,Heir & Major Shareholder & Shipping,4/4/2023 5:01,,,1955.0,1.0,1.0,,,,,,,,,,,,"Shipping, airlines",2
1905,1500,Manufacturing,Chu Jian,60.0,China,Hangzhou,Manufacturing,Manufacturing,China,,True,U,M,4/1/1963 0:00,Chu,Jian,Founder & Entrepreneur,4/4/2023 5:01,,,1963.0,4.0,1.0,125.08,2.9,"$19,910,000,000,000 ",50.6,100.2,77.0,9.4,59.2,1397715000.0,35.86166,104.195397,Manufacturing,1
1905,1500,Diversified,Sandor Csanyi,70.0,Hungary,Budapest,"Finance, real estate",Diversified,Hungary,,True,U,M,3/20/1953 0:00,Csanyi,Sandor,Founder & Entrepreneur & Finance,4/4/2023 5:01,,,1953.0,3.0,20.0,121.64,3.3,"$160,967,157,504 ",48.5,100.8,75.8,23.0,37.9,9769949.0,47.162494,19.503304,"Finance, real estate",2
1905,1500,Finance & Investments,Ana Lucia de Mattos Barretto Villela,49.0,Brazil,Sao Paulo,Banking,Finance & Investments,Brazil,,False,D,F,10/25/1973 0:00,de Mattos Barretto Villela,Ana Lucia,Heir & Major Shareholder,4/4/2023 5:01,,,1973.0,10.0,25.0,167.4,3.7,"$1,839,758,040,766 ",51.3,115.4,75.7,14.2,65.1,212559417.0,-14.235004,-51.92528,Banking,1
1905,1500,Manufacturing,Federico De Nora,55.0,Italy,Milan,Electrodes,Manufacturing,Italy,,False,D,M,3/23/1968 0:00,De Nora,Federico,Heir & Major Shareholder,4/4/2023 5:01,,,1968.0,3.0,23.0,110.62,0.6,"$2,001,244,392,042 ",61.9,101.9,82.9,24.3,59.1,60297396.0,41.87194,12.56738,Electrodes,1
1905,1500,Technology,Bharat Desai,70.0,United States,Fisher Island,IT consulting,Technology,United States,Syntel,True,E,M,11/20/1952 0:00,Desai,Bharat,Chairman and Co-founder,4/4/2023 5:01,Florida,South,1952.0,11.0,20.0,117.24,7.5,"$21,427,700,000,000 ",88.2,101.8,78.5,9.6,36.6,328239523.0,37.09024,-95.712891,"IT consulting, Syntel",2
1905,1500,Diversified,Mohammed Dewji,47.0,Tanzania,Dar es Salaam,Diversified,Diversified,Tanzania,,False,E,M,5/8/1975 0:00,Dewji,Mohammed,Heir & Major Shareholder,4/4/2023 5:01,,,1975.0,5.0,8.0,187.43,3.5,"$63,177,068,175 ",4.0,94.2,65.0,11.5,43.8,58005463.0,-6.369028,34.888822,Diversified,10
1905,1500,Finance & Investments,Egon Durban,49.0,United States,Atherton,Private equity,Finance & Investments,United States,,True,E,M,8/23/1973 0:00,Durban,Egon,Founder & Entrepreneur,4/4/2023 5:01,California,West,1973.0,8.0,23.0,117.24,7.5,"$21,427,700,000,000 ",88.2,101.8,78.5,9.6,36.6,328239523.0,37.09024,-95.712891,Private equity,1
1905,1500,Manufacturing,Fu Mingkang & family,60.0,China,Ningbo,Manufacturing,Manufacturing,China,,True,D,M,3/17/1963 0:00,Fu,Mingkang,Controlling Shareholder & (Family Estate),4/4/2023 5:01,,,1963.0,3.0,17.0,125.08,2.9,"$19,910,000,000,000 ",50.6,100.2,77.0,9.4,59.2,1397715000.0,35.86166,104.195397,Manufacturing,1
1905,1500,Media & Entertainment,Alan Gerry,94.0,United States,Liberty,Cable television,Media & Entertainment,United States,,True,E,M,12/25/1928 0:00,Gerry,Alan,Founder & Entrepreneur,4/4/2023 5:01,New York,Northeast,1928.0,12.0,25.0,117.24,7.5,"$21,427,700,000,000 ",88.2,101.8,78.5,9.6,36.6,328239523.0,37.09024,-95.712891,Cable television,1
1905,1500,Fashion & Retail,Philippe Ginestet & family,69.0,France,Pujols,Retail stores,Fashion & Retail,France,,True,D,M,1/1/1954 0:00,Ginestet,Philippe,Controlling Shareholder & (Family Estate),4/4/2023 5:01,,,1954.0,1.0,1.0,110.05,1.1,"$2,715,518,274,227 ",65.6,102.5,82.5,24.2,60.7,67059887.0,46.227638,2.213749,Retail stores,1
1905,1500,Logistics,G. Gnanalingam,78.0,Malaysia,Kuala Lumpur,Ports,Logistics,Malaysia,,True,D,M,9/10/1944 0:00,Gnanalingam,G.,Founder & Entrepreneur,4/4/2023 5:01,,,1944.0,9.0,10.0,121.46,0.7,"$364,701,517,788 ",45.1,105.3,76.0,12.0,38.7,32447385.0,4.210484,101.975766,Ports,1
1905,1500,Fashion & Retail,Esther Grether,87.0,Switzerland,Basel,Art collection,Fashion & Retail,Switzerland,,False,E,F,1/1/1936 0:00,Grether,Esther,Heir & Major Shareholder & Art,4/4/2023 5:01,,,1936.0,1.0,1.0,99.55,0.4,"$703,082,435,360 ",59.6,105.2,83.6,10.1,28.8,8574832.0,46.818188,8.227512,Art collection,1
1905,1500,Manufacturing,Wei Gu,58.0,China,Shenzhen,Consumer electronics,Manufacturing,China,,True,E,M,1/27/1965 0:00,Gu,Wei,Founder & Entrepreneur,4/4/2023 5:01,,,1965.0,1.0,27.0,125.08,2.9,"$19,910,000,000,000 ",50.6,100.2,77.0,9.4,59.2,1397715000.0,35.86166,104.195397,Consumer electronics,1
1905,1500,Technology,Patrick Hanrahan,67.0,United States,Portola Valley,Software,Technology,United States,,True,D,M,5/8/1955 0:00,Hanrahan,Patrick,Founder & Entrepreneur,4/4/2023 5:01,California,West,1955.0,5.0,8.0,117.24,7.5,"$21,427,700,000,000 ",88.2,101.8,78.5,9.6,36.6,328239523.0,37.09024,-95.712891,Software,1
1905,1500,Finance & Investments,Kenneth Hao,54.0,United States,Hillsborough,Private equity,Finance & Investments,United States,,True,E,M,9/11/1968 0:00,Hao,Kenneth,Founder & Entrepreneur,4/4/2023 5:01,California,West,1968.0,9.0,11.0,117.24,7.5,"$21,427,700,000,000 ",88.2,101.8,78.5,9.6,36.6,328239523.0,37.09024,-95.712891,Private equity,1
1905,1500,Finance & Investments,Jaroslav Hascak & family,53.0,Slovakia,Bratislava,Investments,Finance & Investments,Slovakia,,True,U,M,8/30/1969 0:00,Hascak,Jaroslav,Controlling Shareholder & (Family Estate),4/4/2023 5:01,,,1969.0,8.0,30.0,115.34,2.7,"$105,422,304,976 ",46.6,98.7,77.2,18.7,49.7,5454073.0,48.669026,19.699024,Investments,1
1905,1500,Manufacturing,He Zhenggang,69.0,China,Leshan,Chemicals,Manufacturing,China,,True,D,M,3/25/1954 0:00,He,Zhenggang,Founder & Entrepreneur,4/4/2023 5:01,,,1954.0,3.0,25.0,125.08,2.9,"$19,910,000,000,000 ",50.6,100.2,77.0,9.4,59.2,1397715000.0,35.86166,104.195397,Chemicals,1
1905,1500,Real Estate,Niranjan Hiranandani,73.0,India,Mumbai,Real estate,Real Estate,India,,True,E,M,3/8/1950 0:00,Hiranandani,Niranjan,Founder & Entrepreneur,4/4/2023 5:01,,,1950.0,3.0,8.0,180.44,7.7,"$2,611,000,000,000 ",28.1,113.0,69.4,11.2,49.7,1366417754.0,20.593684,78.96288,Real estate,1
1905,1500,Finance & Investments,Ho Hung Anh,52.0,Vietnam,Hanoi,"Consumer products, banking",Finance & Investments,Vietnam,,True,D,M,6/8/1970 0:00,Ho,Hung Anh,Founder & Entrepreneur & products,4/4/2023 5:01,,,1970.0,6.0,8.0,163.52,2.8,"$261,921,244,843 ",28.5,110.6,75.3,19.1,37.6,96462106.0,14.058324,108.277199,"Consumer products, banking",2
1905,1500,Technology,Archie Hwang,70.0,Taiwan,Taipei,Semiconductors,Technology,Taiwan,,True,D,M,8/20/1952 0:00,Hwang,Archie,Founder & Entrepreneur,4/4/2023 5:01,,,1952.0,8.0,20.0,,,,,,,,,,,,Semiconductors,1
1905,1500,Media & Entertainment,Peter Jackson,61.0,New Zealand,Wellington,"Movies, digital effects",Media & Entertainment,New Zealand,Film,True,E,M,10/31/1961 0:00,Jackson,Peter,Founder & Lead Investor & Movies,4/4/2023 5:01,,,1961.0,10.0,31.0,114.24,1.6,"$206,928,765,544 ",82.0,100.0,81.9,29.0,34.6,4841000.0,-40.900557,174.885971,"Film, Movies, digital effects",3
1905,1500,Finance & Investments,Stephen Jarislowsky,97.0,Canada,Montreal,Money management,Finance & Investments,Canada,Jarislowsky & Fraser,True,D,M,9/9/1925 0:00,Jarislowsky,Stephen,Cofounder and Chairman,4/4/2023 5:01,,,1925.0,9.0,9.0,116.76,1.9,"$1,736,425,629,520 ",68.9,100.9,81.9,12.8,24.5,36991981.0,56.130366,-106.346771,"Jarislowsky & Fraser, Money management",2
1905,1500,Healthcare,Rajeev Juneja,57.0,India,Delhi,Phamaceuticals,Healthcare,India,,True,U,M,7/28/1965 0:00,Juneja,Rajeev,Founder & Entrepreneur,4/4/2023 5:01,,,1965.0,7.0,28.0,180.44,7.7,"$2,611,000,000,000 ",28.1,113.0,69.4,11.2,49.7,1366417754.0,20.593684,78.96288,Phamaceuticals,1
1905,1500,Healthcare,Ramesh Juneja,67.0,India,Delhi,Pharmaceuticals,Healthcare,India,,True,U,M,7/28/1955 0:00,Juneja,Ramesh,Founder & Entrepreneur,4/4/2023 5:01,,,1955.0,7.0,28.0,180.44,7.7,"$2,611,000,000,000 ",28.1,113.0,69.4,11.2,49.7,1366417754.0,20.593684,78.96288,Pharmaceuticals,1
1905,1500,Diversified,Ke Xiping & family,62.0,China,Xiamen,Investments,Diversified,China,,True,E,M,6/7/1960 0:00,Ke,Xiping,Controlling Shareholder & (Family Estate),4/4/2023 5:01,,,1960.0,6.0,7.0,125.08,2.9,"$19,910,000,000,000 ",50.6,100.2,77.0,9.4,59.2,1397715000.0,35.86166,104.195397,Investments,1
1905,1500,Diversified,Kim Jun-ki,78.0,South Korea,Seoul,Diversified,Diversified,South Korea,Dongbu Insurance Co. Ltd.,True,U,M,12/4/1944 0:00,Kim,Jun-ki,Founder & Entrepreneur,4/4/2023 5:01,,,1944.0,12.0,4.0,115.16,0.4,"$2,029,000,000,000 ",94.3,98.1,82.6,15.6,33.2,51709098.0,35.907757,127.766922,"Diversified, Dongbu Insurance Co. Ltd.",10
1905,1500,Fashion & Retail,Sidney Kimmel,95.0,United States,New York,Retail,Fashion & Retail,United States,,True,E,M,1/16/1928 0:00,Kimmel,Sidney,Founder & Entrepreneur,4/4/2023 5:01,New York,Northeast,1928.0,1.0,16.0,117.24,7.5,"$21,427,700,000,000 ",88.2,101.8,78.5,9.6,36.6,328239523.0,37.09024,-95.712891,Retail,1
1905,1500,Food & Beverage,Jim Koch,73.0,United States,Newton,Beer,Food & Beverage,United States,,True,D,M,5/27/1949 0:00,Koch,Jim,Founder & Entrepreneur,4/4/2023 5:01,Massachusetts,Northeast,1949.0,5.0,27.0,117.24,7.5,"$21,427,700,000,000 ",88.2,101.8,78.5,9.6,36.6,328239523.0,37.09024,-95.712891,Beer,1
1905,1500,Real Estate,Raj Kumar,68.0,Singapore,Singapore,"Real estate, hotels",Real Estate,Singapore,,True,Split Family Fortune,M,5/25/1954 0:00,Kumar,Raj,Founder & Entrepreneur & estate,4/4/2023 5:01,,,1954.0,5.0,25.0,114.41,0.6,"$372,062,527,489 ",84.8,100.6,83.1,13.1,21.0,5703569.0,1.352083,103.819836,"Real estate, hotels",2
1905,1500,Diversified,Spiro Latsis & family,76.0,Switzerland,Geneva,"Banking, shipping",Diversified,Greece,,False,R,M,8/15/1946 0:00,Latsis,Spiro,Controlling Shareholder & Banking & (Family Estate),4/4/2023 5:01,,,1946.0,8.0,15.0,99.55,0.4,"$703,082,435,360 ",59.6,105.2,83.6,10.1,28.8,8574832.0,46.818188,8.227512,"Banking, shipping",2
1905,1500,Manufacturing,Peter Leibinger,56.0,Germany,Schwieberdingen,Machine tools,Manufacturing,Germany,,False,D,M,1/1/1967 0:00,Leibinger,Peter,Heir & Major Shareholder,4/4/2023 5:01,,,1967.0,1.0,1.0,112.85,1.4,"$3,845,630,030,824 ",70.2,104.0,80.9,11.5,48.8,83132799.0,51.165691,10.451526,Machine tools,1
1905,1500,Manufacturing,Regine Leibinger,60.0,Germany,Berlin,Machine tools,Manufacturing,Germany,,False,D,F,1/1/1963 0:00,Leibinger,Regine,Heir & Major Shareholder,4/4/2023 5:01,,,1963.0,1.0,1.0,112.85,1.4,"$3,845,630,030,824 ",70.2,104.0,80.9,11.5,48.8,83132799.0,51.165691,10.451526,Machine tools,1
1905,1500,Manufacturing,Nicola Leibinger-Kammueller,63.0,Germany,Berlin,Manufacturing,Manufacturing,Germany,,False,D,F,12/15/1959 0:00,Leibinger-Kammueller,Nicola,Heir & Major Shareholder,4/4/2023 5:01,,,1959.0,12.0,15.0,112.85,1.4,"$3,845,630,030,824 ",70.2,104.0,80.9,11.5,48.8,83132799.0,51.165691,10.451526,Manufacturing,1
1905,1500,Manufacturing,Li Jianli,50.0,China,Shenzhen,Lithium-ion battery cap,Manufacturing,China,,True,D,M,9/27/1972 0:00,Li,Jianli,Founder & Entrepreneur & cap,4/4/2023 5:01,,,1972.0,9.0,27.0,125.08,2.9,"$19,910,000,000,000 ",50.6,100.2,77.0,9.4,59.2,1397715000.0,35.86166,104.195397,Lithium-ion battery cap,1
1905,1500,Manufacturing,Li Jiaquan,59.0,China,Chengdu,Chemicals,Manufacturing,China,,True,D,M,9/6/1963 0:00,Li,Jiaquan,Founder & Entrepreneur,4/4/2023 5:01,,,1963.0,9.0,6.0,125.08,2.9,"$19,910,000,000,000 ",50.6,100.2,77.0,9.4,59.2,1397715000.0,35.86166,104.195397,Chemicals,1
1905,1500,Fashion & Retail,Li Rucheng,71.0,China,Ningbo,Apparel,Fashion & Retail,China,,True,D,M,6/13/1951 0:00,Li,Rucheng,Founder & Entrepreneur,4/4/2023 5:01,,,1951.0,6.0,13.0,125.08,2.9,"$19,910,000,000,000 ",50.6,100.2,77.0,9.4,59.2,1397715000.0,35.86166,104.195397,Apparel,1
1905,1500,Manufacturing,Li Shui-po,66.0,China,Kunshan,Stainless steel products,Manufacturing,Taiwan,,True,U,M,8/1/1956 0:00,Li,Shui-po,Founder & Entrepreneur,4/4/2023 5:01,,,1956.0,8.0,1.0,125.08,2.9,"$19,910,000,000,000 ",50.6,100.2,77.0,9.4,59.2,1397715000.0,35.86166,104.195397,Stainless steel products,1
1905,1500,Technology,Scott Lin,90.0,Taiwan,Taichung,Optical components,Technology,Taiwan,,True,U,M,1/1/1933 0:00,Lin,Scott,Founder & Entrepreneur,4/4/2023 5:01,,,1933.0,1.0,1.0,,,,,,,,,,,,Optical components,1
1905,1500,Manufacturing,Liu Xiucai & family,66.0,China,Shanghai,Chemicals,Manufacturing,United States,,True,D,M,3/1/1957 0:00,Liu,Xiucai,Controlling Shareholder & (Family Estate),4/4/2023 5:01,,,1957.0,3.0,1.0,125.08,2.9,"$19,910,000,000,000 ",50.6,100.2,77.0,9.4,59.2,1397715000.0,35.86166,104.195397,Chemicals,1
1905,1500,Automotive,Lu Zhongfang,80.0,China,Tonghua,Education,Automotive,China,,True,D,F,12/1/1942 0:00,Lu,Zhongfang,Founder & Entrepreneur,4/4/2023 5:01,,,1942.0,12.0,1.0,125.08,2.9,"$19,910,000,000,000 ",50.6,100.2,77.0,9.4,59.2,1397715000.0,35.86166,104.195397,Education,1
1905,1500,Logistics,Lu Zongjun,59.0,China,Shanghai,Logistics,Logistics,China,,True,D,M,6/1/1963 0:00,Lu,Zongjun,Founder & Entrepreneur,4/4/2023 5:01,,,1963.0,6.0,1.0,125.08,2.9,"$19,910,000,000,000 ",50.6,100.2,77.0,9.4,59.2,1397715000.0,35.86166,104.195397,Logistics,1
1905,1500,Diversified,Youssef Mansour,77.0,Egypt,Cairo,Diversified,Diversified,Egypt,,True,E,M,5/21/1945 0:00,Mansour,Youssef,Founder & Entrepreneur,4/4/2023 5:01,,,1945.0,5.0,21.0,288.57,9.2,"$303,175,127,598 ",35.2,106.3,71.8,12.5,44.4,100388073.0,26.820553,30.802498,Diversified,10
1905,1500,Real Estate,Bruce Mathieson,79.0,Australia,Gold Coast,Hotels,Real Estate,Australia,,True,D,M,2/14/1944 0:00,Mathieson,Bruce,Founder & Entrepreneur,4/4/2023 5:01,,,1944.0,2.0,14.0,119.8,1.6,"$1,392,680,589,329 ",113.1,100.3,82.7,23.0,47.4,25766605.0,-25.274398,133.775136,Hotels,1
1905,1500,Diversified,Romano Minozzi,88.0,Italy,Spilamberto,"Utilities, diversified",Diversified,Italy,,True,D,M,3/6/1935 0:00,Minozzi,Romano,Founder & Entrepreneur & Utilities,4/4/2023 5:01,,,1935.0,3.0,6.0,110.62,0.6,"$2,001,244,392,042 ",61.9,101.9,82.9,24.3,59.1,60297396.0,41.87194,12.56738,"Utilities, diversified",10
1905,1500,Finance & Investments,Greg Mondre,48.0,United States,New York,Private equity,Finance & Investments,United States,,True,E,M,5/20/1974 0:00,Mondre,Greg,Founder & Entrepreneur,4/4/2023 5:01,New York,Northeast,1974.0,5.0,20.0,117.24,7.5,"$21,427,700,000,000 ",88.2,101.8,78.5,9.6,36.6,328239523.0,37.09024,-95.712891,Private equity,1
1905,1500,Fashion & Retail,Mario Moretti Polegato & family,70.0,Italy,Crocetta del Montello,Shoes,Fashion & Retail,Italy,,True,D,M,8/16/1952 0:00,Moretti Polegato,Mario,Controlling Shareholder & (Family Estate),4/4/2023 5:01,,,1952.0,8.0,16.0,110.62,0.6,"$2,001,244,392,042 ",61.9,101.9,82.9,24.3,59.1,60297396.0,41.87194,12.56738,Shoes,1
1905,1500,Service,Robert Mouawad,78.0,Bahrain,Manama,Fine jewelry,Service,Lebanon,,False,E,M,1/1/1945 0:00,Mouawad,Robert,Heir & Major Shareholder,4/4/2023 5:01,,,1945.0,1.0,1.0,117.59,2.1,"$38,574,069,149 ",50.5,99.4,77.2,4.2,13.8,1501635.0,26.0667,50.5577,Fine jewelry,1
1905,1500,Logistics,Jerry Moyes & family,79.0,United States,Tolleson,Transportation,Logistics,United States,,True,U,M,1/15/1944 0:00,Moyes,Jerry,Controlling Shareholder & (Family Estate),4/4/2023 5:01,Arizona,West,1944.0,1.0,15.0,117.24,7.5,"$21,427,700,000,000 ",88.2,101.8,78.5,9.6,36.6,328239523.0,37.09024,-95.712891,Transportation,1
1905,1500,Technology,John Ocampo,63.0,United States,Los Altos,Semiconductors,Technology,United States,,True,U,M,4/5/1959 0:00,Ocampo,John,Founder & Entrepreneur,4/4/2023 5:01,California,West,1959.0,4.0,5.0,117.24,7.5,"$21,427,700,000,000 ",88.2,101.8,78.5,9.6,36.6,328239523.0,37.09024,-95.712891,Semiconductors,1
1905,1500,Diversified,Stefan Olsson,74.0,United Kingdom,London,Diversified,Diversified,Sweden,,False,U,M,1/1/1949 0:00,Olsson,Stefan,Heir & Major Shareholder,4/4/2023 5:01,,,1949.0,1.0,1.0,119.62,1.7,"$2,827,113,184,696 ",60.0,101.2,81.3,25.5,30.6,66834405.0,55.378051,-3.435973,Diversified,10
1905,1500,Energy,Rubens Ometto Silveira Mello,73.0,Brazil,Sao Paulo,"Sugar, ethanol",Energy,Brazil,,False,D,M,1/1/1950 0:00,Ometto Silveira Mello,Rubens,Heir & Major Shareholder & Sugar,4/4/2023 5:01,,,1950.0,1.0,1.0,167.4,3.7,"$1,839,758,040,766 ",51.3,115.4,75.7,14.2,65.1,212559417.0,-14.235004,-51.92528,"Sugar, ethanol",2
1905,1500,Finance & Investments,Anne Marie See Pastor,,,,Finance,Finance & Investments,Peru,,False,Split Family Fortune,F,,Pastor,Anne Marie See,Heir & Major Shareholder,4/4/2023 5:01,,,,,,,,,,,,,,,,,Finance,1
1905,1500,Finance & Investments,George Pastor,,,,Finance,Finance & Investments,Peru,,False,Split Family Fortune,M,,Pastor,George,Heir & Major Shareholder,4/4/2023 5:01,,,,,,,,,,,,,,,,,Finance,1
1905,1500,Finance & Investments,Nelson Peltz,80.0,United States,Bedford,Investments,Finance & Investments,United States,Trian Fund Management,True,D,M,6/1/1942 0:00,Peltz,Nelson,Founder,4/4/2023 5:01,New York,Northeast,1942.0,6.0,1.0,117.24,7.5,"$21,427,700,000,000 ",88.2,101.8,78.5,9.6,36.6,328239523.0,37.09024,-95.712891,"Investments, Trian Fund Management",2
1905,1500,Construction & Engineering,David Penaloza Alanis,49.0,Mexico,Mexico City,Toll roads,Construction & Engineering,Mexico,,False,U,M,1/1/1974 0:00,Penaloza Alanis,David,Heir & Major Shareholder,4/4/2023 5:01,,,1974.0,1.0,1.0,141.54,3.6,"$1,258,286,717,125 ",40.2,105.8,75.0,13.1,55.1,126014024.0,23.634501,-102.552784,Toll roads,1
1905,1500,Fashion & Retail,Karl-Johan Persson,48.0,Sweden,Stockholm,H&M,Fashion & Retail,Sweden,,False,E,M,3/25/1975 0:00,Persson,Karl-Johan,Heir & Major Shareholder & H&M,4/4/2023 5:01,,,1975.0,3.0,25.0,110.51,1.8,"$530,832,908,738 ",67.0,126.6,82.5,27.9,49.1,10285453.0,60.128161,18.643501,H&M,1
1905,1500,Food & Beverage,Mike Repole,55.0,United States,Windermere,Sports drink,Food & Beverage,United States,,True,E,M,1/21/1968 0:00,Repole,Mike,Founder & Entrepreneur,4/4/2023 5:01,Florida,South,1968.0,1.0,21.0,117.24,7.5,"$21,427,700,000,000 ",88.2,101.8,78.5,9.6,36.6,328239523.0,37.09024,-95.712891,Sports drink,1
1905,1500,Food & Beverage,Duke Reyes,66.0,United States,Palm Beach,Beer distribution,Food & Beverage,United States,,False,U,M,3/23/1957 0:00,Reyes,Duke,Heir & Major Shareholder,4/4/2023 5:01,Florida,South,1957.0,3.0,23.0,117.24,7.5,"$21,427,700,000,000 ",88.2,101.8,78.5,9.6,36.6,328239523.0,37.09024,-95.712891,Beer distribution,1
1905,1500,Real Estate,Kishin RK,39.0,Singapore,Singapore,"Real estate, hotels",Real Estate,Singapore,,False,Split Family Fortune,M,5/5/1983 0:00,RK,Kishin,Heir & Major Shareholder & estate,4/4/2023 5:01,,,1983.0,5.0,5.0,114.41,0.6,"$372,062,527,489 ",84.8,100.6,83.1,13.1,21.0,5703569.0,1.352083,103.819836,"Real estate, hotels",2
1905,1500,Finance & Investments,Carlos Rodriguez-Pastor,63.0,Peru,Lima,Finance,Finance & Investments,Peru,,False,Split Family Fortune,M,4/11/1959 0:00,Rodriguez-Pastor,Carlos,Heir & Major Shareholder,4/4/2023 5:01,,,1959.0,4.0,11.0,129.78,2.1,"$226,848,050,820 ",70.7,106.9,76.5,14.3,36.8,32510453.0,-9.189967,-75.015152,Finance,1
1905,1500,Finance & Investments,Christopher Rokos,52.0,United Kingdom,London,Hedge fund,Finance & Investments,United Kingdom,Rokos Capital Management,True,E,M,9/21/1970 0:00,Rokos,Christopher,CEO & Founder,4/4/2023 5:01,,,1970.0,9.0,21.0,119.62,1.7,"$2,827,113,184,696 ",60.0,101.2,81.3,25.5,30.6,66834405.0,55.378051,-3.435973,"Hedge fund, Rokos Capital Management",2
1905,1500,Service,John Ruiz,56.0,United States,Coral Gables,Healthcare services,Service,United States,,True,N,M,1/7/1967 0:00,Ruiz,John,Founder & Entrepreneur,4/4/2023 5:01,Florida,South,1967.0,1.0,7.0,117.24,7.5,"$21,427,700,000,000 ",88.2,101.8,78.5,9.6,36.6,328239523.0,37.09024,-95.712891,Healthcare services,1
1905,1500,Technology,Sheryl Sandberg,53.0,United States,Menlo Park,Facebook,Technology,United States,Meta Platforms,True,D,F,8/28/1969 0:00,Sandberg,Sheryl,Founder & Lead Investor,4/4/2023 5:01,California,West,1969.0,8.0,28.0,117.24,7.5,"$21,427,700,000,000 ",88.2,101.8,78.5,9.6,36.6,328239523.0,37.09024,-95.712891,"Facebook, Meta Platforms",2
1905,1500,Automotive,Amnon Shashua,62.0,Israel,Kfar Shmaryahu,Automotive technology,Automotive,Israel,,True,E,M,5/26/1960 0:00,Shashua,Amnon,Founder & Entrepreneur,4/4/2023 5:01,,,1960.0,5.0,26.0,108.15,0.8,"$395,098,666,122 ",63.4,104.9,82.8,23.1,25.3,9053300.0,31.046051,34.851612,Automotive technology,1
1905,1500,Media & Entertainment,Ben Silbermann,40.0,United States,San Francisco,Social media,Media & Entertainment,United States,Pinterest,True,U,M,7/14/1982 0:00,Silbermann,Ben,Founder & Lead Investor,4/4/2023 5:01,California,West,1982.0,7.0,14.0,117.24,7.5,"$21,427,700,000,000 ",88.2,101.8,78.5,9.6,36.6,328239523.0,37.09024,-95.712891,"Pinterest, Social media",2
1905,1500,Fashion & Retail,Ron Sim,64.0,Singapore,Singapore,retail,Fashion & Retail,Singapore,,True,U,M,12/1/1958 0:00,Sim,Ron,Founder & Entrepreneur,4/4/2023 5:01,,,1958.0,12.0,1.0,114.41,0.6,"$372,062,527,489 ",84.8,100.6,83.1,13.1,21.0,5703569.0,1.352083,103.819836,retail,1
1905,1500,Finance & Investments,Leonid Simanovsky,73.0,Russia,Moscow,Investments,Finance & Investments,Russia,,True,R,M,7/19/1949 0:00,Simanovsky,Leonid,Founder & Entrepreneur,4/4/2023 5:01,,,1949.0,7.0,19.0,180.75,4.5,"$1,699,876,578,871 ",81.9,102.6,72.7,11.4,46.2,144373535.0,61.52401,105.318756,Investments,1
1905,1500,Healthcare,Basudeo Singh,82.0,India,Mumbai,Pharmaceuticals,Healthcare,India,,True,D,M,11/20/1940 0:00,Singh,Basudeo,Founder & Entrepreneur,4/4/2023 5:01,,,1940.0,11.0,20.0,180.44,7.7,"$2,611,000,000,000 ",28.1,113.0,69.4,11.2,49.7,1366417754.0,20.593684,78.96288,Pharmaceuticals,1
1905,1500,Technology,Frank Slootman,64.0,United States,Pleasanton,Software,Technology,United States,,True,D,M,10/3/1958 0:00,Slootman,Frank,Founder & Entrepreneur,4/4/2023 5:01,California,West,1958.0,10.0,3.0,117.24,7.5,"$21,427,700,000,000 ",88.2,101.8,78.5,9.6,36.6,328239523.0,37.09024,-95.712891,Software,1
1905,1500,Real Estate,Terry Snow,79.0,Australia,Canberra,"Airports, real estate",Real Estate,Australia,,True,U,M,12/23/1943 0:00,Snow,Terry,Founder & Entrepreneur & Airports,4/4/2023 5:01,,,1943.0,12.0,23.0,119.8,1.6,"$1,392,680,589,329 ",113.1,100.3,82.7,23.0,47.4,25766605.0,-25.274398,133.775136,"Airports, real estate",2
1905,1500,Real Estate,Axel Stawski,72.0,United States,Sagaponack,Real estate,Real Estate,United States,,True,U,M,11/14/1950 0:00,Stawski,Axel,Founder & Entrepreneur,4/4/2023 5:01,New York,Northeast,1950.0,11.0,14.0,117.24,7.5,"$21,427,700,000,000 ",88.2,101.8,78.5,9.6,36.6,328239523.0,37.09024,-95.712891,Real estate,1
1905,1500,Finance & Investments,Thomas Steyer,65.0,United States,San Francisco,Hedge funds,Finance & Investments,United States,,True,E,M,6/27/1957 0:00,Steyer,Thomas,Founder & Entrepreneur,4/4/2023 5:01,California,West,1957.0,6.0,27.0,117.24,7.5,"$21,427,700,000,000 ",88.2,101.8,78.5,9.6,36.6,328239523.0,37.09024,-95.712891,Hedge funds,1
1905,1500,Fashion & Retail,Sergei Studennikov & family,56.0,Russia,Moscow,"Liquor stores, supermarkets",Fashion & Retail,Russia,,True,R,M,3/24/1967 0:00,Studennikov,Sergei,Controlling Shareholder & stores & (Family Estate),4/4/2023 5:01,,,1967.0,3.0,24.0,180.75,4.5,"$1,699,876,578,871 ",81.9,102.6,72.7,11.4,46.2,144373535.0,61.52401,105.318756,"Liquor stores, supermarkets",2
1905,1500,Real Estate,Su Suyu & family,74.0,China,Shantou,"Utilities, real estate",Real Estate,China,,True,D,F,11/24/1948 0:00,Su,Suyu,Controlling Shareholder & Utilities & (Family ),4/4/2023 5:01,,,1948.0,11.0,24.0,125.08,2.9,"$19,910,000,000,000 ",50.6,100.2,77.0,9.4,59.2,1397715000.0,35.86166,104.195397,"Utilities, real estate",2
1905,1500,Technology,Kevin Systrom,39.0,United States,San Francisco,Instagram,Technology,United States,Instagram,True,E,M,12/30/1983 0:00,Systrom,Kevin,Founder & Lead Investor,4/4/2023 5:01,California,West,1983.0,12.0,30.0,117.24,7.5,"$21,427,700,000,000 ",88.2,101.8,78.5,9.6,36.6,328239523.0,37.09024,-95.712891,Instagram,1
1905,1500,Food & Beverage,Tan Lili,,China,Guangzhou,Feed,Food & Beverage,China,,True,D,F,,Tan,Lili,Founder & Entrepreneur,4/4/2023 5:01,,,,,,125.08,2.9,"$19,910,000,000,000 ",50.6,100.2,77.0,9.4,59.2,1397715000.0,35.86166,104.195397,Feed,1
1905,1500,Food & Beverage,Tang Binsen,40.0,China,Beijing,Beverages,Food & Beverage,China,,True,E,M,12/12/1982 0:00,Tang,Binsen,Founder & Entrepreneur,4/4/2023 5:01,,,1982.0,12.0,12.0,125.08,2.9,"$19,910,000,000,000 ",50.6,100.2,77.0,9.4,59.2,1397715000.0,35.86166,104.195397,Beverages,1
1905,1500,Technology,Tang Rui,,China,Shanghai,Semiconductors,Technology,China,,True,N,M,,Tang,Rui,Founder & Entrepreneur,4/4/2023 5:01,,,,,,125.08,2.9,"$19,910,000,000,000 ",50.6,100.2,77.0,9.4,59.2,1397715000.0,35.86166,104.195397,Semiconductors,1
1905,1500,Manufacturing,Prachak Tangkaravakoon,79.0,Thailand,Bangkok,Paints,Manufacturing,Thailand,,True,U,M,3/26/1944 0:00,Tangkaravakoon,Prachak,Founder & Entrepreneur,4/4/2023 5:01,,,1944.0,3.0,26.0,113.27,0.7,"$543,649,976,166 ",49.3,99.8,76.9,14.9,29.5,69625582.0,15.870032,100.992541,Paints,1
1905,1500,Healthcare,Jeff Tangney,50.0,United States,Palo Alto,Healthcare IT,Healthcare,United States,Doximity,True,D,M,8/9/1972 0:00,Tangney,Jeff,CEO & IT,4/4/2023 5:01,California,West,1972.0,8.0,9.0,117.24,7.5,"$21,427,700,000,000 ",88.2,101.8,78.5,9.6,36.6,328239523.0,37.09024,-95.712891,"Doximity, Healthcare IT",2
1905,1500,Fashion & Retail,Yuequn Tao,63.0,China,Hefei,Contact Lens,Fashion & Retail,China,,True,D,M,1/1/1960 0:00,Tao,Yuequn,Founder & Entrepreneur,4/4/2023 5:01,,,1960.0,1.0,1.0,125.08,2.9,"$19,910,000,000,000 ",50.6,100.2,77.0,9.4,59.2,1397715000.0,35.86166,104.195397,Contact Lens,1
1905,1500,Telecom,David Teoh,67.0,Australia,Sydney,Telecom,Telecom,Australia,,True,D,M,1/1/1956 0:00,Teoh,David,Founder & Entrepreneur,4/4/2023 5:01,,,1956.0,1.0,1.0,119.8,1.6,"$1,392,680,589,329 ",113.1,100.3,82.7,23.0,47.4,25766605.0,-25.274398,133.775136,Telecom,1
1905,1500,Manufacturing,Carmen Thyssen,79.0,Andorra,,"Investments, art",Manufacturing,Spain,,False,U,F,4/23/1943 0:00,Thyssen,Carmen,Heir & Major Shareholder & art,4/4/2023 5:01,,,1943.0,4.0,23.0,,,"$3,154,057,987 ",,106.4,,,,77142.0,42.506285,1.521801,"Investments, art",2
1905,1500,Automotive,Tran Ba Duong & family,63.0,Vietnam,Ho Chi Minh City,Automotive,Automotive,Vietnam,,True,D,M,4/1/1960 0:00,Tran,Ba Duong,Controlling Shareholder & (Family Estate),4/4/2023 5:01,,,1960.0,4.0,1.0,163.52,2.8,"$261,921,244,843 ",28.5,110.6,75.3,19.1,37.6,96462106.0,14.058324,108.277199,Automotive,1
1905,1500,Telecom,Kenny Troutt,75.0,United States,Dallas,Telecom,Telecom,United States,,True,E,M,1/8/1948 0:00,Troutt,Kenny,Founder & Entrepreneur,4/4/2023 5:01,Texas,South,1948.0,1.0,8.0,117.24,7.5,"$21,427,700,000,000 ",88.2,101.8,78.5,9.6,36.6,328239523.0,37.09024,-95.712891,Telecom,1
1905,1500,Gambling & Casinos,Jens von Bahr,52.0,Sweden,Stockholm,Gambling products,Gambling & Casinos,Sweden,,True,U,M,2/22/1971 0:00,von Bahr,Jens,Founder & Entrepreneur,4/4/2023 5:01,,,1971.0,2.0,22.0,110.51,1.8,"$530,832,908,738 ",67.0,126.6,82.5,27.9,49.1,10285453.0,60.128161,18.643501,Gambling products,1
1905,1500,Healthcare,Wang Junmin,54.0,China,Chengdu,Pharmaceuticals,Healthcare,China,,True,U,M,12/12/1968 0:00,Wang,Junmin,Founder & Entrepreneur,4/4/2023 5:01,,,1968.0,12.0,12.0,125.08,2.9,"$19,910,000,000,000 ",50.6,100.2,77.0,9.4,59.2,1397715000.0,35.86166,104.195397,Pharmaceuticals,1
1905,1500,Healthcare,Weng Xianding,61.0,China,Shenzhen,Medical devices,Healthcare,China,,True,U,M,11/28/1961 0:00,Weng,Xianding,Founder & Entrepreneur,4/4/2023 5:01,,,1961.0,11.0,28.0,125.08,2.9,"$19,910,000,000,000 ",50.6,100.2,77.0,9.4,59.2,1397715000.0,35.86166,104.195397,Medical devices,1
1905,1500,Energy,Farris Wilks,71.0,United States,Cisco,Natural gas,Energy,United States,,True,U,M,2/9/1952 0:00,Wilks,Farris,Founder & Entrepreneur & gas,4/4/2023 5:01,Texas,South,1952.0,2.0,9.0,117.24,7.5,"$21,427,700,000,000 ",88.2,101.8,78.5,9.6,36.6,328239523.0,37.09024,-95.712891,Natural gas,1
1905,1500,Real Estate,Gordon Wu,87.0,Hong Kong,Hong Kong,Real estate,Real Estate,Hong Kong,,True,D,M,12/3/1935 0:00,Wu,Gordon,Founder & Entrepreneur,4/4/2023 5:01,,,1935.0,12.0,3.0,,,,,,,,,,,,Real estate,1
1905,1500,Technology,Xiong Wu,47.0,China,Shenzhen,Software,Technology,China,,True,E,M,1/1/1976 0:00,Xiong,Wu,Founder & Entrepreneur,4/4/2023 5:01,,,1976.0,1.0,1.0,125.08,2.9,"$19,910,000,000,000 ",50.6,100.2,77.0,9.4,59.2,1397715000.0,35.86166,104.195397,Software,1
1905,1500,Media & Entertainment,Xu Zhenhua,,China,Shanghai,Online games,Media & Entertainment,China,,True,E,M,,Xu,Zhenhua,Founder & Entrepreneur,4/4/2023 5:01,,,,,,125.08,2.9,"$19,910,000,000,000 ",50.6,100.2,77.0,9.4,59.2,1397715000.0,35.86166,104.195397,Online games,1
1905,1500,Technology,Xu Zhihan,50.0,China,Wuxi,Electronics,Technology,China,,True,D,M,11/30/1972 0:00,Xu,Zhihan,Founder & Entrepreneur,4/4/2023 5:01,,,1972.0,11.0,30.0,125.08,2.9,"$19,910,000,000,000 ",50.6,100.2,77.0,9.4,59.2,1397715000.0,35.86166,104.195397,Electronics,1
1905,1500,Food & Beverage,Tingdong Yang,62.0,China,Suqian,Brewery,Food & Beverage,China,,True,D,M,5/20/1960 0:00,Yang,Tingdong,Founder & Entrepreneur,4/4/2023 5:01,,,1960.0,5.0,20.0,125.08,2.9,"$19,910,000,000,000 ",50.6,100.2,77.0,9.4,59.2,1397715000.0,35.86166,104.195397,Brewery,1
1905,1500,Service,Michael Minhong Yu,61.0,China,Beijing,Education,Service,China,,True,R,M,1/1/1962 0:00,Yu,Michael Minhong,Founder & Entrepreneur,4/4/2023 5:01,,,1962.0,1.0,1.0,125.08,2.9,"$19,910,000,000,000 ",50.6,100.2,77.0,9.4,59.2,1397715000.0,35.86166,104.195397,Education,1
1905,1500,Media & Entertainment,Justin Yuan,,China,Shanghai,Online games,Media & Entertainment,China,,True,E,M,,Yuan,Justin,Founder & Entrepreneur,4/4/2023 5:01,,,,,,125.08,2.9,"$19,910,000,000,000 ",50.6,100.2,77.0,9.4,59.2,1397715000.0,35.86166,104.195397,Online games,1
1905,1500,Service,Zhang Bangxin,43.0,China,Beijing,Education,Service,China,,True,R,M,1/1/1980 0:00,Zhang,Bangxin,Founder & Entrepreneur,4/4/2023 5:01,,,1980.0,1.0,1.0,125.08,2.9,"$19,910,000,000,000 ",50.6,100.2,77.0,9.4,59.2,1397715000.0,35.86166,104.195397,Education,1
1905,1500,Energy,Zhang Hong,,China,Hangzhou,Solar,Energy,China,,True,Split Family Fortune,F,,Zhang,Hong,Founder & Entrepreneur,4/4/2023 5:01,,,,,,125.08,2.9,"$19,910,000,000,000 ",50.6,100.2,77.0,9.4,59.2,1397715000.0,35.86166,104.195397,Solar,1
1905,1500,Fashion & Retail,Zhou Zongwen & family,66.0,China,Shenzhen,Jewelry,Fashion & Retail,China,,True,D,M,3/1/1957 0:00,Zhou,Zongwen,Controlling Shareholder & (Family Estate),4/4/2023 5:01,,,1957.0,3.0,1.0,125.08,2.9,"$19,910,000,000,000 ",50.6,100.2,77.0,9.4,59.2,1397715000.0,35.86166,104.195397,Jewelry,1
2020,1400,Diversified,Antti Aarnio-Wihuri,83.0,Finland,Helsinki,Diversified,Diversified,Finland,,False,D,M,2/24/1940 0:00,Aarnio-Wihuri,Antti,Heir & Major Shareholder,4/4/2023 5:01,,,1940.0,2.0,24.0,112.33,1.0,"$268,761,201,365 ",88.2,100.2,81.7,20.8,36.6,5520314.0,61.92411,25.748151,Diversified,10
2020,1400,Finance & Investments,Alberto Alcocer,80.0,Spain,Madrid,Investments,Finance & Investments,Spain,,True,U,M,12/7/1942 0:00,Alcocer,Alberto,Founder & Entrepreneur,4/4/2023 5:01,,,1942.0,12.0,7.0,110.96,0.7,"$1,394,116,310,769 ",88.9,102.7,83.3,14.2,47.0,47076781.0,40.463667,-3.74922,Investments,1
2020,1400,Fashion & Retail,Nigel Austin,52.0,Australia,Melbourne,Retail,Fashion & Retail,Australia,,True,D,M,9/25/1970 0:00,Austin,Nigel,Founder & Entrepreneur,4/4/2023 5:01,,,1970.0,9.0,25.0,119.8,1.6,"$1,392,680,589,329 ",113.1,100.3,82.7,23.0,47.4,25766605.0,-25.274398,133.775136,Retail,1
2020,1400,Technology,Binny Bansal,40.0,Singapore,Singapore,Flipkart,Technology,India,,True,U,M,12/3/1982 0:00,Bansal,Binny,Founder & Entrepreneur,4/4/2023 5:01,,,1982.0,12.0,3.0,114.41,0.6,"$372,062,527,489 ",84.8,100.6,83.1,13.1,21.0,5703569.0,1.352083,103.819836,Flipkart,1
2020,1400,Healthcare,Girdhari Lal Bawri,75.0,India,Mumbai,Pharmaceuticals,Healthcare,India,,True,D,M,8/3/1947 0:00,Bawri,Girdhari Lal,Founder & Entrepreneur,4/4/2023 5:01,,,1947.0,8.0,3.0,180.44,7.7,"$2,611,000,000,000 ",28.1,113.0,69.4,11.2,49.7,1366417754.0,20.593684,78.96288,Pharmaceuticals,1
2020,1400,Diversified,John Bloor,79.0,United Kingdom,Aberdyfi,"Real estate, manufacturing",Diversified,United Kingdom,,True,D,M,6/16/1943 0:00,Bloor,John,Founder & Entrepreneur & estate,4/4/2023 5:01,,,1943.0,6.0,16.0,119.62,1.7,"$2,827,113,184,696 ",60.0,101.2,81.3,25.5,30.6,66834405.0,55.378051,-3.435973,"Real estate, manufacturing",2
2020,1400,Energy,Vladimir Bogdanov,71.0,Russia,Surgut,Oil,Energy,Russia,,True,R,M,5/28/1951 0:00,Bogdanov,Vladimir,Founder & Entrepreneur & Oil,4/4/2023 5:01,,,1951.0,5.0,28.0,180.75,4.5,"$1,699,876,578,871 ",81.9,102.6,72.7,11.4,46.2,144373535.0,61.52401,105.318756,Oil,1
2020,1400,Food & Beverage,Amit Burman,53.0,India,Delhi,Consumer goods,Food & Beverage,India,,False,D,M,7/1/1969 0:00,Burman,Amit,Heir & Major Shareholder,4/4/2023 5:01,,,1969.0,7.0,1.0,180.44,7.7,"$2,611,000,000,000 ",28.1,113.0,69.4,11.2,49.7,1366417754.0,20.593684,78.96288,Consumer goods,1
2020,1400,Metals & Mining,Cai Jianyong,52.0,China,Ningbo,Nickel,Metals & Mining,China,,True,N,M,1/1/1971 0:00,Cai ,Jianyong,Founder & Entrepreneur,4/4/2023 5:01,,,1971.0,1.0,1.0,125.08,2.9,"$19,910,000,000,000 ",50.6,100.2,77.0,9.4,59.2,1397715000.0,35.86166,104.195397,Nickel,1
2020,1400,Technology,Steve Case,64.0,United States,McLean,AOL,Technology,United States,,True,D,M,8/21/1958 0:00,Case,Steve,Founder & Entrepreneur & AOL,4/4/2023 5:01,Virginia,South,1958.0,8.0,21.0,117.24,7.5,"$21,427,700,000,000 ",88.2,101.8,78.5,9.6,36.6,328239523.0,37.09024,-95.712891,AOL,1
2020,1400,Technology,Chen Wenyuan & family,55.0,China,Suzhou,Testing equipment,Technology,China,,True,E,M,1/1/1968 0:00,Chen,Wenyuan,Controlling Shareholder & (Family Estate),4/4/2023 5:01,,,1968.0,1.0,1.0,125.08,2.9,"$19,910,000,000,000 ",50.6,100.2,77.0,9.4,59.2,1397715000.0,35.86166,104.195397,Testing equipment,1
2020,1400,Real Estate,Chua Thian Poh,74.0,Singapore,Singapore,Real estate,Real Estate,Singapore,,True,U,M,7/11/1948 0:00,Chua,Thian Poh,Founder & Entrepreneur,4/4/2023 5:01,,,1948.0,7.0,11.0,114.41,0.6,"$372,062,527,489 ",84.8,100.6,83.1,13.1,21.0,5703569.0,1.352083,103.819836,Real estate,1
2020,1400,Finance & Investments,Sasson Dayan & family,83.0,Brazil,Sao Paulo,Banking,Finance & Investments,Brazil,,True,U,M,4/1/1940 0:00,Dayan,Sasson,Controlling Shareholder & (Family Estate),4/4/2023 5:01,,,1940.0,4.0,1.0,167.4,3.7,"$1,839,758,040,766 ",51.3,115.4,75.7,14.2,65.1,212559417.0,-14.235004,-51.92528,Banking,1
2020,1400,Metals & Mining,Chris Ellison,65.0,Australia,Perth,Mining,Metals & Mining,Australia,,True,N,M,6/26/1957 0:00,Ellison,Chris,Founder & Entrepreneur,4/4/2023 5:01,,,1957.0,6.0,26.0,119.8,1.6,"$1,392,680,589,329 ",113.1,100.3,82.7,23.0,47.4,25766605.0,-25.274398,133.775136,Mining,1
2020,1400,Manufacturing,John Farber,97.0,United States,New York,Chemicals,Manufacturing,United States,,True,D,M,8/23/1925 0:00,Farber,John,Founder & Lead Investor,4/4/2023 5:01,New York,Northeast,1925.0,8.0,23.0,117.24,7.5,"$21,427,700,000,000 ",88.2,101.8,78.5,9.6,36.6,328239523.0,37.09024,-95.712891,Chemicals,1
2020,1400,Finance & Investments,J. Christopher Flowers,65.0,United States,Palm Beach,Investments,Finance & Investments,United States,J.C. Flowers & Co. LLC,True,U,M,10/27/1957 0:00,Flowers,J. Christopher,Founder and Managing Director,4/4/2023 5:01,Florida,South,1957.0,10.0,27.0,117.24,7.5,"$21,427,700,000,000 ",88.2,101.8,78.5,9.6,36.6,328239523.0,37.09024,-95.712891,"Investments, J.C. Flowers & Co. LLC",2
2020,1400,Fashion & Retail,Reinold Geiger,75.0,Switzerland,Geneva,Beauty products,Fashion & Retail,Austria,,True,D,M,7/10/1947 0:00,Geiger,Reinold,Founder & Entrepreneur,4/4/2023 5:01,,,1947.0,7.0,10.0,99.55,0.4,"$703,082,435,360 ",59.6,105.2,83.6,10.1,28.8,8574832.0,46.818188,8.227512,Beauty products,1
2020,1400,Technology,Ali Ghodsi,44.0,United States,San Francisco,Data analytics,Technology,Sweden,,True,D,M,12/8/1978 0:00,Ghodsi,Ali,Founder & Entrepreneur,4/4/2023 5:01,California,West,1978.0,12.0,8.0,117.24,7.5,"$21,427,700,000,000 ",88.2,101.8,78.5,9.6,36.6,328239523.0,37.09024,-95.712891,Data analytics,1
2020,1400,Diversified,Lance Gokongwei,55.0,Philippines,Manila,Diversified,Diversified,Philippines,,False,D,M,12/1/1967 0:00,Gokongwei,Lance,Heir & Major Shareholder,4/4/2023 5:01,,,1967.0,12.0,1.0,129.61,2.5,"$376,795,508,680 ",35.5,107.5,71.1,14.0,43.1,108116615.0,12.879721,121.774017,Diversified,10
2020,1400,Food & Beverage,Guan Yihong,53.0,China,Guangzhou,Restaurant,Food & Beverage,China,,True,U,M,,Guan,Yihong,Founder & Entrepreneur,4/4/2023 5:01,,,,,,125.08,2.9,"$19,910,000,000,000 ",50.6,100.2,77.0,9.4,59.2,1397715000.0,35.86166,104.195397,Restaurant,1
2020,1400,Manufacturing,Rajinder Gupta,64.0,India,Ludhiana,"Textiles, paper",Manufacturing,India,,True,D,M,1/2/1959 0:00,Gupta,Rajinder,Founder & Entrepreneur & Textiles,4/4/2023 5:01,,,1959.0,1.0,2.0,180.44,7.7,"$2,611,000,000,000 ",28.1,113.0,69.4,11.2,49.7,1366417754.0,20.593684,78.96288,"Textiles, paper",2
2020,1400,Service,Torstein Hagen,80.0,Switzerland,Lucerne,Cruises,Service,Norway,,True,D,M,2/18/1943 0:00,Hagen,Torstein,Founder & Entrepreneur,4/4/2023 5:01,,,1943.0,2.0,18.0,99.55,0.4,"$703,082,435,360 ",59.6,105.2,83.6,10.1,28.8,8574832.0,46.818188,8.227512,Cruises,1
2020,1400,Construction & Engineering,Ayman Hariri,44.0,France,Paris,"Construction, investments",Construction & Engineering,Lebanon,,False,E,M,5/16/1978 0:00,Hariri,Ayman,Heir & Major Shareholder & Construction,4/4/2023 5:01,,,1978.0,5.0,16.0,110.05,1.1,"$2,715,518,274,227 ",65.6,102.5,82.5,24.2,60.7,67059887.0,46.227638,2.213749,"Construction, investments",2
2020,1400,Finance & Investments,Alfredo Harp Helu & family,79.0,Mexico,Mexico City,"Banking, investments",Finance & Investments,Mexico,,True,U,M,3/11/1944 0:00,Harp Helu,Alfredo,Controlling Shareholder & Banking & (Family Estate),4/4/2023 5:01,,,1944.0,3.0,11.0,141.54,3.6,"$1,258,286,717,125 ",40.2,105.8,75.0,13.1,55.1,126014024.0,23.634501,-102.552784,"Banking, investments",2
2020,1400,Automotive,He Xiaopeng,45.0,China,Guangzhou,Electric vehicles,Automotive,China,,True,D,M,11/3/1977 0:00,He,Xiaopeng,Founder & Entrepreneur,4/4/2023 5:01,,,1977.0,11.0,3.0,125.08,2.9,"$19,910,000,000,000 ",50.6,100.2,77.0,9.4,59.2,1397715000.0,35.86166,104.195397,Electric vehicles,1
2020,1400,Fashion & Retail,Christoph Henkel,65.0,United Kingdom,London,Consumer goods,Fashion & Retail,Germany,,False,E,M,2/11/1958 0:00,Henkel,Christoph,Heir & Major Shareholder,4/4/2023 5:01,,,1958.0,2.0,11.0,119.62,1.7,"$2,827,113,184,696 ",60.0,101.2,81.3,25.5,30.6,66834405.0,55.378051,-3.435973,Consumer goods,1
2020,1400,Fashion & Retail,Daniel Hirschfeld,81.0,United States,Kearney,Fashion retail,Fashion & Retail,United States,,False,E,M,5/31/1941 0:00,Hirschfeld,Daniel,Heir & Major Shareholder,4/4/2023 5:01,Nebraska,Midwest,1941.0,5.0,31.0,117.24,7.5,"$21,427,700,000,000 ",88.2,101.8,78.5,9.6,36.6,328239523.0,37.09024,-95.712891,Fashion retail,1
2020,1400,Technology,Drew Houston,40.0,United States,Austin,Cloud storage service,Technology,United States,Dropbox,True,D,M,3/4/1983 0:00,Houston,Drew,CEO,4/4/2023 5:01,Texas,South,1983.0,3.0,4.0,117.24,7.5,"$21,427,700,000,000 ",88.2,101.8,78.5,9.6,36.6,328239523.0,37.09024,-95.712891,"Cloud storage service, Dropbox",2
2020,1400,Manufacturing,Huang Jinxiang & family,58.0,China,Xuancheng,Chemicals,Manufacturing,China,,True,U,M,1/27/1965 0:00,Huang,Jinxiang,Controlling Shareholder & (Family Estate),4/4/2023 5:01,,,1965.0,1.0,27.0,125.08,2.9,"$19,910,000,000,000 ",50.6,100.2,77.0,9.4,59.2,1397715000.0,35.86166,104.195397,Chemicals,1
2020,1400,Manufacturing,Rameshchandra Jain,74.0,India,Mumbai,Textiles,Manufacturing,India,,True,U,M,6/22/1948 0:00,Jain,Rameshchandra,Founder & Entrepreneur,4/4/2023 5:01,,,1948.0,6.0,22.0,180.44,7.7,"$2,611,000,000,000 ",28.1,113.0,69.4,11.2,49.7,1366417754.0,20.593684,78.96288,Textiles,1
2020,1400,Healthcare,Ke Zunhong & family,68.0,China,Chengdu,Pharmaceuticals,Healthcare,China,,True,D,M,7/1/1954 0:00,Ke,Zunhong,Controlling Shareholder & (Family Estate),4/4/2023 5:01,,,1954.0,7.0,1.0,125.08,2.9,"$19,910,000,000,000 ",50.6,100.2,77.0,9.4,59.2,1397715000.0,35.86166,104.195397,Pharmaceuticals,1
2020,1400,Media & Entertainment,Kim Taek-jin,56.0,South Korea,Seoul,Online games,Media & Entertainment,South Korea,NCSOFT Corporation,True,D,M,3/14/1967 0:00,Kim,Taek-jin,Founder & Entrepreneur,4/4/2023 5:01,,,1967.0,3.0,14.0,115.16,0.4,"$2,029,000,000,000 ",94.3,98.1,82.6,15.6,33.2,51709098.0,35.907757,127.766922,"NCSOFT Corporation, Online games",2
2020,1400,Real Estate,Koh Wee Meng,59.0,Singapore,Singapore,"Real estate, hotels",Real Estate,Singapore,,True,U,M,7/1/1963 0:00,Koh,Wee Meng,Founder & Entrepreneur & estate,4/4/2023 5:01,,,1963.0,7.0,1.0,114.41,0.6,"$372,062,527,489 ",84.8,100.6,83.1,13.1,21.0,5703569.0,1.352083,103.819836,"Real estate, hotels",2
2020,1400,Manufacturing,Sergei Kolesnikov,51.0,Russia,Moscow,Building materials,Manufacturing,Russia,,True,U,M,2/25/1972 0:00,Kolesnikov,Sergei,Founder & Entrepreneur,4/4/2023 5:01,,,1972.0,2.0,25.0,180.75,4.5,"$1,699,876,578,871 ",81.9,102.6,72.7,11.4,46.2,144373535.0,61.52401,105.318756,Building materials,1
2020,1400,Finance & Investments,Hemendra Kothari,76.0,India,Mumbai,Financial services,Finance & Investments,India,,False,D,M,8/26/1946 0:00,Kothari,Hemendra,Heir & Major Shareholder,4/4/2023 5:01,,,1946.0,8.0,26.0,180.44,7.7,"$2,611,000,000,000 ",28.1,113.0,69.4,11.2,49.7,1366417754.0,20.593684,78.96288,Financial services,1
2020,1400,Finance & Investments,Sebastian Kulczyk,42.0,Switzerland,,Diversified,Finance & Investments,Poland,,False,E,M,11/16/1980 0:00,Kulczyk,Sebastian,Heir & Major Shareholder,4/4/2023 5:01,,,1980.0,11.0,16.0,99.55,0.4,"$703,082,435,360 ",59.6,105.2,83.6,10.1,28.8,8574832.0,46.818188,8.227512,Diversified,10
2020,1400,Real Estate,Kwee Liong Keng,77.0,Singapore,Singapore,Real estate,Real Estate,Singapore,,False,Split Family Fortune,M,1/1/1946 0:00,Kwee,Liong Keng,Heir & Major Shareholder,4/4/2023 5:01,,,1946.0,1.0,1.0,114.41,0.6,"$372,062,527,489 ",84.8,100.6,83.1,13.1,21.0,5703569.0,1.352083,103.819836,Real estate,1
2020,1400,Real Estate,Kwee Liong Phing,65.0,Singapore,Singapore,Real estate,Real Estate,Singapore,,False,Split Family Fortune,M,1/1/1958 0:00,Kwee,Liong Phing,Heir & Major Shareholder,4/4/2023 5:01,,,1958.0,1.0,1.0,114.41,0.6,"$372,062,527,489 ",84.8,100.6,83.1,13.1,21.0,5703569.0,1.352083,103.819836,Real estate,1
2020,1400,Real Estate,Kwee Liong Seen,70.0,Singapore,Singapore,Real estate,Real Estate,Singapore,,False,Split Family Fortune,M,1/1/1953 0:00,Kwee,Liong Seen,Heir & Major Shareholder,4/4/2023 5:01,,,1953.0,1.0,1.0,114.41,0.6,"$372,062,527,489 ",84.8,100.6,83.1,13.1,21.0,5703569.0,1.352083,103.819836,Real estate,1
2020,1400,Real Estate,Kwee Liong Tek,76.0,Singapore,Singapore,Real estate,Real Estate,Singapore,,False,Split Family Fortune,M,1/1/1947 0:00,Kwee,Liong Tek,Heir & Major Shareholder,4/4/2023 5:01,,,1947.0,1.0,1.0,114.41,0.6,"$372,062,527,489 ",84.8,100.6,83.1,13.1,21.0,5703569.0,1.352083,103.819836,Real estate,1
2020,1400,Diversified,Kwek Leng Keow,71.0,Singapore,Singapore,Diversified,Diversified,Singapore,,False,N,M,1/1/1952 0:00,Kwek,Leng Keow,Heir & Major Shareholder,4/4/2023 5:01,,,1952.0,1.0,1.0,114.41,0.6,"$372,062,527,489 ",84.8,100.6,83.1,13.1,21.0,5703569.0,1.352083,103.819836,Diversified,10
2020,1400,Diversified,Kwek Leng Peck,67.0,Singapore,Singapore,Diversified,Diversified,Singapore,,False,U,M,1/1/1956 0:00,Kwek,Leng Peck,Heir & Major Shareholder,4/4/2023 5:01,,,1956.0,1.0,1.0,114.41,0.6,"$372,062,527,489 ",84.8,100.6,83.1,13.1,21.0,5703569.0,1.352083,103.819836,Diversified,10
2020,1400,Real Estate,Raymond Kwok,69.0,Hong Kong,Hong Kong,Real estate,Real Estate,Hong Kong,,False,U,M,4/10/1953 0:00,Kwok,Raymond,Heir & Major Shareholder,4/4/2023 5:01,,,1953.0,4.0,10.0,,,,,,,,,,,,Real estate,1
2020,1400,Diversified,Lee Ho-jin,60.0,South Korea,Seoul,Diversified,Diversified,South Korea,Taekwang Industrial,False,U,M,12/8/1962 0:00,Lee,Ho-jin,Heir & Major Shareholder,4/4/2023 5:01,,,1962.0,12.0,8.0,115.16,0.4,"$2,029,000,000,000 ",94.3,98.1,82.6,15.6,33.2,51709098.0,35.907757,127.766922,"Diversified, Taekwang Industrial",10
2020,1400,Finance & Investments,Michael Lee-Chin,72.0,Canada,Burlington,Mutual funds,Finance & Investments,Canada,,True,D,M,1/3/1951 0:00,Lee-Chin,Michael,Founder & Entrepreneur,4/4/2023 5:01,,,1951.0,1.0,3.0,116.76,1.9,"$1,736,425,629,520 ",68.9,100.9,81.9,12.8,24.5,36991981.0,56.130366,-106.346771,Mutual funds,1
2020,1400,Service,Manfredi Lefebvre d'Ovidio & family,69.0,Monaco,Monte Carlo,Cruises,Service,Italy,,False,D,M,4/30/1953 0:00,Lefebvre d'Ovidio,Manfredi,Controlling Shareholder & (Family Estate),4/4/2023 5:01,,,1953.0,4.0,30.0,,,"$7,184,844,193 ",,,,,,38964.0,43.7384176,7.4246158,Cruises,1
2020,1400,Fashion & Retail,Bernard Lewis & family,97.0,United Kingdom,London,Fashion retailer,Fashion & Retail,United Kingdom,,True,U,M,2/10/1926 0:00,Lewis,Bernard,Controlling Shareholder & (Family Estate),4/4/2023 5:01,,,1926.0,2.0,10.0,119.62,1.7,"$2,827,113,184,696 ",60.0,101.2,81.3,25.5,30.6,66834405.0,55.378051,-3.435973,Fashion retailer,1
2020,1400,Metals & Mining,Li Jinyang,,China,Chifeng,Mining,Metals & Mining,China,,False,D,F,,Li,Jinyang,Heir & Major Shareholder,4/4/2023 5:01,,,,,,125.08,2.9,"$19,910,000,000,000 ",50.6,100.2,77.0,9.4,59.2,1397715000.0,35.86166,104.195397,Mining,1
2020,1400,Automotive,William Li,48.0,China,Beijing,Electric vehicles,Automotive,China,,True,D,M,1/1/1975 0:00,Li,William,Founder & Entrepreneur,4/4/2023 5:01,,,1975.0,1.0,1.0,125.08,2.9,"$19,910,000,000,000 ",50.6,100.2,77.0,9.4,59.2,1397715000.0,35.86166,104.195397,Electric vehicles,1
2020,1400,Manufacturing,Jenny Lindén Urnes,52.0,Sweden,Helsingborg,Powdered metal,Manufacturing,Sweden,,False,E,F,3/29/1971 0:00,Lindén Urnes,Jenny,Heir & Major Shareholder,4/4/2023 5:01,,,1971.0,3.0,29.0,110.51,1.8,"$530,832,908,738 ",67.0,126.6,82.5,27.9,49.1,10285453.0,60.128161,18.643501,Powdered metal,1
2020,1400,Healthcare,Liu Fangyi,53.0,China,Shanghai,Medical equipment,Healthcare,China,,True,D,M,,Liu,Fangyi,Founder & Entrepreneur,4/4/2023 5:01,,,,,,125.08,2.9,"$19,910,000,000,000 ",50.6,100.2,77.0,9.4,59.2,1397715000.0,35.86166,104.195397,Medical equipment,1
2020,1400,Technology,K.C. Liu,69.0,Taiwan,Taipei,Manufacturing,Technology,Taiwan,,True,D,M,3/20/1954 0:00,Liu,K.C.,Founder & Entrepreneur,4/4/2023 5:01,,,1954.0,3.0,20.0,,,,,,,,,,,,Manufacturing,1
2020,1400,Manufacturing,Liu Ming Chung,60.0,Hong Kong,Hong Kong,Paper,Manufacturing,Brazil,,True,D,M,1/1/1963 0:00,Liu,Ming Chung,Founder & Entrepreneur,4/4/2023 5:01,,,1963.0,1.0,1.0,,,,,,,,,,,,Paper,1
2020,1400,Metals & Mining,Anatoly Lomakin,70.0,Russia,Moscow,Investments,Metals & Mining,Russia,,True,E,M,6/30/1952 0:00,Lomakin,Anatoly,Founder & Entrepreneur,4/4/2023 5:01,,,1952.0,6.0,30.0,180.75,4.5,"$1,699,876,578,871 ",81.9,102.6,72.7,11.4,46.2,144373535.0,61.52401,105.318756,Investments,1
2020,1400,Food & Beverage,Brandt Louie,79.0,Canada,Vancouver,Drugstores,Food & Beverage,Canada,,False,D,M,7/5/1943 0:00,Louie,Brandt,Heir & Major Shareholder,4/4/2023 5:01,,,1943.0,7.0,5.0,116.76,1.9,"$1,736,425,629,520 ",68.9,100.9,81.9,12.8,24.5,36991981.0,56.130366,-106.346771,Drugstores,1
2020,1400,Diversified,Lucia Maggi & family,90.0,Brazil,Rondonopolis,Agribusiness,Diversified,Brazil,,True,Split Family Fortune,F,7/20/1932 0:00,Maggi,Lucia,Controlling Shareholder & (Family Estate),4/4/2023 5:01,,,1932.0,7.0,20.0,167.4,3.7,"$1,839,758,040,766 ",51.3,115.4,75.7,14.2,65.1,212559417.0,-14.235004,-51.92528,Agribusiness,1
2020,1400,Media & Entertainment,Gary Magness,69.0,United States,Denver,"Cable TV, investments",Media & Entertainment,United States,,False,E,M,2/26/1954 0:00,Magness,Gary,Heir & Major Shareholder & TV,4/4/2023 5:01,Colorado,West,1954.0,2.0,26.0,117.24,7.5,"$21,427,700,000,000 ",88.2,101.8,78.5,9.6,36.6,328239523.0,37.09024,-95.712891,"Cable TV, investments",2
2020,1400,Technology,Mao Lixiang & family,82.0,China,Ningbo,Cooking appliances,Technology,China,,True,D,M,1/1/1941 0:00,Mao,Lixiang,Controlling Shareholder & (Family Estate),4/4/2023 5:01,,,1941.0,1.0,1.0,125.08,2.9,"$19,910,000,000,000 ",50.6,100.2,77.0,9.4,59.2,1397715000.0,35.86166,104.195397,Cooking appliances,1
2020,1400,Manufacturing,David McMurtry,82.0,United Kingdom,Wotton-under-Edge,Manufacturing,Manufacturing,United Kingdom,,True,D,M,5/3/1940 0:00,McMurtry,David,Founder & Entrepreneur,4/4/2023 5:01,,,1940.0,5.0,3.0,119.62,1.7,"$2,827,113,184,696 ",60.0,101.2,81.3,25.5,30.6,66834405.0,55.378051,-3.435973,Manufacturing,1
2020,1400,Manufacturing,Deepak Mehta,66.0,India,Vadodara,Chemicals,Manufacturing,India,,False,D,M,12/12/1956 0:00,Mehta,Deepak,Heir & Major Shareholder,4/4/2023 5:01,,,1956.0,12.0,12.0,180.44,7.7,"$2,611,000,000,000 ",28.1,113.0,69.4,11.2,49.7,1366417754.0,20.593684,78.96288,Chemicals,1
2020,1400,Real Estate,Miao Shouliang,68.0,China,Shenzhen,Real estate,Real Estate,China,,True,D,M,1/1/1955 0:00,Miao,Shouliang,Founder & Entrepreneur,4/4/2023 5:01,,,1955.0,1.0,1.0,125.08,2.9,"$19,910,000,000,000 ",50.6,100.2,77.0,9.4,59.2,1397715000.0,35.86166,104.195397,Real estate,1
2020,1400,Healthcare,Miao Yongjun,55.0,China,Zhengzhou,Clinical diagnostics,Healthcare,China,,True,U,M,12/1/1967 0:00,Miao,Yongjun,Founder & Entrepreneur,4/4/2023 5:01,,,1967.0,12.0,1.0,125.08,2.9,"$19,910,000,000,000 ",50.6,100.2,77.0,9.4,59.2,1397715000.0,35.86166,104.195397,Clinical diagnostics,1
2020,1400,Real Estate,Yoshiko Mori,82.0,Japan,Tokyo,Real estate,Real Estate,Japan,,False,U,F,9/24/1940 0:00,Mori,Yoshiko,Heir & Major Shareholder,4/4/2023 5:01,,,1940.0,9.0,24.0,105.48,0.5,"$5,081,769,542,380 ",63.2,98.8,84.2,11.9,46.7,126226568.0,36.204824,138.252924,Real estate,1
2020,1400,Technology,Marius Nacht,57.0,Israel,Tel Aviv,Software,Technology,Israel,,True,E,M,1/1/1966 0:00,Nacht,Marius,Founder & Entrepreneur,4/4/2023 5:01,,,1966.0,1.0,1.0,108.15,0.8,"$395,098,666,122 ",63.4,104.9,82.8,23.1,25.3,9053300.0,31.046051,34.851612,Software,1
2020,1400,Healthcare,Tadako Nakatani,,Japan,Kobe,Medical diagnostic equipment,Healthcare,Japan,,False,D,F,,Nakatani,Tadako,Heir & Major Shareholder,4/4/2023 5:01,,,,,,105.48,0.5,"$5,081,769,542,380 ",63.2,98.8,84.2,11.9,46.7,126226568.0,36.204824,138.252924,Medical diagnostic equipment,1
2020,1400,Metals & Mining,Vadim Novinsky,59.0,Ukraine,Kiev,Steel,Metals & Mining,Ukraine,,True,U,M,6/3/1963 0:00,Novinsky,Vadim,Founder & Entrepreneur,4/4/2023 5:01,,,1963.0,6.0,3.0,281.66,7.9,"$153,781,069,118 ",82.7,99.0,71.6,20.1,45.2,44385155.0,48.379433,31.16558,Steel,1
2020,1400,Finance & Investments,Niti Osathanugrah,49.0,Thailand,Bangkok,"Energy drinks,investments",Finance & Investments,Thailand,,False,D,M,10/18/1973 0:00,Osathanugrah,Niti,Heir & Major Shareholder & drinks,4/4/2023 5:01,,,1973.0,10.0,18.0,113.27,0.7,"$543,649,976,166 ",49.3,99.8,76.9,14.9,29.5,69625582.0,15.870032,100.992541,"Energy drinks, investments",2
2020,1400,Finance & Investments,Gretel Packer,57.0,Australia,Sydney,Investments,Finance & Investments,Australia,,False,D,F,4/1/1966 0:00,Packer,Gretel,Heir & Major Shareholder,4/4/2023 5:01,,,1966.0,4.0,1.0,119.8,1.6,"$1,392,680,589,329 ",113.1,100.3,82.7,23.0,47.4,25766605.0,-25.274398,133.775136,Investments,1
2020,1400,Manufacturing,Pan Longquan,58.0,China,Nanjing,Manufacturing,Manufacturing,China,,True,N,M,1/1/1965 0:00,Pan,Longquan,Founder & Entrepreneur,4/4/2023 5:01,,,1965.0,1.0,1.0,125.08,2.9,"$19,910,000,000,000 ",50.6,100.2,77.0,9.4,59.2,1397715000.0,35.86166,104.195397,Manufacturing,1
2020,1400,Real Estate,Pan Shiyi,60.0,China,Beijing,Real estate,Real Estate,China,,True,Split Family Fortune,M,1/1/1963 0:00,Pan,Shiyi,Founder & Entrepreneur,4/4/2023 5:01,,,1963.0,1.0,1.0,125.08,2.9,"$19,910,000,000,000 ",50.6,100.2,77.0,9.4,59.2,1397715000.0,35.86166,104.195397,Real estate,1
2020,1400,Healthcare,David Paul,56.0,United States,Audubon,Medical devices,Healthcare,United States,Globus Medical,True,D,M,12/25/1966 0:00,Paul,David,Founder and Executive Chairman,4/4/2023 5:01,Pennsylvania,Northeast,1966.0,12.0,25.0,117.24,7.5,"$21,427,700,000,000 ",88.2,101.8,78.5,9.6,36.6,328239523.0,37.09024,-95.712891,"Globus Medical, Medical devices",2
2020,1400,Fashion & Retail,Tom Persson,38.0,Sweden,Stockholm,H&M,Fashion & Retail,Sweden,,False,D,M,1/1/1985 0:00,Persson,Tom,Heir & Major Shareholder & H&M,4/4/2023 5:01,,,1985.0,1.0,1.0,110.51,1.8,"$530,832,908,738 ",67.0,126.6,82.5,27.9,49.1,10285453.0,60.128161,18.643501,H&M,1
2020,1400,Automotive,Qian Jinghong,50.0,China,Wuxi,Electric scooters,Automotive,China,,True,R,F,1/1/1973 0:00,Qian,Jinghong,Founder & Entrepreneur,4/4/2023 5:01,,,1973.0,1.0,1.0,125.08,2.9,"$19,910,000,000,000 ",50.6,100.2,77.0,9.4,59.2,1397715000.0,35.86166,104.195397,Electric scooters,1
2020,1400,Manufacturing,Qin Long,57.0,China,Qingdao,Tire,Manufacturing,China,,True,D,M,7/1/1965 0:00,Qin,Long,Founder & Entrepreneur,4/4/2023 5:01,,,1965.0,7.0,1.0,125.08,2.9,"$19,910,000,000,000 ",50.6,100.2,77.0,9.4,59.2,1397715000.0,35.86166,104.195397,Tire,1
2020,1400,Healthcare,M.Satyanarayana Reddy,65.0,India,Hyderabad,Pharmaceuticals,Healthcare,India,,True,D,M,4/18/1957 0:00,Reddy,M.Satyanarayana,Founder & Entrepreneur,4/4/2023 5:01,,,1957.0,4.0,18.0,180.44,7.7,"$2,611,000,000,000 ",28.1,113.0,69.4,11.2,49.7,1366417754.0,20.593684,78.96288,Pharmaceuticals,1
2020,1400,Diversified,Mochtar Riady & family,93.0,Indonesia,Jakarta,Diversified,Diversified,Indonesia,,True,D,M,5/12/1929 0:00,Riady,Mochtar,Controlling Shareholder & (Family Estate),4/4/2023 5:01,,,1929.0,5.0,12.0,151.18,3.0,"$1,119,190,780,753 ",36.3,106.4,71.5,10.2,30.1,270203917.0,-0.789275,113.921327,Diversified,10
2020,1400,Fashion & Retail,Rihanna,35.0,United States,Los Angeles,"Music, cosmetics",Fashion & Retail,Barbados,,True,D,F,2/20/1988 0:00,Rihanna,,Founder & Lead Investor & Music,4/4/2023 5:01,California,West,1988.0,2.0,20.0,117.24,7.5,"$21,427,700,000,000 ",88.2,101.8,78.5,9.6,36.6,328239523.0,37.09024,-95.712891,"Music, cosmetics",2
2020,1400,Construction & Engineering,Boris Rotenberg,66.0,Russia,Moscow,"Construction, pipes, chemicals",Construction & Engineering,Russia,,True,U,M,1/3/1957 0:00,Rotenberg,Boris,Founder & Entrepreneur & Construction & pipes,4/4/2023 5:01,,,1957.0,1.0,3.0,180.75,4.5,"$1,699,876,578,871 ",81.9,102.6,72.7,11.4,46.2,144373535.0,61.52401,105.318756,"Construction, chemicals, pipes",3
2020,1400,Real Estate,Subhash Runwal,79.0,India,Mumbai,Real estate,Real Estate,India,,True,E,M,5/22/1943 0:00,Runwal,Subhash,Founder & Entrepreneur,4/4/2023 5:01,,,1943.0,5.0,22.0,180.44,7.7,"$2,611,000,000,000 ",28.1,113.0,69.4,11.2,49.7,1366417754.0,20.593684,78.96288,Real estate,1
2020,1400,Manufacturing,Igor Rybakov,50.0,Russia,Moscow,Building materials,Manufacturing,Russia,,True,U,M,5/16/1972 0:00,Rybakov,Igor,Founder & Entrepreneur,4/4/2023 5:01,,,1972.0,5.0,16.0,180.75,4.5,"$1,699,876,578,871 ",81.9,102.6,72.7,11.4,46.2,144373535.0,61.52401,105.318756,Building materials,1
2020,1400,Healthcare,Carlos Sanchez,61.0,Brazil,Santo Andre,Generic drugs,Healthcare,Brazil,,False,E,M,1/21/1962 0:00,Sanchez,Carlos,Heir & Major Shareholder,4/4/2023 5:01,,,1962.0,1.0,21.0,167.4,3.7,"$1,839,758,040,766 ",51.3,115.4,75.7,14.2,65.1,212559417.0,-14.235004,-51.92528,Generic drugs,1
2020,1400,Real Estate,Martin Selig,85.0,United States,Seattle,Real estate,Real Estate,United States,,True,E,M,12/31/1937 0:00,Selig,Martin,Founder & Entrepreneur,4/4/2023 5:01,Washington,West,1937.0,12.0,31.0,117.24,7.5,"$21,427,700,000,000 ",88.2,101.8,78.5,9.6,36.6,328239523.0,37.09024,-95.712891,Real estate,1
2020,1400,Energy,Airat Shaimiev,61.0,Russia,Kazan,"Refinery, chemicals",Energy,Russia,,True,U,M,3/7/1962 0:00,Shaimiev,Airat,Founder & Entrepreneur & Refinery,4/4/2023 5:01,,,1962.0,3.0,7.0,180.75,4.5,"$1,699,876,578,871 ",81.9,102.6,72.7,11.4,46.2,144373535.0,61.52401,105.318756,"Refinery, chemicals",2
2020,1400,Energy,Radik Shaimiev,58.0,Russia,Kazan,"Refinery, chemicals",Energy,Russia,,True,U,M,11/14/1964 0:00,Shaimiev,Radik,Founder & Entrepreneur & Refinery,4/4/2023 5:01,,,1964.0,11.0,14.0,180.75,4.5,"$1,699,876,578,871 ",81.9,102.6,72.7,11.4,46.2,144373535.0,61.52401,105.318756,"Refinery, chemicals",2
2020,1400,Fashion & Retail,Nobutoshi Shimamura,97.0,Japan,Saitama,Retail,Fashion & Retail,Japan,,True,U,M,3/8/1926 0:00,Shimamura,Nobutoshi,Founder & Entrepreneur,4/4/2023 5:01,,,1926.0,3.0,8.0,105.48,0.5,"$5,081,769,542,380 ",63.2,98.8,84.2,11.9,46.7,126226568.0,36.204824,138.252924,Retail,1
2020,1400,Technology,Jared Smith,48.0,United States,Provo,Cloud computing,Technology,United States,,True,E,M,10/2/1974 0:00,Smith,Jared,Founder & Entrepreneur,4/4/2023 5:01,Utah,West,1974.0,10.0,2.0,117.24,7.5,"$21,427,700,000,000 ",88.2,101.8,78.5,9.6,36.6,328239523.0,37.09024,-95.712891,Cloud computing,1
2020,1400,Fashion & Retail,Charlotte Soderstrom,46.0,Sweden,Stockholm,H&M,Fashion & Retail,Sweden,,False,D,F,1/1/1977 0:00,Soderstrom,Charlotte,Heir & Major Shareholder & H&M,4/4/2023 5:01,,,1977.0,1.0,1.0,110.51,1.8,"$530,832,908,738 ",67.0,126.6,82.5,27.9,49.1,10285453.0,60.128161,18.643501,H&M,1
2020,1400,Healthcare,Anand Surana,52.0,India,Bangalore,Pharmaceuticals,Healthcare,India,,False,D,M,3/24/1971 0:00,Surana,Anand,Heir & Major Shareholder,4/4/2023 5:01,,,1971.0,3.0,24.0,180.44,7.7,"$2,611,000,000,000 ",28.1,113.0,69.4,11.2,49.7,1366417754.0,20.593684,78.96288,Pharmaceuticals,1
2020,1400,Healthcare,Dilip Surana,57.0,India,Bangalore,Pharmaceuticals,Healthcare,India,,False,D,M,1/18/1966 0:00,Surana,Dilip,Heir & Major Shareholder,4/4/2023 5:01,,,1966.0,1.0,18.0,180.44,7.7,"$2,611,000,000,000 ",28.1,113.0,69.4,11.2,49.7,1366417754.0,20.593684,78.96288,Pharmaceuticals,1
2020,1400,Finance & Investments,Wilma Tisch,95.0,United States,New York,Diversified,Finance & Investments,United States,,False,D,F,6/25/1927 0:00,Tisch,Wilma,Heir & Major Shareholder,4/4/2023 5:01,New York,Northeast,1927.0,6.0,25.0,117.24,7.5,"$21,427,700,000,000 ",88.2,101.8,78.5,9.6,36.6,328239523.0,37.09024,-95.712891,Diversified,10
2020,1400,Technology,Jianyi Wang,60.0,China,Hangzhou,Fiber optic cables,Technology,China,,True,U,M,1/12/1963 0:00,Wang,Jianyi,Founder & Entrepreneur,4/4/2023 5:01,,,1963.0,1.0,12.0,125.08,2.9,"$19,910,000,000,000 ",50.6,100.2,77.0,9.4,59.2,1397715000.0,35.86166,104.195397,Fiber optic cables,1
2020,1400,Logistics,Wang Jilei,58.0,China,Shanghai,Logistics,Logistics,China,,True,U,M,1/1/1965 0:00,Wang,Jilei,Founder & Entrepreneur,4/4/2023 5:01,,,1965.0,1.0,1.0,125.08,2.9,"$19,910,000,000,000 ",50.6,100.2,77.0,9.4,59.2,1397715000.0,35.86166,104.195397,Logistics,1
2020,1400,Manufacturing,Shuifu Wang,68.0,China,Hangzhou,Manufacturing,Manufacturing,China,,True,D,M,2/10/1955 0:00,Wang,Shuifu,Founder & Entrepreneur,4/4/2023 5:01,,,1955.0,2.0,10.0,125.08,2.9,"$19,910,000,000,000 ",50.6,100.2,77.0,9.4,59.2,1397715000.0,35.86166,104.195397,Manufacturing,1
2020,1400,Manufacturing,Wang Yanqing & family,76.0,China,Weihai,Carbon fiber products,Manufacturing,China,,False,D,F,7/2/1946 0:00,Wang,Yanqing,Controlling Shareholder & (Family Estate),4/4/2023 5:01,,,1946.0,7.0,2.0,125.08,2.9,"$19,910,000,000,000 ",50.6,100.2,77.0,9.4,59.2,1397715000.0,35.86166,104.195397,Carbon fiber products,1
2020,1400,Metals & Mining,Wang Zelong,26.0,China,Jiaozuo,Chemicals,Metals & Mining,China,,False,D,M,7/1/1996 0:00,Wang,Zelong,Heir & Major Shareholder,4/4/2023 5:01,,,1996.0,7.0,1.0,125.08,2.9,"$19,910,000,000,000 ",50.6,100.2,77.0,9.4,59.2,1397715000.0,35.86166,104.195397,Chemicals,1
2020,1400,Manufacturing,Werner O. Weber,84.0,Switzerland,Zurich,Electronic components,Manufacturing,Switzerland,,True,E,M,2/9/1939 0:00,Weber,Werner O.,Founder & Entrepreneur,4/4/2023 5:01,,,1939.0,2.0,9.0,99.55,0.4,"$703,082,435,360 ",59.6,105.2,83.6,10.1,28.8,8574832.0,46.818188,8.227512,Electronic components,1
2020,1400,Manufacturing,Anne Werninghaus,37.0,Brazil,Joinville,Industrial machinery,Manufacturing,Brazil,,False,U,F,1/1/1986 0:00,Werninghaus,Anne,Heir & Major Shareholder,4/4/2023 5:01,,,1986.0,1.0,1.0,167.4,3.7,"$1,839,758,040,766 ",51.3,115.4,75.7,14.2,65.1,212559417.0,-14.235004,-51.92528,Industrial machinery,1
2020,1400,Finance & Investments,"Alfred West, Jr.",80.0,United States,Paoli,Money management,Finance & Investments,United States,,True,U,M,12/7/1942 0:00,West,Alfred,Founder & Entrepreneur,4/4/2023 5:01,Pennsylvania,Northeast,1942.0,12.0,7.0,117.24,7.5,"$21,427,700,000,000 ",88.2,101.8,78.5,9.6,36.6,328239523.0,37.09024,-95.712891,Money management,1
2020,1400,Manufacturing,Bo Wu,68.0,China,Nanjing,Machinery,Manufacturing,China,,True,E,M,5/1/1954 0:00,Wu,Bo,Founder & Entrepreneur,4/4/2023 5:01,,,1954.0,5.0,1.0,125.08,2.9,"$19,910,000,000,000 ",50.6,100.2,77.0,9.4,59.2,1397715000.0,35.86166,104.195397,Machinery,1
2020,1400,Manufacturing,Wu Chaoqun,53.0,China,Meishan,Chemicals,Manufacturing,China,,True,U,M,5/18/1969 0:00,Wu,Chaoqun,Founder & Entrepreneur,4/4/2023 5:01,,,1969.0,5.0,18.0,125.08,2.9,"$19,910,000,000,000 ",50.6,100.2,77.0,9.4,59.2,1397715000.0,35.86166,104.195397,Chemicals,1
2020,1400,Technology,Swift Xie,43.0,China,Shenzhen,Drones,Technology,China,DJI Technology Co.,True,E,M,1/1/1980 0:00,Xie,Swift,Founder & Lead Investor,4/4/2023 5:01,,,1980.0,1.0,1.0,125.08,2.9,"$19,910,000,000,000 ",50.6,100.2,77.0,9.4,59.2,1397715000.0,35.86166,104.195397,"DJI Technology Co., Drones",2
2020,1400,Manufacturing,Xu Guozhong & family,59.0,China,Changzhou,Motors,Manufacturing,China,,True,D,M,9/1/1963 0:00,Xu,Guozhong,Controlling Shareholder & (Family Estate),4/4/2023 5:01,,,1963.0,9.0,1.0,125.08,2.9,"$19,910,000,000,000 ",50.6,100.2,77.0,9.4,59.2,1397715000.0,35.86166,104.195397,Motors,1
2020,1400,Food & Beverage,Yao Kuizhang,58.0,China,Hengshui,Beverages,Food & Beverage,China,,True,D,M,1/1/1965 0:00,Yao,Kuizhang,Founder & Entrepreneur,4/4/2023 5:01,,,1965.0,1.0,1.0,125.08,2.9,"$19,910,000,000,000 ",50.6,100.2,77.0,9.4,59.2,1397715000.0,35.86166,104.195397,Beverages,1
2020,1400,Real Estate,Yu Peidi,63.0,China,Shanghai,Real estate,Real Estate,Hong Kong,,True,D,M,1/1/1960 0:00,Yu,Peidi,Founder & Entrepreneur,4/4/2023 5:01,,,1960.0,1.0,1.0,125.08,2.9,"$19,910,000,000,000 ",50.6,100.2,77.0,9.4,59.2,1397715000.0,35.86166,104.195397,Real estate,1
2020,1400,Healthcare,Yuan Liping,52.0,China,Shenzhen,Pharmaceuticals,Healthcare,Canada,,False,D,F,1/1/1971 0:00,Yuan,Liping,Heir & Major Shareholder,4/4/2023 5:01,,,1971.0,1.0,1.0,125.08,2.9,"$19,910,000,000,000 ",50.6,100.2,77.0,9.4,59.2,1397715000.0,35.86166,104.195397,Pharmaceuticals,1
2020,1400,Manufacturing,Zhang Chuanwei & family,60.0,China,Zhongshan,Machinery,Manufacturing,China,,True,D,M,6/15/1962 0:00,Zhang,Chuanwei,Controlling Shareholder & (Family Estate),4/4/2023 5:01,,,1962.0,6.0,15.0,125.08,2.9,"$19,910,000,000,000 ",50.6,100.2,77.0,9.4,59.2,1397715000.0,35.86166,104.195397,Machinery,1
2020,1400,Real Estate,Zhang Keqiang,62.0,China,Guangzhou,Real estate,Real Estate,China,,True,D,M,4/29/1960 0:00,Zhang,Keqiang,Founder & Entrepreneur,4/4/2023 5:01,,,1960.0,4.0,29.0,125.08,2.9,"$19,910,000,000,000 ",50.6,100.2,77.0,9.4,59.2,1397715000.0,35.86166,104.195397,Real estate,1
2020,1400,Real Estate,Zhang Xin,57.0,China,Beijing,Real estate,Real Estate,China,SOHO China,True,Split Family Fortune,F,8/24/1965 0:00,Zhang,Xin,Cofounder & CEO,4/4/2023 5:01,,,1965.0,8.0,24.0,125.08,2.9,"$19,910,000,000,000 ",50.6,100.2,77.0,9.4,59.2,1397715000.0,35.86166,104.195397,"Real estate, SOHO China",2
2020,1400,Manufacturing,Xinghai Zhang & family,60.0,China,Chongqing,Machinery,Manufacturing,China,,True,D,M,1/1/1963 0:00,Zhang,Xinghai,Controlling Shareholder & (Family Estate),4/4/2023 5:01,,,1963.0,1.0,1.0,125.08,2.9,"$19,910,000,000,000 ",50.6,100.2,77.0,9.4,59.2,1397715000.0,35.86166,104.195397,Machinery,1
2020,1400,Manufacturing,Zheng Jianjiang & family,62.0,China,Ningbo,Electrical equipment,Manufacturing,China,,True,D,M,1/1/1961 0:00,Zheng,Jianjiang,Controlling Shareholder & (Family Estate),4/4/2023 5:01,,,1961.0,1.0,1.0,125.08,2.9,"$19,910,000,000,000 ",50.6,100.2,77.0,9.4,59.2,1397715000.0,35.86166,104.195397,Electrical equipment,1
2020,1400,Real Estate,Zhong Sheng Jian,65.0,Singapore,Singapore,Real estate,Real Estate,Singapore,,True,D,M,3/3/1958 0:00,Zhong,Sheng Jian,Founder & Entrepreneur,4/4/2023 5:01,,,1958.0,3.0,3.0,114.41,0.6,"$372,062,527,489 ",84.8,100.6,83.1,13.1,21.0,5703569.0,1.352083,103.819836,Real estate,1
2020,1400,Fashion & Retail,Zhou Chengjian,57.0,China,Shanghai,Fashion retail,Fashion & Retail,China,,True,D,M,4/30/1965 0:00,Zhou,Chengjian,Founder & Entrepreneur,4/4/2023 5:01,,,1965.0,4.0,30.0,125.08,2.9,"$19,910,000,000,000 ",50.6,100.2,77.0,9.4,59.2,1397715000.0,35.86166,104.195397,Fashion retail,1
2020,1400,Diversified,Boris Zingarevich,63.0,Russia,Saint Petersburg,"Pulp and paper, diversified",Diversified,Russia,,True,R,M,7/8/1959 0:00,Zingarevich,Boris,Founder & Entrepreneur & and paper,4/4/2023 5:01,,,1959.0,7.0,8.0,180.75,4.5,"$1,699,876,578,871 ",81.9,102.6,72.7,11.4,46.2,144373535.0,61.52401,105.318756,"Pulp and paper, diversified",10
2133,1300,Automotive,A. Jayson Adair,53.0,United States,Dallas,Damaged cars,Automotive,United States,,True,U,M,10/16/1969 0:00,Adair,A. Jayson,Founder & Entrepreneur,4/4/2023 5:01,Texas,South,1969.0,10.0,16.0,117.24,7.5,"$21,427,700,000,000 ",88.2,101.8,78.5,9.6,36.6,328239523.0,37.09024,-95.712891,Damaged cars,1
2133,1300,Logistics,Soegiarto Adikoesoemo,85.0,Indonesia,Surabaya,Chemicals,Logistics,Indonesia,,True,R,M,3/24/1938 0:00,Adikoesoemo,Soegiarto,Founder & Entrepreneur,4/4/2023 5:01,,,1938.0,3.0,24.0,151.18,3.0,"$1,119,190,780,753 ",36.3,106.4,71.5,10.2,30.1,270203917.0,-0.789275,113.921327,Chemicals,1
2133,1300,Healthcare,Rajendra Agarwal,64.0,India,Mumbai,Pharmaceuticals,Healthcare,India,,True,D,M,2/25/1959 0:00,Agarwal,Rajendra,Founder & Entrepreneur,4/4/2023 5:01,,,1959.0,2.0,25.0,180.44,7.7,"$2,611,000,000,000 ",28.1,113.0,69.4,11.2,49.7,1366417754.0,20.593684,78.96288,Pharmaceuticals,1
2133,1300,Healthcare,Chirayu Amin,76.0,India,Baroda,Pharmaceuticals,Healthcare,India,,False,D,M,12/4/1946 0:00,Amin,Chirayu,Heir & Major Shareholder,4/4/2023 5:01,,,1946.0,12.0,4.0,180.44,7.7,"$2,611,000,000,000 ",28.1,113.0,69.4,11.2,49.7,1366417754.0,20.593684,78.96288,Pharmaceuticals,1
2133,1300,Real Estate,Anant Asavabhokhin,72.0,Thailand,Bangkok,Real estate,Real Estate,Thailand,,True,E,M,8/11/1950 0:00,Asavabhokhin,Anant,Founder & Entrepreneur,4/4/2023 5:01,,,1950.0,8.0,11.0,113.27,0.7,"$543,649,976,166 ",49.3,99.8,76.9,14.9,29.5,69625582.0,15.870032,100.992541,Real estate,1
2133,1300,Finance & Investments,Roman Avdeev,55.0,Russia,Moscow,"Banking, development",Finance & Investments,Russia,,True,R,M,7/17/1967 0:00,Avdeev,Roman,Founder & Entrepreneur & Banking,4/4/2023 5:01,,,1967.0,7.0,17.0,180.75,4.5,"$1,699,876,578,871 ",81.9,102.6,72.7,11.4,46.2,144373535.0,61.52401,105.318756,"Banking, development",2
2133,1300,Automotive,Ziv Aviram,64.0,Israel,Mevaseret Zion,Automotive technology,Automotive,Israel,,True,D,M,1/3/1959 0:00,Aviram,Ziv,Founder & Entrepreneur,4/4/2023 5:01,,,1959.0,1.0,3.0,108.15,0.8,"$395,098,666,122 ",63.4,104.9,82.8,23.1,25.3,9053300.0,31.046051,34.851612,Automotive technology,1
2133,1300,Fashion & Retail,Sachin Bansal,41.0,India,Bangalore,Flipkart,Fashion & Retail,India,,True,E,M,8/5/1981 0:00,Bansal,Sachin,Founder & Entrepreneur,4/4/2023 5:01,,,1981.0,8.0,5.0,180.44,7.7,"$2,611,000,000,000 ",28.1,113.0,69.4,11.2,49.7,1366417754.0,20.593684,78.96288,Flipkart,1
2133,1300,Energy,Kiki Barki,83.0,Indonesia,Jakarta,Coal,Energy,Indonesia,,True,D,M,11/25/1939 0:00,Barki,Kiki,Founder & Entrepreneur,4/4/2023 5:01,,,1939.0,11.0,25.0,151.18,3.0,"$1,119,190,780,753 ",36.3,106.4,71.5,10.2,30.1,270203917.0,-0.789275,113.921327,Coal,1
2133,1300,Construction & Engineering,Elena Baturina,60.0,United Kingdom,London,"Investments, real estate",Construction & Engineering,Russia,,True,D,F,3/8/1963 0:00,Baturina,Elena,Founder & Entrepreneur,4/4/2023 5:01,,,1963.0,3.0,8.0,119.62,1.7,"$2,827,113,184,696 ",60.0,101.2,81.3,25.5,30.6,66834405.0,55.378051,-3.435973,"Investments, real estate",2
2133,1300,Healthcare,Banwari Lal Bawri,70.0,India,Mumbai,Pharmaceuticals,Healthcare,India,,True,D,M,4/2/1953 0:00,Bawri,Banwari Lal,Founder & Entrepreneur,4/4/2023 5:01,,,1953.0,4.0,2.0,180.44,7.7,"$2,611,000,000,000 ",28.1,113.0,69.4,11.2,49.7,1366417754.0,20.593684,78.96288,Pharmaceuticals,1
2133,1300,Finance & Investments,Othman Benjelloun & family,90.0,Morocco,Casablanca,"Banking, insurance",Finance & Investments,Morocco,,False,E,M,11/1/1932 0:00,Benjelloun,Othman,Controlling Shareholder & Banking & (Family Estate),4/4/2023 5:01,,,1932.0,11.0,1.0,111.07,0.2,"$118,725,279,596 ",35.9,113.9,76.5,21.9,45.8,36910560.0,31.791702,-7.09262,"Banking, insurance",2
2133,1300,Diversified,Hari Bhartia,66.0,India,Delhi,Diversified,Diversified,India,,False,D,M,12/12/1956 0:00,Bhartia,Hari,Heir & Major Shareholder,4/4/2023 5:01,,,1956.0,12.0,12.0,180.44,7.7,"$2,611,000,000,000 ",28.1,113.0,69.4,11.2,49.7,1366417754.0,20.593684,78.96288,Diversified,10
2133,1300,Healthcare,Shyam Bhartia,70.0,India,Delhi,"Pharmaceuticals, food",Healthcare,India,,False,D,M,11/9/1952 0:00,Bhartia,Shyam,Heir & Major Shareholder & Pharmaceuticals,4/4/2023 5:01,,,1952.0,11.0,9.0,180.44,7.7,"$2,611,000,000,000 ",28.1,113.0,69.4,11.2,49.7,1366417754.0,20.593684,78.96288,"Pharmaceuticals, food",2
2133,1300,Technology,Stewart Butterfield,50.0,United States,Aspen,Messaging software,Technology,Canada,Slack,True,D,M,3/21/1973 0:00,Butterfield,Stewart,Cofounder and CEO,4/4/2023 5:01,Colorado,West,1973.0,3.0,21.0,117.24,7.5,"$21,427,700,000,000 ",88.2,101.8,78.5,9.6,36.6,328239523.0,37.09024,-95.712891,"Messaging software, Slack",2
2133,1300,Technology,Cai Mingtong,71.0,China,Quanzhou,Electronic components,Technology,China,,True,D,M,2/15/1952 0:00,Cai,Mingtong,Founder & Entrepreneur,4/4/2023 5:01,,,1952.0,2.0,15.0,125.08,2.9,"$19,910,000,000,000 ",50.6,100.2,77.0,9.4,59.2,1397715000.0,35.86166,104.195397,Electronic components,1
2133,1300,Technology,Anthony Casalena,40.0,United States,Monkton,Software,Technology,United States,,True,E,M,4/24/1982 0:00,Casalena,Anthony,Founder & Entrepreneur,4/4/2023 5:01,Maryland,South,1982.0,4.0,24.0,117.24,7.5,"$21,427,700,000,000 ",88.2,101.8,78.5,9.6,36.6,328239523.0,37.09024,-95.712891,Software,1
2133,1300,Manufacturing,Chang Jianming & family,58.0,China,Shanghai,Industrial equipment,Manufacturing,China,,True,N,M,2/11/1965 0:00,Chang,Jianming,Controlling Shareholder & (Family Estate),4/4/2023 5:01,,,1965.0,2.0,11.0,125.08,2.9,"$19,910,000,000,000 ",50.6,100.2,77.0,9.4,59.2,1397715000.0,35.86166,104.195397,Industrial equipment,1
2133,1300,Real Estate,Richard Chang,76.0,Taiwan,Taipei,"Real estate, electronics",Real Estate,Taiwan,,True,D,M,1/1/1947 0:00,Chang,Richard,Founder & Entrepreneur & estate,4/4/2023 5:01,,,1947.0,1.0,1.0,,,,,,,,,,,,"Real estate, electronics",2
2133,1300,Metals & Mining,Chen Xuehua,62.0,China,Tongxiang,Minerals processing,Metals & Mining,China,,True,D,M,1/1/1961 0:00,Chen,Xuehua,Founder & Entrepreneur,4/4/2023 5:01,,,1961.0,1.0,1.0,125.08,2.9,"$19,910,000,000,000 ",50.6,100.2,77.0,9.4,59.2,1397715000.0,35.86166,104.195397,Minerals processing,1
2133,1300,Manufacturing,Chen Yin,50.0,China,Shanghai,Power tools,Manufacturing,China,,True,N,M,1/1/1973 0:00,Chen,Yin,Founder & Entrepreneur,4/4/2023 5:01,,,1973.0,1.0,1.0,125.08,2.9,"$19,910,000,000,000 ",50.6,100.2,77.0,9.4,59.2,1397715000.0,35.86166,104.195397,Power tools,1
2133,1300,Automotive,Chin Jong Hwa,64.0,Taiwan,Taoyuan,Auto parts,Automotive,Taiwan,,True,D,M,6/1/1958 0:00,Chin,Jong Hwa,Founder & Entrepreneur,4/4/2023 5:01,,,1958.0,6.0,1.0,,,,,,,,,,,,Auto parts,1
2133,1300,Telecom,R. Marcelo Claure,52.0,United States,Miami Beach,Cell phone distribution,Telecom,United States,,True,N,M,12/9/1970 0:00,Claure,R. Marcelo,Founder & Entrepreneur,4/4/2023 5:01,Florida,South,1970.0,12.0,9.0,117.24,7.5,"$21,427,700,000,000 ",88.2,101.8,78.5,9.6,36.6,328239523.0,37.09024,-95.712891,Cell phone distribution,1
2133,1300,Finance & Investments,Alberto Cortina,77.0,Spain,Madrid,Investments,Finance & Investments,Spain,,True,E,M,1/20/1946 0:00,Cortina,Alberto,Founder & Entrepreneur,4/4/2023 5:01,,,1946.0,1.0,20.0,110.96,0.7,"$1,394,116,310,769 ",88.9,102.7,83.3,14.2,47.0,47076781.0,40.463667,-3.74922,Investments,1
2133,1300,Real Estate,Eduardo Costantini,76.0,Argentina,Buenos Aires,Real estate,Real Estate,Argentina,,True,D,M,9/17/1946 0:00,Costantini,Eduardo,Founder & Entrepreneur,4/4/2023 5:01,,,1946.0,9.0,17.0,232.75,53.5,"$449,663,446,954 ",90.0,109.7,76.5,10.1,106.3,44938712.0,-38.416097,-63.616672,Real estate,1
2133,1300,Food & Beverage,Wenjun Dai,54.0,China,Changsha,Food,Food & Beverage,China,,True,D,M,8/12/1968 0:00,Dai,Wenjun,Founder & Entrepreneur,4/4/2023 5:01,,,1968.0,8.0,12.0,125.08,2.9,"$19,910,000,000,000 ",50.6,100.2,77.0,9.4,59.2,1397715000.0,35.86166,104.195397,Food,1
2133,1300,Technology,Anand Deshpande,60.0,India,Pune,Technology,Technology,India,,True,E,M,5/1/1962 0:00,Deshpande,Anand,Founder & Entrepreneur,4/4/2023 5:01,,,1962.0,5.0,1.0,180.44,7.7,"$2,611,000,000,000 ",28.1,113.0,69.4,11.2,49.7,1366417754.0,20.593684,78.96288,Technology,1
2133,1300,Media & Entertainment,Aydin Dogan,86.0,Turkey,Istanbul,Media,Media & Entertainment,Turkey,,True,U,M,4/15/1936 0:00,Dogan,Aydin,Founder & Entrepreneur,4/4/2023 5:01,,,1936.0,4.0,15.0,234.44,15.2,"$754,411,708,203 ",23.9,93.2,77.4,17.9,42.3,83429615.0,38.963745,35.243322,Media,1
2133,1300,Finance & Investments,Annalisa Doris,52.0,Italy,Segrate,Financial services,Finance & Investments,Italy,,False,N,F,5/7/1970 0:00,Doris,Annalisa,Heir & Major Shareholder,4/4/2023 5:01,,,1970.0,5.0,7.0,110.62,0.6,"$2,001,244,392,042 ",61.9,101.9,82.9,24.3,59.1,60297396.0,41.87194,12.56738,Financial services,1
2133,1300,Finance & Investments,Massimo Doris,55.0,Italy,Milan,Financial services,Finance & Investments,Italy,,False,N,M,6/9/1967 0:00,Doris,Massimo,Heir & Major Shareholder,4/4/2023 5:01,,,1967.0,6.0,9.0,110.62,0.6,"$2,001,244,392,042 ",61.9,101.9,82.9,24.3,59.1,60297396.0,41.87194,12.56738,Financial services,1
2133,1300,Healthcare,Weimin Du,59.0,China,Shenzhen,Vaccines,Healthcare,China,,True,D,M,12/1/1963 0:00,Du,Weimin,Founder & Entrepreneur,4/4/2023 5:01,,,1963.0,12.0,1.0,125.08,2.9,"$19,910,000,000,000 ",50.6,100.2,77.0,9.4,59.2,1397715000.0,35.86166,104.195397,Vaccines,1
2133,1300,Energy,Timothy Dunn & family,67.0,United States,Midland,Energy,Energy,United States,,True,N,M,12/18/1955 0:00,Dunn,Timothy,Controlling Shareholder & (Family Estate),4/4/2023 5:01,Texas,South,1955.0,12.0,18.0,117.24,7.5,"$21,427,700,000,000 ",88.2,101.8,78.5,9.6,36.6,328239523.0,37.09024,-95.712891,Energy,1
2133,1300,Media & Entertainment,Keiko Erikawa,74.0,Japan,Yokohama City,Video games,Media & Entertainment,Japan,,True,Split Family Fortune,F,1/3/1949 0:00,Erikawa,Keiko,Founder & Entrepreneur,4/4/2023 5:01,,,1949.0,1.0,3.0,105.48,0.5,"$5,081,769,542,380 ",63.2,98.8,84.2,11.9,46.7,126226568.0,36.204824,138.252924,Video games,1
2133,1300,Media & Entertainment,Yoichi Erikawa,72.0,Japan,Yokohama City,Video games,Media & Entertainment,Japan,,True,Split Family Fortune,M,10/26/1950 0:00,Erikawa,Yoichi,Founder & Entrepreneur,4/4/2023 5:01,,,1950.0,10.0,26.0,105.48,0.5,"$5,081,769,542,380 ",63.2,98.8,84.2,11.9,46.7,126226568.0,36.204824,138.252924,Video games,1
2133,1300,Finance & Investments,Philip Fayer,45.0,Canada,Montreal,Online payments,Finance & Investments,Canada,,True,D,M,1/12/1978 0:00,Fayer,Philip,Founder & Entrepreneur,4/4/2023 5:01,,,1978.0,1.0,12.0,116.76,1.9,"$1,736,425,629,520 ",68.9,100.9,81.9,12.8,24.5,36991981.0,56.130366,-106.346771,Online payments,1
2133,1300,Real Estate,Marvy Finger,87.0,United States,Houston,Real estate,Real Estate,United States,,True,E,M,12/8/1935 0:00,Finger,Marvy,Founder & Entrepreneur,4/4/2023 5:01,Texas,,1935.0,12.0,8.0,117.24,7.5,"$21,427,700,000,000 ",88.2,101.8,78.5,9.6,36.6,328239523.0,37.09024,-95.712891,Real estate,1
2133,1300,Construction & Engineering,Simona Giorgetta,45.0,Italy,Milan,Chemical products,Construction & Engineering,Italy,,False,E,F,4/24/1977 0:00,Giorgetta,Simona,Heir & Major Shareholder,4/4/2023 5:01,,,1977.0,4.0,24.0,110.62,0.6,"$2,001,244,392,042 ",61.9,101.9,82.9,24.3,59.1,60297396.0,41.87194,12.56738,Chemical products,1
2133,1300,Finance & Investments,Joel Greenberg,65.0,United States,Gladwyne,"Trading, investments",Finance & Investments,United States,,True,N,M,8/19/1957 0:00,Greenberg,Joel,Founder & Entrepreneur & Trading,4/4/2023 5:01,Pennsylvania,Northeast,1957.0,8.0,19.0,117.24,7.5,"$21,427,700,000,000 ",88.2,101.8,78.5,9.6,36.6,328239523.0,37.09024,-95.712891,"Trading, investments",2
2133,1300,Finance & Investments,He Zhiping,59.0,China,Shenzhen,Investments,Finance & Investments,China,,True,D,M,1/1/1964 0:00,He,Zhiping,Founder & Entrepreneur,4/4/2023 5:01,,,1964.0,1.0,1.0,125.08,2.9,"$19,910,000,000,000 ",50.6,100.2,77.0,9.4,59.2,1397715000.0,35.86166,104.195397,Investments,1
2133,1300,Manufacturing,Heikki Herlin,36.0,Finland,Helsinki,"Elevators, escalators",Manufacturing,Finland,,False,U,M,1/1/1987 0:00,Herlin,Heikki,Heir & Major Shareholder & Elevators,4/4/2023 5:01,,,1987.0,1.0,1.0,112.33,1.0,"$268,761,201,365 ",88.2,100.2,81.7,20.8,36.6,5520314.0,61.92411,25.748151,"Elevators, escalators",2
2133,1300,Real Estate,Hoi Kin Hong,70.0,China,Shanghai,Real estate,Real Estate,Macau,,True,D,M,9/1/1952 0:00,Hoi,Kin Hong,Founder & Entrepreneur,4/4/2023 5:01,,,1952.0,9.0,1.0,125.08,2.9,"$19,910,000,000,000 ",50.6,100.2,77.0,9.4,59.2,1397715000.0,35.86166,104.195397,Real estate,1
2133,1300,Finance & Investments,Lillyn Teh Li Hua,,,,Finance,Finance & Investments,Malaysia,,False,N,F,,Hua,Lillyn Teh Li,Heir & Major Shareholder,4/4/2023 5:01,,,,,,,,,,,,,,,,,Finance,1
2133,1300,Finance & Investments,Gregg Hymowitz,57.0,United States,New York,Asset management,Finance & Investments,United States,,True,N,M,11/16/1965 0:00,Hymowitz,Gregg,Founder & Entrepreneur,4/4/2023 5:01,New York,Northeast,1965.0,11.0,16.0,117.24,7.5,"$21,427,700,000,000 ",88.2,101.8,78.5,9.6,36.6,328239523.0,37.09024,-95.712891,Asset management,1
2133,1300,Service,Mitchell Jacobson,72.0,United States,Locust Valley,Industrial equipment,Service,United States,,False,E,M,3/6/1951 0:00,Jacobson,Mitchell,Heir & Major Shareholder,4/4/2023 5:01,New York,Northeast,1951.0,3.0,6.0,117.24,7.5,"$21,427,700,000,000 ",88.2,101.8,78.5,9.6,36.6,328239523.0,37.09024,-95.712891,Industrial equipment,1
2133,1300,Manufacturing,Anurang Jain,61.0,India,Aurangabad,Auto parts,Manufacturing,India,,True,D,M,3/21/1962 0:00,Jain,Anurang,Founder & Entrepreneur,4/4/2023 5:01,,,1962.0,3.0,21.0,180.44,7.7,"$2,611,000,000,000 ",28.1,113.0,69.4,11.2,49.7,1366417754.0,20.593684,78.96288,Auto parts,1
2133,1300,Manufacturing,Jiang Guiting & family,64.0,China,Dezhou,Manufacturing,Manufacturing,China,,True,E,M,7/1/1958 0:00,Jiang,Guiting,Controlling Shareholder & (Family Estate),4/4/2023 5:01,,,1958.0,7.0,1.0,125.08,2.9,"$19,910,000,000,000 ",50.6,100.2,77.0,9.4,59.2,1397715000.0,35.86166,104.195397,Manufacturing,1
2133,1300,Manufacturing,Jin Xin,56.0,China,Fuxin,Manufacturing,Manufacturing,China,,True,D,M,1/8/1967 0:00,Jin,Xin,Founder & Entrepreneur,4/4/2023 5:01,,,1967.0,1.0,8.0,125.08,2.9,"$19,910,000,000,000 ",50.6,100.2,77.0,9.4,59.2,1397715000.0,35.86166,104.195397,Manufacturing,1
2133,1300,Finance & Investments,Conni Jonsson,62.0,Sweden,Stockholm,Asset management,Finance & Investments,Sweden,,True,D,M,7/15/1960 0:00,Jonsson,Conni,Founder & Entrepreneur,4/4/2023 5:01,,,1960.0,7.0,15.0,110.51,1.8,"$530,832,908,738 ",67.0,126.6,82.5,27.9,49.1,10285453.0,60.128161,18.643501,Asset management,1
2133,1300,Finance & Investments,George Joseph,101.0,United States,Los Angeles,Insurance,Finance & Investments,United States,,True,D,M,9/11/1921 0:00,Joseph,George,Founder & Entrepreneur,4/4/2023 5:01,California,West,1921.0,9.0,11.0,117.24,7.5,"$21,427,700,000,000 ",88.2,101.8,78.5,9.6,36.6,328239523.0,37.09024,-95.712891,Insurance,1
2133,1300,Technology,Laurent Junique,57.0,Singapore,Singapore,Call centers,Technology,France,,True,U,M,12/1/1965 0:00,Junique,Laurent,Founder & Entrepreneur,4/4/2023 5:01,,,1965.0,12.0,1.0,114.41,0.6,"$372,062,527,489 ",84.8,100.6,83.1,13.1,21.0,5703569.0,1.352083,103.819836,Call centers,1
2133,1300,Diversified,Zbigniew Juroszek & family,60.0,Poland,Cieszyn,"Real estate, gambling",Diversified,Poland,,True,U,M,7/7/1962 0:00,Juroszek,Zbigniew,Controlling Shareholder & estate & (Family Estate),4/4/2023 5:01,,,1962.0,7.0,7.0,114.11,2.2,"$592,164,400,688 ",67.8,100.0,77.6,17.4,40.8,37970874.0,51.919438,19.145136,"Real estate, gambling",2
2133,1300,Technology,Alexander Karp,55.0,United States,Palo Alto,Software firm,Technology,United States,Palantir Technologies,True,U,M,10/1/1967 0:00,Karp,Alexander,Cofounder and CEO,4/4/2023 5:01,California,West,1967.0,10.0,1.0,117.24,7.5,"$21,427,700,000,000 ",88.2,101.8,78.5,9.6,36.6,328239523.0,37.09024,-95.712891,"Palantir Technologies, Software firm",2
2133,1300,Healthcare,Joe Kiani,58.0,United States,Irvine,Medical devices,Healthcare,United States,Masimo,True,N,M,9/16/1964 0:00,Kiani,Joe,Chairman and CEO,4/4/2023 5:01,California,West,1964.0,9.0,16.0,117.24,7.5,"$21,427,700,000,000 ",88.2,101.8,78.5,9.6,36.6,328239523.0,37.09024,-95.712891,"Masimo, Medical devices",2
2133,1300,Finance & Investments,Seth Klarman,65.0,United States,Chestnut Hill,Investments,Finance & Investments,United States,Baupost Group,True,D,M,5/1/1957 0:00,Klarman,Seth,Founder & Lead Investor,4/4/2023 5:01,Massachusetts,Northeast,1957.0,5.0,1.0,117.24,7.5,"$21,427,700,000,000 ",88.2,101.8,78.5,9.6,36.6,328239523.0,37.09024,-95.712891,"Baupost Group, Investments",2
2133,1300,Technology,Kagemasa Kozuki,82.0,Japan,Tokyo,Video games,Technology,Japan,,True,D,M,11/12/1940 0:00,Kozuki,Kagemasa,Founder & Entrepreneur,4/4/2023 5:01,,,1940.0,11.0,12.0,105.48,0.5,"$5,081,769,542,380 ",63.2,98.8,84.2,11.9,46.7,126226568.0,36.204824,138.252924,Video games,1
2133,1300,Technology,Michael Krasny,69.0,United States,Highland Park,Retail,Technology,United States,Sawdust Investment Management Corp.,True,E,M,8/8/1953 0:00,Krasny,Michael,Founder & Lead Investor,4/4/2023 5:01,Illinois,Midwest,1953.0,8.0,8.0,117.24,7.5,"$21,427,700,000,000 ",88.2,101.8,78.5,9.6,36.6,328239523.0,37.09024,-95.712891,"Retail, Sawdust Investment Management Corp.",2
2133,1300,Technology,Eduard Kucera,70.0,Czech Republic,Prague,Software,Technology,Czech Republic,,True,D,M,1/11/1953 0:00,Kucera,Eduard,Founder & Entrepreneur,4/4/2023 5:01,,,1953.0,1.0,11.0,116.48,2.8,"$246,489,245,495 ",64.1,100.7,79.0,14.9,46.1,10669709.0,49.817492,15.472962,Software,1
2133,1300,Finance & Investments,Kristo Käärmann,42.0,United Kingdom,London,"Payments, banking",Finance & Investments,Estonia,Wise,True,U,M,9/1/1980 0:00,Käärmann,Kristo,Founder & Lead Investor & Payments,4/4/2023 5:01,,,1980.0,9.0,1.0,119.62,1.7,"$2,827,113,184,696 ",60.0,101.2,81.3,25.5,30.6,66834405.0,55.378051,-3.435973,"Payments, Wise, banking",3
2133,1300,Fashion & Retail,Gary Lauder,60.0,United States,Atherton,Estée Lauder,Fashion & Retail,United States,,False,D,M,5/5/1962 0:00,Lauder,Gary,Heir & Major Shareholder,4/4/2023 5:01,California,West,1962.0,5.0,5.0,117.24,7.5,"$21,427,700,000,000 ",88.2,101.8,78.5,9.6,36.6,328239523.0,37.09024,-95.712891,Estée Lauder,1
2133,1300,Technology,Lee Hae-jin,55.0,South Korea,Seoul,Internet,Technology,South Korea,NAVER Corp.,True,D,M,6/22/1967 0:00,Lee,Hae-jin,Founder & Entrepreneur,4/4/2023 5:01,,,1967.0,6.0,22.0,115.16,0.4,"$2,029,000,000,000 ",94.3,98.1,82.6,15.6,33.2,51709098.0,35.907757,127.766922,"Internet, NAVER Corp.",2
2133,1300,Diversified,Art Levinson,73.0,United States,Hillsborough,"Genentech, Apple",Diversified,United States,,True,D,M,3/31/1950 0:00,Levinson,Art,Founder & Entrepreneur & Genentech,4/4/2023 5:01,California,West,1950.0,3.0,31.0,117.24,7.5,"$21,427,700,000,000 ",88.2,101.8,78.5,9.6,36.6,328239523.0,37.09024,-95.712891,"Apple, Genentech",2
2133,1300,Food & Beverage,Li Denghai,73.0,China,Laizhou,Seed production,Food & Beverage,China,,True,D,M,9/1/1949 0:00,Li,Denghai,Founder & Entrepreneur,4/4/2023 5:01,,,1949.0,9.0,1.0,125.08,2.9,"$19,910,000,000,000 ",50.6,100.2,77.0,9.4,59.2,1397715000.0,35.86166,104.195397,Seed production,1
2133,1300,Diversified,Fengluan Li,61.0,China,Ruzhou,"Steel, diversified",Diversified,China,,True,E,F,1/1/1962 0:00,Li,Fengluan,Founder & Entrepreneur & Steel,4/4/2023 5:01,,,1962.0,1.0,1.0,125.08,2.9,"$19,910,000,000,000 ",50.6,100.2,77.0,9.4,59.2,1397715000.0,35.86166,104.195397,"Steel, diversified",10
2133,1300,Manufacturing,Li Yongqing,58.0,China,Hangzhou,Petro Firbe,Manufacturing,China,,True,D,M,6/30/1964 0:00,Li,Yongqing,Founder & Entrepreneur,4/4/2023 5:01,,,1964.0,6.0,30.0,125.08,2.9,"$19,910,000,000,000 ",50.6,100.2,77.0,9.4,59.2,1397715000.0,35.86166,104.195397,Petro Firbe,1
2133,1300,Manufacturing,Li Zhigang,46.0,China,Wuhan,Machinery,Manufacturing,China,,True,D,M,6/1/1976 0:00,Li,Zhigang,Founder & Entrepreneur,4/4/2023 5:01,,,1976.0,6.0,1.0,125.08,2.9,"$19,910,000,000,000 ",50.6,100.2,77.0,9.4,59.2,1397715000.0,35.86166,104.195397,Machinery,1
2133,1300,Healthcare,Liu Gexin & family,71.0,China,Chengdu,Pharmaceuticals,Healthcare,China,,True,R,M,5/12/1951 0:00,Liu,Gexin,Controlling Shareholder & (Family Estate),4/4/2023 5:01,,,1951.0,5.0,12.0,125.08,2.9,"$19,910,000,000,000 ",50.6,100.2,77.0,9.4,59.2,1397715000.0,35.86166,104.195397,Pharmaceuticals,1
2133,1300,Food & Beverage,Itamar Locks & family,68.0,Brazil,Rondonopolis,Agribusiness,Food & Beverage,Brazil,,False,Split Family Fortune,M,1/1/1955 0:00,Locks,Itamar,Controlling Shareholder & (Family Estate),4/4/2023 5:01,,,1955.0,1.0,1.0,167.4,3.7,"$1,839,758,040,766 ",51.3,115.4,75.7,14.2,65.1,212559417.0,-14.235004,-51.92528,Agribusiness,1
2133,1300,Media & Entertainment,Lu Hongyan,45.0,China,Xiamen,Online games,Media & Entertainment,China,,True,U,M,5/31/1977 0:00,Lu,Hongyan,Founder & Entrepreneur,4/4/2023 5:01,,,1977.0,5.0,31.0,125.08,2.9,"$19,910,000,000,000 ",50.6,100.2,77.0,9.4,59.2,1397715000.0,35.86166,104.195397,Online games,1
2133,1300,Healthcare,Lv Jianming,58.0,China,Hangzhou,Medical equipment,Healthcare,Hong Kong,,True,D,M,1/1/1965 0:00,Lv,Jianming,Founder & Entrepreneur,4/4/2023 5:01,,,1965.0,1.0,1.0,125.08,2.9,"$19,910,000,000,000 ",50.6,100.2,77.0,9.4,59.2,1397715000.0,35.86166,104.195397,Medical equipment,1
2133,1300,Food & Beverage,Blairo Maggi,66.0,Brazil,Cuiaba,Agribusiness,Food & Beverage,Brazil,,False,Split Family Fortune,M,5/29/1956 0:00,Maggi,Blairo,Heir & Major Shareholder,4/4/2023 5:01,,,1956.0,5.0,29.0,167.4,3.7,"$1,839,758,040,766 ",51.3,115.4,75.7,14.2,65.1,212559417.0,-14.235004,-51.92528,Agribusiness,1
2133,1300,Diversified,Yasseen Mansour,61.0,Egypt,Cairo,Diversified,Diversified,Egypt,,True,U,M,8/8/1961 0:00,Mansour,Yasseen,Founder & Entrepreneur,4/4/2023 5:01,,,1961.0,8.0,8.0,288.57,9.2,"$303,175,127,598 ",35.2,106.3,71.8,12.5,44.4,100388073.0,26.820553,30.802498,Diversified,10
2133,1300,Fashion & Retail,Charlwin Mao,,China,Shanghai,E-commerce,Fashion & Retail,China,,True,D,M,,Mao,Charlwin,Founder & Entrepreneur,4/4/2023 5:01,,,,,,125.08,2.9,"$19,910,000,000,000 ",50.6,100.2,77.0,9.4,59.2,1397715000.0,35.86166,104.195397,E-commerce,1
2133,1300,Real Estate,George Marcus,81.0,United States,Los Altos Hills,Real estate,Real Estate,United States,,True,D,M,8/15/1941 0:00,Marcus,George,Founder & Entrepreneur,4/4/2023 5:01,California,West,1941.0,8.0,15.0,117.24,7.5,"$21,427,700,000,000 ",88.2,101.8,78.5,9.6,36.6,328239523.0,37.09024,-95.712891,Real estate,1
2133,1300,Healthcare,Yves-Loic Martin,57.0,France,Nantes,Laboratory services,Healthcare,France,,True,D,M,1/1/1966 0:00,Martin,Yves-Loic,Founder & Entrepreneur,4/4/2023 5:01,,,1966.0,1.0,1.0,110.05,1.1,"$2,715,518,274,227 ",65.6,102.5,82.5,24.2,60.7,67059887.0,46.227638,2.213749,Laboratory services,1
2133,1300,Finance & Investments,Carsten Maschmeyer,63.0,Germany,Munich,Finance services,Finance & Investments,Germany,,True,U,M,5/8/1959 0:00,Maschmeyer,Carsten,Founder & Entrepreneur,4/4/2023 5:01,,,1959.0,5.0,8.0,112.85,1.4,"$3,845,630,030,824 ",70.2,104.0,80.9,11.5,48.8,83132799.0,51.165691,10.451526,Finance services,1
2133,1300,Finance & Investments,Lillian Teh Li Ming,,,,Banking,Finance & Investments,Malaysia,,False,N,F,,Ming,Lillian Teh Li,Heir & Major Shareholder,4/4/2023 5:01,,,,,,,,,,,,,,,,,Banking,1
2133,1300,Logistics,Martin Moller Nielsen,58.0,Switzerland,Lugano,Aircraft leasing,Logistics,Denmark,,True,E,M,8/1/1964 0:00,Moller Nielsen,Martin,Founder & Entrepreneur,4/4/2023 5:01,,,1964.0,8.0,1.0,99.55,0.4,"$703,082,435,360 ",59.6,105.2,83.6,10.1,28.8,8574832.0,46.818188,8.227512,Aircraft leasing,1
2133,1300,Finance & Investments,Jahm Najafi,60.0,United States,Paradise Valley,Investments,Finance & Investments,United States,,True,N,M,3/19/1963 0:00,Najafi,Jahm,Founder & Entrepreneur,4/4/2023 5:01,Arizona,West,1963.0,3.0,19.0,117.24,7.5,"$21,427,700,000,000 ",88.2,101.8,78.5,9.6,36.6,328239523.0,37.09024,-95.712891,Investments,1
2133,1300,Finance & Investments,Randal Nardone,67.0,United States,New York,"Investments, energy",Finance & Investments,United States,,True,E,M,6/22/1955 0:00,Nardone,Randal,Founder & Entrepreneur,4/4/2023 5:01,New York,Northeast,1955.0,6.0,22.0,117.24,7.5,"$21,427,700,000,000 ",88.2,101.8,78.5,9.6,36.6,328239523.0,37.09024,-95.712891,"Investments, energy",2
2133,1300,Food & Beverage,Nguyen Dang Quang,59.0,Vietnam,Ho Chi Minh City,"Consumer products, banking",Food & Beverage,Vietnam,,True,D,M,8/23/1963 0:00,Nguyen,Dang Quang,Founder & Entrepreneur & products,4/4/2023 5:01,,,1963.0,8.0,23.0,163.52,2.8,"$261,921,244,843 ",28.5,110.6,75.3,19.1,37.6,96462106.0,14.058324,108.277199,"Consumer products, banking",2
2133,1300,Gambling & Casinos,Kazuo Okada,80.0,Japan,Tokyo,Casinos,Gambling & Casinos,Japan,,True,D,M,10/3/1942 0:00,Okada,Kazuo,Founder & Entrepreneur,4/4/2023 5:01,,,1942.0,10.0,3.0,105.48,0.5,"$5,081,769,542,380 ",63.2,98.8,84.2,11.9,46.7,126226568.0,36.204824,138.252924,Casinos,1
2133,1300,Healthcare,John Oyler,55.0,United States,,Biotech,Healthcare,United States,,True,U,M,4/3/1968 0:00,Oyler,John,Founder & Entrepreneur,4/4/2023 5:01,Nevada,West,1968.0,4.0,3.0,117.24,7.5,"$21,427,700,000,000 ",88.2,101.8,78.5,9.6,36.6,328239523.0,37.09024,-95.712891,Biotech,1
2133,1300,Finance & Investments,William Teh Lee Pang,,,,Banking,Finance & Investments,Malaysia,,False,N,M,,Pang,William Teh Lee,Heir & Major Shareholder,4/4/2023 5:01,,,,,,,,,,,,,,,,,Banking,1
2133,1300,Manufacturing,George Pedersen & family,87.0,United States,McLean,Defense contractor,Manufacturing,United States,,True,U,M,8/18/1935 0:00,Pedersen,George,Controlling Shareholder & (Family Estate),4/4/2023 5:01,Virginia,South,1935.0,8.0,18.0,117.24,7.5,"$21,427,700,000,000 ",88.2,101.8,78.5,9.6,36.6,328239523.0,37.09024,-95.712891,Defense contractor,1
2133,1300,Fashion & Retail,Qu Miranda,38.0,China,Shanghai,E-commerce,Fashion & Retail,China,,True,D,F,1/1/1985 0:00,Qu,Miranda,Founder & Entrepreneur,4/4/2023 5:01,,,1985.0,1.0,1.0,125.08,2.9,"$19,910,000,000,000 ",50.6,100.2,77.0,9.4,59.2,1397715000.0,35.86166,104.195397,E-commerce,1
2133,1300,Real Estate,Jupally Rameshwar Rao,67.0,India,Hyderabad,Real estate,Real Estate,India,,True,U,M,9/16/1955 0:00,Rameshwar Rao,Jupally,Founder & Entrepreneur,4/4/2023 5:01,,,1955.0,9.0,16.0,180.44,7.7,"$2,611,000,000,000 ",28.1,113.0,69.4,11.2,49.7,1366417754.0,20.593684,78.96288,Real estate,1
2133,1300,Logistics,G. M. Rao,72.0,India,Bangalore,Infrastructure,Logistics,India,,True,D,M,7/1/1950 0:00,Rao,G. M.,Founder & Entrepreneur,4/4/2023 5:01,,,1950.0,7.0,1.0,180.44,7.7,"$2,611,000,000,000 ",28.1,113.0,69.4,11.2,49.7,1366417754.0,20.593684,78.96288,Infrastructure,1
2133,1300,Healthcare,P.V. Ramprasad Reddy,65.0,India,Hyderabad,Pharmaceuticals,Healthcare,India,,True,D,M,3/30/1958 0:00,Reddy,P.V. Ramprasad,Founder & Entrepreneur,4/4/2023 5:01,,,1958.0,3.0,30.0,180.44,7.7,"$2,611,000,000,000 ",28.1,113.0,69.4,11.2,49.7,1366417754.0,20.593684,78.96288,Pharmaceuticals,1
2133,1300,Healthcare,Satish Reddy,55.0,India,Hyderabad,Pharmaceuticals,Healthcare,India,,False,E,M,6/9/1967 0:00,Reddy,Satish,Heir & Major Shareholder,4/4/2023 5:01,,,1967.0,6.0,9.0,180.44,7.7,"$2,611,000,000,000 ",28.1,113.0,69.4,11.2,49.7,1366417754.0,20.593684,78.96288,Pharmaceuticals,1
2133,1300,Fashion & Retail,Fernando Roig,75.0,Spain,Valencia,Supermarkets,Fashion & Retail,Spain,,False,D,M,6/25/1947 0:00,Roig,Fernando,Heir & Major Shareholder,4/4/2023 5:01,,,1947.0,6.0,25.0,110.96,0.7,"$1,394,116,310,769 ",88.9,102.7,83.3,14.2,47.0,47076781.0,40.463667,-3.74922,Supermarkets,1
2133,1300,Diversified,Igor Rotenberg,49.0,Russia,Moscow,"Investments, real estate",Diversified,Russia,,True,R,M,5/9/1973 0:00,Rotenberg,Igor,Founder & Entrepreneur,4/4/2023 5:01,,,1973.0,5.0,9.0,180.75,4.5,"$1,699,876,578,871 ",81.9,102.6,72.7,11.4,46.2,144373535.0,61.52401,105.318756,"Investments, real estate",2
2133,1300,Manufacturing,Seifeddin Rustamov,60.0,United States,,Chemicals,Manufacturing,Russia,,True,N,M,6/17/1962 0:00,Rustamov,Seifeddin,Founder & Entrepreneur,4/4/2023 5:01,Virginia,South,1962.0,6.0,17.0,117.24,7.5,"$21,427,700,000,000 ",88.2,101.8,78.5,9.6,36.6,328239523.0,37.09024,-95.712891,Chemicals,1
2133,1300,Diversified,Deniz Sahenk,77.0,Turkey,Istanbul,Diversified,Diversified,Turkey,,False,E,F,8/6/1945 0:00,Sahenk,Deniz,Heir & Major Shareholder,4/4/2023 5:01,,,1945.0,8.0,6.0,234.44,15.2,"$754,411,708,203 ",23.9,93.2,77.4,17.9,42.3,83429615.0,38.963745,35.243322,Diversified,10
2133,1300,Food & Beverage,Nobutada Saji,77.0,Japan,Tokyo,Beverages,Food & Beverage,Japan,,False,U,M,11/25/1945 0:00,Saji,Nobutada,Heir & Major Shareholder,4/4/2023 5:01,,,1945.0,11.0,25.0,105.48,0.5,"$5,081,769,542,380 ",63.2,98.8,84.2,11.9,46.7,126226568.0,36.204824,138.252924,Beverages,1
2133,1300,Gambling & Casinos,Hajime Satomi,81.0,Japan,Tokyo,"Video games, pachinko",Gambling & Casinos,Japan,,True,E,M,1/16/1942 0:00,Satomi,Hajime,Founder & Entrepreneur & games,4/4/2023 5:01,,,1942.0,1.0,16.0,105.48,0.5,"$5,081,769,542,380 ",63.2,98.8,84.2,11.9,46.7,126226568.0,36.204824,138.252924,"Video games, pachinko",2
2133,1300,Technology,James Scapa,66.0,United States,Atherton,Software,Technology,United States,,True,E,M,1/23/1957 0:00,Scapa,James,Founder & Entrepreneur,4/4/2023 5:01,California,West,1957.0,1.0,23.0,117.24,7.5,"$21,427,700,000,000 ",88.2,101.8,78.5,9.6,36.6,328239523.0,37.09024,-95.712891,Software,1
2133,1300,Manufacturing,Stephan Schnabel,48.0,,,Chemicals,Manufacturing,Germany,,False,U,M,1/18/1975 0:00,Schnabel,Stephan,Heir & Major Shareholder,4/4/2023 5:01,,,1975.0,1.0,18.0,,,,,,,,,,,,Chemicals,1
2133,1300,Healthcare,Devi Shetty,70.0,India,Bangalore,Healthcare,Healthcare,India,,True,U,M,1/1/1953 0:00,Shetty,Devi,Founder & Entrepreneur,4/4/2023 5:01,,,1953.0,1.0,1.0,180.44,7.7,"$2,611,000,000,000 ",28.1,113.0,69.4,11.2,49.7,1366417754.0,20.593684,78.96288,Healthcare,1
2133,1300,Diversified,Albert Shigaboutdinov,70.0,Russia,Kazan,"Refinery, chemicals",Diversified,Russia,,True,E,M,11/12/1952 0:00,Shigaboutdinov,Albert,Founder & Entrepreneur & Refinery,4/4/2023 5:01,,,1952.0,11.0,12.0,180.75,4.5,"$1,699,876,578,871 ",81.9,102.6,72.7,11.4,46.2,144373535.0,61.52401,105.318756,"Refinery, chemicals",2
2133,1300,Finance & Investments,Diana Teh Li Shing,,,,Banking,Finance & Investments,Malaysia,,False,N,F,,Shing,Diana Teh Li,Heir & Major Shareholder,4/4/2023 5:01,,,,,,,,,,,,,,,,,Banking,1
2133,1300,Food & Beverage,Denis Shtengelov,50.0,Australia,Gold Coast,"Food, retail",Food & Beverage,Russia,,True,N,M,5/14/1972 0:00,Shtengelov,Denis,Founder & Entrepreneur & Food,4/4/2023 5:01,,,1972.0,5.0,14.0,119.8,1.6,"$1,392,680,589,329 ",113.1,100.3,82.7,23.0,47.4,25766605.0,-25.274398,133.775136,"Food, retail",2
2133,1300,Manufacturing,Fei Song,56.0,China,Yantai,Machinery,Manufacturing,China,,True,D,M,9/12/1966 0:00,Song,Fei,Founder & Entrepreneur,4/4/2023 5:01,,,1966.0,9.0,12.0,125.08,2.9,"$19,910,000,000,000 ",50.6,100.2,77.0,9.4,59.2,1397715000.0,35.86166,104.195397,Machinery,1
2133,1300,Sports,Hal Steinbrenner,54.0,United States,Tampa,Sports,Sports,United States,,False,N,M,12/3/1968 0:00,Steinbrenner,Hal,Heir & Major Shareholder,4/4/2023 5:01,Florida,South,1968.0,12.0,3.0,117.24,7.5,"$21,427,700,000,000 ",88.2,101.8,78.5,9.6,36.6,328239523.0,37.09024,-95.712891,Sports,1
2133,1300,Sports,Jessica Steinbrenner,59.0,United States,Tampa,Sports,Sports,United States,,False,N,F,3/26/1964 0:00,Steinbrenner,Jessica,Heir & Major Shareholder,4/4/2023 5:01,Florida,South,1964.0,3.0,26.0,117.24,7.5,"$21,427,700,000,000 ",88.2,101.8,78.5,9.6,36.6,328239523.0,37.09024,-95.712891,Sports,1
2133,1300,Sports,Jennifer Steinbrenner Swindal,63.0,United States,Tampa,Sports,Sports,United States,,False,N,F,7/28/1959 0:00,Steinbrenner Swindal,Jennifer,Heir & Major Shareholder,4/4/2023 5:01,Florida,South,1959.0,7.0,28.0,117.24,7.5,"$21,427,700,000,000 ",88.2,101.8,78.5,9.6,36.6,328239523.0,37.09024,-95.712891,Sports,1
2133,1300,Metals & Mining,Konstantin Strukov & family,64.0,Russia,Chelyabinsk,"Gold, coal mining",Metals & Mining,Russia,,True,R,M,9/10/1958 0:00,Strukov,Konstantin,Controlling Shareholder & Gold & (Family Estate),4/4/2023 5:01,,,1958.0,9.0,10.0,180.75,4.5,"$1,699,876,578,871 ",81.9,102.6,72.7,11.4,46.2,144373535.0,61.52401,105.318756,"Gold, coal mining",2
2133,1300,Energy,Rustem Sulteev,69.0,Russia,Kazan,"Refinery, chemicals",Energy,Russia,,True,E,M,1/4/1954 0:00,Sulteev,Rustem,Founder & Entrepreneur & Refinery,4/4/2023 5:01,,,1954.0,1.0,4.0,180.75,4.5,"$1,699,876,578,871 ",81.9,102.6,72.7,11.4,46.2,144373535.0,61.52401,105.318756,"Refinery, chemicals",2
2133,1300,Food & Beverage,Clemens Toennies,66.0,Germany,Rheda-Wiedenbrück,Meat processing,Food & Beverage,Germany,,True,D,M,5/27/1956 0:00,Toennies,Clemens,Founder & Entrepreneur,4/4/2023 5:01,,,1956.0,5.0,27.0,112.85,1.4,"$3,845,630,030,824 ",70.2,104.0,80.9,11.5,48.8,83132799.0,51.165691,10.451526,Meat processing,1
2133,1300,Food & Beverage,Robert Toennies,44.0,Germany,Rheda-Wiedenbrück,Meat processing,Food & Beverage,Germany,,False,D,M,5/29/1978 0:00,Toennies,Robert,Heir & Major Shareholder,4/4/2023 5:01,,,1978.0,5.0,29.0,112.85,1.4,"$3,845,630,030,824 ",70.2,104.0,80.9,11.5,48.8,83132799.0,51.165691,10.451526,Meat processing,1
2133,1300,Real Estate,John Van Lieshout,77.0,Australia,Brisbane,Real estate,Real Estate,Australia,,True,D,M,1/12/1946 0:00,Van Lieshout,John,Founder & Entrepreneur,4/4/2023 5:01,,,1946.0,1.0,12.0,119.8,1.6,"$1,392,680,589,329 ",113.1,100.3,82.7,23.0,47.4,25766605.0,-25.274398,133.775136,Real estate,1
2133,1300,Healthcare,Pongsak Viddayakorn,89.0,Thailand,Bangkok,Hospitals,Healthcare,Thailand,,True,U,M,3/23/1934 0:00,Viddayakorn,Pongsak,Founder & Entrepreneur,4/4/2023 5:01,,,1934.0,3.0,23.0,113.27,0.7,"$543,649,976,166 ",49.3,99.8,76.9,14.9,29.5,69625582.0,15.870032,100.992541,Hospitals,1
2133,1300,Fashion & Retail,Wang Jianguo,63.0,China,Nanjing,Retail,Fashion & Retail,China,,True,D,M,1/1/1960 0:00,Wang,Jianguo,Founder & Entrepreneur,4/4/2023 5:01,,,1960.0,1.0,1.0,125.08,2.9,"$19,910,000,000,000 ",50.6,100.2,77.0,9.4,59.2,1397715000.0,35.86166,104.195397,Retail,1
2133,1300,Service,Junjin Wang,54.0,China,Shanghai,Airline,Service,China,,True,D,M,12/1/1968 0:00,Wang,Junjin,Founder & Entrepreneur,4/4/2023 5:01,,,1968.0,12.0,1.0,125.08,2.9,"$19,910,000,000,000 ",50.6,100.2,77.0,9.4,59.2,1397715000.0,35.86166,104.195397,Airline,1
2133,1300,Manufacturing,Wang Mingwang,55.0,China,Shenzhen,Electronics components,Manufacturing,China,,True,D,M,5/2/1967 0:00,Wang,Mingwang,Founder & Entrepreneur,4/4/2023 5:01,,,1967.0,5.0,2.0,125.08,2.9,"$19,910,000,000,000 ",50.6,100.2,77.0,9.4,59.2,1397715000.0,35.86166,104.195397,Electronics components,1
2133,1300,Technology,Wei Lidong & family,47.0,China,Shanghai,Software,Technology,China,,True,D,M,1/1/1976 0:00,Wei,Lidong,Controlling Shareholder & (Family Estate),4/4/2023 5:01,,,1976.0,1.0,1.0,125.08,2.9,"$19,910,000,000,000 ",50.6,100.2,77.0,9.4,59.2,1397715000.0,35.86166,104.195397,Software,1
2133,1300,Fashion & Retail,Myron Wentz,83.0,Cayman Islands,Grand Cayman,Health products,Fashion & Retail,St. Kitts and Nevis,,True,D,M,1/1/1940 0:00,Wentz,Myron,Founder & Entrepreneur,4/4/2023 5:01,,,1940.0,1.0,1.0,,,,,,,,,,,,Health products,1
2133,1300,Manufacturing,Wu Xiaoge,50.0,China,Chengdu,Battery components,Manufacturing,China,,True,Split Family Fortune,F,11/1/1972 0:00,Wu,Xiaoge,Founder & Entrepreneur,4/4/2023 5:01,,,1972.0,11.0,1.0,125.08,2.9,"$19,910,000,000,000 ",50.6,100.2,77.0,9.4,59.2,1397715000.0,35.86166,104.195397,Battery components,1
2133,1300,Diversified,Wu Xushun & family,74.0,China,Wuhu,Internet,Diversified,China,,True,D,M,4/28/1948 0:00,Wu,Xushun,Controlling Shareholder & (Family Estate),4/4/2023 5:01,,,1948.0,4.0,28.0,125.08,2.9,"$19,910,000,000,000 ",50.6,100.2,77.0,9.4,59.2,1397715000.0,35.86166,104.195397,Internet,1
2133,1300,Healthcare,Xiong Xiaochuan,57.0,China,Shenzhen,Medical devices,Healthcare,China,,True,N,M,1/1/1966 0:00,Xiong,Xiaochuan,Founder & Entrepreneur,4/4/2023 5:01,,,1966.0,1.0,1.0,125.08,2.9,"$19,910,000,000,000 ",50.6,100.2,77.0,9.4,59.2,1397715000.0,35.86166,104.195397,Medical devices,1
2133,1300,Technology,Xu Shaochun,60.0,China,Shenzhen,Software,Technology,China,,True,D,M,1/1/1963 0:00,Xu,Shaochun,Founder & Entrepreneur,4/4/2023 5:01,,,1963.0,1.0,1.0,125.08,2.9,"$19,910,000,000,000 ",50.6,100.2,77.0,9.4,59.2,1397715000.0,35.86166,104.195397,Software,1
2133,1300,Technology,Yan Jane & family,53.0,China,Beijing,Software,Technology,China,,True,U,F,7/19/1969 0:00,Yan,Jane,Controlling Shareholder & (Family Estate),4/4/2023 5:01,,,1969.0,7.0,19.0,125.08,2.9,"$19,910,000,000,000 ",50.6,100.2,77.0,9.4,59.2,1397715000.0,35.86166,104.195397,Software,1
2133,1300,Manufacturing,Zeng Chaoyi,54.0,China,Changsha,Aluminum products,Manufacturing,China,,True,E,M,4/1/1969 0:00,Zeng,Chaoyi,Founder & Entrepreneur,4/4/2023 5:01,,,1969.0,4.0,1.0,125.08,2.9,"$19,910,000,000,000 ",50.6,100.2,77.0,9.4,59.2,1397715000.0,35.86166,104.195397,Aluminum products,1
2133,1300,Service,Peng Zhao,52.0,China,Beijing,Online recruitment,Service,China,,True,E,M,1/1/1971 0:00,Zhao,Peng,Founder & Entrepreneur,4/4/2023 5:01,,,1971.0,1.0,1.0,125.08,2.9,"$19,910,000,000,000 ",50.6,100.2,77.0,9.4,59.2,1397715000.0,35.86166,104.195397,Online recruitment,1
2133,1300,Service,Zhao Tongtong,56.0,Hong Kong,Hong Kong,Hotels,Service,Canada,,True,R,F,1/1/1967 0:00,Zhao,Tongtong,Founder & Entrepreneur,4/4/2023 5:01,,,1967.0,1.0,1.0,,,,,,,,,,,,Hotels,1
2133,1300,Metals & Mining,Kostyantin Zhevago,49.0,Ukraine,Kiev,Mining,Metals & Mining,Ukraine,,True,E,M,1/7/1974 0:00,Zhevago,Kostyantin,Founder & Entrepreneur,4/4/2023 5:01,,,1974.0,1.0,7.0,281.66,7.9,"$153,781,069,118 ",82.7,99.0,71.6,20.1,45.2,44385155.0,48.379433,31.16558,Mining,1
2133,1300,Manufacturing,Zong Yanmin,,China,Jinan,Semiconductor materials,Manufacturing,China,,True,E,M,,Zong,Yanmin,Founder & Entrepreneur,4/4/2023 5:01,,,,,,125.08,2.9,"$19,910,000,000,000 ",50.6,100.2,77.0,9.4,59.2,1397715000.0,35.86166,104.195397,Semiconductor materials,1
2259,1200,Finance & Investments,Sanjay Agarwal,52.0,India,Jaipur,Banking,Finance & Investments,India,,True,E,M,9/8/1970 0:00,Agarwal,Sanjay,Founder & Entrepreneur,4/4/2023 5:01,,,1970.0,9.0,8.0,180.44,7.7,"$2,611,000,000,000 ",28.1,113.0,69.4,11.2,49.7,1366417754.0,20.593684,78.96288,Banking,1
2259,1200,Finance & Investments,Hamad bin Jassim bin Jaber Al Thani,63.0,Qatar,Doha,Investments,Finance & Investments,Qatar,,False,E,M,10/1/1959 0:00,Al Thani,Hamad bin Jassim bin Jaber,Heir & Major Shareholder,4/4/2023 5:01,,,1959.0,10.0,1.0,115.38,-0.7,"$183,466,208,791 ",17.9,103.8,80.1,14.7,11.3,2832067.0,25.354826,51.183884,Investments,1
2259,1200,Diversified,Joao Alves de Queiroz Filho,70.0,Brazil,São Paulo,Pharmaceuticals,Diversified,Brazil,,True,U,M,1/1/1953 0:00,Alves de Queiroz Filho,Joao,Founder & Entrepreneur,4/4/2023 5:01,,,1953.0,1.0,1.0,167.4,3.7,"$1,839,758,040,766 ",51.3,115.4,75.7,14.2,65.1,212559417.0,-14.235004,-51.92528,Pharmaceuticals,1
2259,1200,Metals & Mining,Jose Maria Aristrain,60.0,Switzerland,Gstaad,Steel,Metals & Mining,Spain,,False,E,M,11/2/1962 0:00,Aristrain,Jose Maria,Heir & Major Shareholder,4/4/2023 5:01,,,1962.0,11.0,2.0,99.55,0.4,"$703,082,435,360 ",59.6,105.2,83.6,10.1,28.8,8574832.0,46.818188,8.227512,Steel,1
2259,1200,Finance & Investments,Michael Arougheti,50.0,United States,Nyack,Finance,Finance & Investments,United States,,True,N,M,10/10/1972 0:00,Arougheti,Michael,Founder & Entrepreneur,4/4/2023 5:01,New York,Northeast,1972.0,10.0,10.0,117.24,7.5,"$21,427,700,000,000 ",88.2,101.8,78.5,9.6,36.6,328239523.0,37.09024,-95.712891,Finance,1
2259,1200,Technology,Tope Awotona,41.0,United States,Atlanta,Software,Technology,United States,Calendly,True,D,M,4/22/1981 0:00,Awotona,Tope,Founder & Entrepreneur,4/4/2023 5:01,Georgia,South,1981.0,4.0,22.0,117.24,7.5,"$21,427,700,000,000 ",88.2,101.8,78.5,9.6,36.6,328239523.0,37.09024,-95.712891,"Calendly, Software",2
2259,1200,Healthcare,Mehmet Aydinlar,66.0,Turkey,Istanbul,Hospitals,Healthcare,Turkey,,True,D,M,7/27/1956 0:00,Aydinlar,Mehmet,Founder & Entrepreneur,4/4/2023 5:01,,,1956.0,7.0,27.0,234.44,15.2,"$754,411,708,203 ",23.9,93.2,77.4,17.9,42.3,83429615.0,38.963745,35.243322,Hospitals,1
2259,1200,Real Estate,Danna Azrieli,55.0,Israel,Herzliya,Real estate,Real Estate,Israel,,False,D,F,6/3/1967 0:00,Azrieli,Danna,Heir & Major Shareholder,4/4/2023 5:01,,,1967.0,6.0,3.0,108.15,0.8,"$395,098,666,122 ",63.4,104.9,82.8,23.1,25.3,9053300.0,31.046051,34.851612,Real estate,1
2259,1200,Real Estate,Naomi Azrieli,57.0,Canada,Toronto,Real estate,Real Estate,Canada,,False,D,F,9/26/1965 0:00,Azrieli,Naomi,Heir & Major Shareholder,4/4/2023 5:01,,,1965.0,9.0,26.0,116.76,1.9,"$1,736,425,629,520 ",68.9,100.9,81.9,12.8,24.5,36991981.0,56.130366,-106.346771,Real estate,1
2259,1200,Real Estate,Sharon Azrieli,62.0,Canada,Montreal,Real estate,Real Estate,Canada,,False,D,F,8/4/1960 0:00,Azrieli,Sharon,Heir & Major Shareholder,4/4/2023 5:01,,,1960.0,8.0,4.0,116.76,1.9,"$1,736,425,629,520 ",68.9,100.9,81.9,12.8,24.5,36991981.0,56.130366,-106.346771,Real estate,1
2259,1200,Energy,Bai Houshan,59.0,China,Ningbo,Lithium battery,Energy,China,,True,D,M,1/1/1964 0:00,Bai,Houshan,Founder & Entrepreneur,4/4/2023 5:01,,,1964.0,1.0,1.0,125.08,2.9,"$19,910,000,000,000 ",50.6,100.2,77.0,9.4,59.2,1397715000.0,35.86166,104.195397,Lithium battery,1
2259,1200,Finance & Investments,Thomas Bailey,86.0,United States,Aspen,Money management,Finance & Investments,United States,,True,E,M,1/1/1937 0:00,Bailey,Thomas,Founder & Entrepreneur,4/4/2023 5:01,Colorado,West,1937.0,1.0,1.0,117.24,7.5,"$21,427,700,000,000 ",88.2,101.8,78.5,9.6,36.6,328239523.0,37.09024,-95.712891,Money management,1
2259,1200,Healthcare,Bernhard Braun-Luedicke,46.0,Germany,Melsungen,Medical technology,Healthcare,Germany,,False,D,M,1/1/1977 0:00,Braun-Luedicke,Bernhard,Heir & Major Shareholder,4/4/2023 5:01,,,1977.0,1.0,1.0,112.85,1.4,"$3,845,630,030,824 ",70.2,104.0,80.9,11.5,48.8,83132799.0,51.165691,10.451526,Medical technology,1
2259,1200,Healthcare,Eva Maria Braun-Luedicke,36.0,Germany,Melsungen,Medical technology,Healthcare,Germany,,False,D,F,1/1/1987 0:00,Braun-Luedicke,Eva Maria,Heir & Major Shareholder,4/4/2023 5:01,,,1987.0,1.0,1.0,112.85,1.4,"$3,845,630,030,824 ",70.2,104.0,80.9,11.5,48.8,83132799.0,51.165691,10.451526,Medical technology,1
2259,1200,Healthcare,Friederike Braun-Luedicke,39.0,Germany,Melsungen,Medical technology,Healthcare,Germany,,False,E,F,1/1/1984 0:00,Braun-Luedicke,Friederike,Heir & Major Shareholder,4/4/2023 5:01,,,1984.0,1.0,1.0,112.85,1.4,"$3,845,630,030,824 ",70.2,104.0,80.9,11.5,48.8,83132799.0,51.165691,10.451526,Medical technology,1
2259,1200,Real Estate,Jeffrey Cheah,78.0,Malaysia,Kuala Lumpur,"Property, healthcare",Real Estate,Malaysia,,True,D,M,3/30/1945 0:00,Cheah,Jeffrey,Founder & Entrepreneur & Property,4/4/2023 5:01,,,1945.0,3.0,30.0,121.46,0.7,"$364,701,517,788 ",45.1,105.3,76.0,12.0,38.7,32447385.0,4.210484,101.975766,"Property, healthcare",2
2259,1200,Food & Beverage,Chen Xianbao & family,63.0,China,Hefei,Food,Food & Beverage,China,,True,D,M,5/19/1959 0:00,Chen,Xianbao,Controlling Shareholder & (Family Estate),4/4/2023 5:01,,,1959.0,5.0,19.0,125.08,2.9,"$19,910,000,000,000 ",50.6,100.2,77.0,9.4,59.2,1397715000.0,35.86166,104.195397,Food,1
2259,1200,Healthcare,Cheng Xianfeng,54.0,China,Hefei,Pharmaceuticals,Healthcare,China,,True,D,M,12/1/1968 0:00,Cheng,Xianfeng,Founder & Entrepreneur,4/4/2023 5:01,,,1968.0,12.0,1.0,125.08,2.9,"$19,910,000,000,000 ",50.6,100.2,77.0,9.4,59.2,1397715000.0,35.86166,104.195397,Pharmaceuticals,1
2259,1200,Fashion & Retail,Chung Yong-jin,54.0,South Korea,Seoul,Retail,Fashion & Retail,South Korea,Shinsegae,False,D,M,9/19/1968 0:00,Chung,Yong-jin,Heir & Major Shareholder,4/4/2023 5:01,,,1968.0,9.0,19.0,115.16,0.4,"$2,029,000,000,000 ",94.3,98.1,82.6,15.6,33.2,51709098.0,35.907757,127.766922,"Retail, Shinsegae",2
2259,1200,Service,Darwin Deason,82.0,United States,Dallas,Software,Service,United States,,True,D,M,5/14/1940 0:00,Deason,Darwin,Founder & Entrepreneur,4/4/2023 5:01,Texas,South,1940.0,5.0,14.0,117.24,7.5,"$21,427,700,000,000 ",88.2,101.8,78.5,9.6,36.6,328239523.0,37.09024,-95.712891,Software,1
2259,1200,Fashion & Retail,Diego Della Valle,69.0,Italy,Sant'' Elpidio A Mare,Shoes,Fashion & Retail,Italy,,False,D,M,12/30/1953 0:00,Della Valle,Diego,Heir & Major Shareholder,4/4/2023 5:01,,,1953.0,12.0,30.0,110.62,0.6,"$2,001,244,392,042 ",61.9,101.9,82.9,24.3,59.1,60297396.0,41.87194,12.56738,Shoes,1
2259,1200,Manufacturing,Ashwin Desai,71.0,India,Surat,Specialty chemicals,Manufacturing,India,,True,N,M,9/18/1951 0:00,Desai,Ashwin,Founder & Entrepreneur,4/4/2023 5:01,,,1951.0,9.0,18.0,180.44,7.7,"$2,611,000,000,000 ",28.1,113.0,69.4,11.2,49.7,1366417754.0,20.593684,78.96288,Specialty chemicals,1
2259,1200,Media & Entertainment,Richard Desmond,71.0,United Kingdom,London,Publishing,Media & Entertainment,United Kingdom,,True,D,M,12/8/1951 0:00,Desmond,Richard,Founder & Entrepreneur,4/4/2023 5:01,,,1951.0,12.0,8.0,119.62,1.7,"$2,827,113,184,696 ",60.0,101.2,81.3,25.5,30.6,66834405.0,55.378051,-3.435973,Publishing,1
2259,1200,Fashion & Retail,Ding Shui Po,52.0,China,Quanzhou,"Sneakers, sportswear",Fashion & Retail,China,,False,D,M,11/1/1970 0:00,Ding,Shui Po,Heir & Major Shareholder & Sneakers,4/4/2023 5:01,,,1970.0,11.0,1.0,125.08,2.9,"$19,910,000,000,000 ",50.6,100.2,77.0,9.4,59.2,1397715000.0,35.86166,104.195397,"Sneakers, sportswear",2
2259,1200,Fashion & Retail,Sefik Yilmaz Dizdar,85.0,Turkey,Istanbul,Fashion retail,Fashion & Retail,Turkey,,True,U,M,3/16/1938 0:00,Dizdar,Sefik Yilmaz,Founder & Entrepreneur,4/4/2023 5:01,,,1938.0,3.0,16.0,234.44,15.2,"$754,411,708,203 ",23.9,93.2,77.4,17.9,42.3,83429615.0,38.963745,35.243322,Fashion retail,1
2259,1200,Media & Entertainment,Mathias Doepfner,60.0,Germany,Potsdam,Media,Media & Entertainment,Germany,,False,D,M,1/15/1963 0:00,Doepfner,Mathias,Heir & Major Shareholder,4/4/2023 5:01,,,1963.0,1.0,15.0,112.85,1.4,"$3,845,630,030,824 ",70.2,104.0,80.9,11.5,48.8,83132799.0,51.165691,10.451526,Media,1
2259,1200,Manufacturing,Farhad Ebrahimi,84.0,United States,Denver,Solar panels,Manufacturing,United States,,True,N,M,1/1/1939 0:00,Ebrahimi,Farhad,Founder & Entrepreneur,4/4/2023 5:01,Colorado,West,1939.0,1.0,1.0,117.24,7.5,"$21,427,700,000,000 ",88.2,101.8,78.5,9.6,36.6,328239523.0,37.09024,-95.712891,Solar panels,1
2259,1200,Diversified,Jose Roberto Ermirio de Moraes,65.0,Brazil,Sao Paulo,Diversified,Diversified,Brazil,,False,D,M,11/30/1957 0:00,Ermirio de Moraes,Jose Roberto,Heir & Major Shareholder,4/4/2023 5:01,,,1957.0,11.0,30.0,167.4,3.7,"$1,839,758,040,766 ",51.3,115.4,75.7,14.2,65.1,212559417.0,-14.235004,-51.92528,Diversified,10
2259,1200,Diversified,Jose Ermirio de Moraes Neto,70.0,Brazil,Sao Paulo,Diversified,Diversified,Brazil,,False,D,M,6/17/1952 0:00,Ermirio de Moraes Neto,Jose,Heir & Major Shareholder,4/4/2023 5:01,,,1952.0,6.0,17.0,167.4,3.7,"$1,839,758,040,766 ",51.3,115.4,75.7,14.2,65.1,212559417.0,-14.235004,-51.92528,Diversified,10
2259,1200,Manufacturing,Fang Hongbo,56.0,China,Shunde,Home appliances,Manufacturing,China,,True,D,M,1/1/1967 0:00,Fang,Hongbo,Founder & Entrepreneur,4/4/2023 5:01,,,1967.0,1.0,1.0,125.08,2.9,"$19,910,000,000,000 ",50.6,100.2,77.0,9.4,59.2,1397715000.0,35.86166,104.195397,Home appliances,1
2259,1200,Manufacturing,David Feffer,66.0,Brazil,São Paulo,Pulp and paper,Manufacturing,Brazil,,False,D,M,11/13/1956 0:00,Feffer,David,Heir & Major Shareholder & and,4/4/2023 5:01,,,1956.0,11.0,13.0,167.4,3.7,"$1,839,758,040,766 ",51.3,115.4,75.7,14.2,65.1,212559417.0,-14.235004,-51.92528,Pulp and paper,1
2259,1200,Manufacturing,Zsolt Felcsuti,51.0,Hungary,,Manufacturing,Manufacturing,Hungary,,True,N,M,5/26/1971 0:00,Felcsuti,Zsolt,Founder & Entrepreneur,4/4/2023 5:01,,,1971.0,5.0,26.0,121.64,3.3,"$160,967,157,504 ",48.5,100.8,75.8,23.0,37.9,9769949.0,47.162494,19.503304,Manufacturing,1
2259,1200,Fashion & Retail,Ben Francis,30.0,United Kingdom,Birmingham,Fitness clothing,Fashion & Retail,United Kingdom,,True,N,M,6/4/1992 0:00,Francis,Ben,Founder & Entrepreneur,4/4/2023 5:01,,,1992.0,6.0,4.0,119.62,1.7,"$2,827,113,184,696 ",60.0,101.2,81.3,25.5,30.6,66834405.0,55.378051,-3.435973,Fitness clothing,1
2259,1200,Fashion & Retail,Gary Friedman,65.0,United States,Belvedere,Furniture retail,Fashion & Retail,United States,,True,D,M,8/6/1957 0:00,Friedman,Gary,Founder & Entrepreneur,4/4/2023 5:01,California,West,1957.0,8.0,6.0,117.24,7.5,"$21,427,700,000,000 ",88.2,101.8,78.5,9.6,36.6,328239523.0,37.09024,-95.712891,Furniture retail,1
2259,1200,Metals & Mining,Dan Gertler,49.0,Israel,Bnei Brak,Mining,Metals & Mining,Israel,,False,E,M,12/23/1973 0:00,Gertler,Dan,Heir & Major Shareholder,4/4/2023 5:01,,,1973.0,12.0,23.0,108.15,0.8,"$395,098,666,122 ",63.4,104.9,82.8,23.1,25.3,9053300.0,31.046051,34.851612,Mining,1
2259,1200,Manufacturing,Balkrishan Goenka,56.0,India,Mumbai,Textiles,Manufacturing,India,,True,D,M,8/15/1966 0:00,Goenka,Balkrishan,Founder & Entrepreneur,4/4/2023 5:01,,,1966.0,8.0,15.0,180.44,7.7,"$2,611,000,000,000 ",28.1,113.0,69.4,11.2,49.7,1366417754.0,20.593684,78.96288,Textiles,1
2259,1200,Finance & Investments,Lawrence Golub,63.0,United States,New York,Private equity,Finance & Investments,United States,,True,E,M,10/3/1959 0:00,Golub,Lawrence,Founder & Lead Investor,4/4/2023 5:01,New York,Northeast,1959.0,10.0,3.0,117.24,7.5,"$21,427,700,000,000 ",88.2,101.8,78.5,9.6,36.6,328239523.0,37.09024,-95.712891,Private equity,1
2259,1200,Manufacturing,Saroj Rani Gupta,72.0,India,Delhi,Steel tubes,Manufacturing,India,,True,N,F,7/5/1950 0:00,Gupta,Saroj Rani,Founder & Entrepreneur,4/4/2023 5:01,,,1950.0,7.0,5.0,180.44,7.7,"$2,611,000,000,000 ",28.1,113.0,69.4,11.2,49.7,1366417754.0,20.593684,78.96288,Steel tubes,1
2259,1200,Technology,Anthony Hall,67.0,Australia,Melbourne,Technology,Technology,Australia,,True,N,M,6/27/1955 0:00,Hall,Anthony,Founder & Entrepreneur,4/4/2023 5:01,,,1955.0,6.0,27.0,119.8,1.6,"$1,392,680,589,329 ",113.1,100.3,82.7,23.0,47.4,25766605.0,-25.274398,133.775136,Technology,1
2259,1200,Construction & Engineering,Fahed Hariri,42.0,United Kingdom,London,"Construction, investments",Construction & Engineering,Lebanon,,False,E,M,12/29/1980 0:00,Hariri,Fahed,Heir & Major Shareholder & Construction,4/4/2023 5:01,,,1980.0,12.0,29.0,119.62,1.7,"$2,827,113,184,696 ",60.0,101.2,81.3,25.5,30.6,66834405.0,55.378051,-3.435973,"Construction, investments",2
2259,1200,Fashion & Retail,Richard Hayne,75.0,United States,Philadelphia,Urban Outfitters,Fashion & Retail,United States,Urban Outfitters Inc.,True,E,M,9/1/1947 0:00,Hayne,Richard,Chairman & President & Chief Executive Officer,4/4/2023 5:01,Pennsylvania,Northeast,1947.0,9.0,1.0,117.24,7.5,"$21,427,700,000,000 ",88.2,101.8,78.5,9.6,36.6,328239523.0,37.09024,-95.712891,"Urban Outfitters, Urban Outfitters Inc.",2
2259,1200,Finance & Investments,Michael Heine,73.0,Australia,Melbourne,Financial services,Finance & Investments,Australia,,True,E,M,11/1/1949 0:00,Heine,Michael,Founder & Entrepreneur,4/4/2023 5:01,,,1949.0,11.0,1.0,119.8,1.6,"$1,392,680,589,329 ",113.1,100.3,82.7,23.0,47.4,25766605.0,-25.274398,133.775136,Financial services,1
2259,1200,Technology,Orion Hindawi,43.0,United States,Seattle,Software,Technology,United States,Tanium,True,D,M,1/10/1980 0:00,Hindawi,Orion,CEO,4/4/2023 5:01,Washington,West,1980.0,1.0,10.0,117.24,7.5,"$21,427,700,000,000 ",88.2,101.8,78.5,9.6,36.6,328239523.0,37.09024,-95.712891,"Software, Tanium",2
2259,1200,Gambling & Casinos,Lawrence Ho,46.0,Hong Kong,Hong Kong,Casinos,Gambling & Casinos,Hong Kong,,False,R,M,1/16/1977 0:00,Ho,Lawrence,Heir & Major Shareholder,4/4/2023 5:01,,,1977.0,1.0,16.0,,,,,,,,,,,,Casinos,1
2259,1200,Fashion & Retail,Huang Guanlin,58.0,China,Ningbo,"Textiles, apparel",Fashion & Retail,China,,True,D,M,1/1/1965 0:00,Huang,Guanlin,Founder & Entrepreneur & Textiles,4/4/2023 5:01,,,1965.0,1.0,1.0,125.08,2.9,"$19,910,000,000,000 ",50.6,100.2,77.0,9.4,59.2,1397715000.0,35.86166,104.195397,"Textiles, apparel",2
2259,1200,Technology,Sam Hupert,68.0,Australia,Melbourne,Technology,Technology,Australia,,True,N,M,12/25/1954 0:00,Hupert,Sam,Founder & Entrepreneur,4/4/2023 5:01,,,1954.0,12.0,25.0,119.8,1.6,"$1,392,680,589,329 ",113.1,100.3,82.7,23.0,47.4,25766605.0,-25.274398,133.775136,Technology,1
2259,1200,Telecom,Mohammed Ibrahim,76.0,United Kingdom,London,Communications,Telecom,United Kingdom,Mo Ibrahim Foundation,True,E,M,5/3/1946 0:00,Ibrahim,Mohammed,Founder,4/4/2023 5:01,,,1946.0,5.0,3.0,119.62,1.7,"$2,827,113,184,696 ",60.0,101.2,81.3,25.5,30.6,66834405.0,55.378051,-3.435973,"Communications, Mo Ibrahim Foundation",2
2259,1200,Food & Beverage,Shirley Kao,66.0,Taiwan,Tainan,Food & beverage retailing,Food & Beverage,Taiwan,,False,E,F,9/2/1956 0:00,Kao,Shirley,Heir & Major Shareholder &,4/4/2023 5:01,,,1956.0,9.0,2.0,,,,,,,,,,,,Food & beverage retailing,1
2259,1200,Finance & Investments,David Kaplan,55.0,United States,Los Angeles,Finance,Finance & Investments,United States,,True,N,M,8/29/1967 0:00,Kaplan,David,Founder & Entrepreneur,4/4/2023 5:01,California,West,1967.0,8.0,29.0,117.24,7.5,"$21,427,700,000,000 ",88.2,101.8,78.5,9.6,36.6,328239523.0,37.09024,-95.712891,Finance,1
2259,1200,Fashion & Retail,Kim Kardashian,42.0,United States,Hidden Hills,"Shapewear, cosmetics, reality TV",Fashion & Retail,United States,,True,D,F,10/21/1980 0:00,Kardashian,Kim,Founder & Lead Investor & Shapewear & cosmetics & TV,4/4/2023 5:01,California,West,1980.0,10.0,21.0,117.24,7.5,"$21,427,700,000,000 ",88.2,101.8,78.5,9.6,36.6,328239523.0,37.09024,-95.712891,"Shapewear, cosmetics, reality TV",3
2259,1200,Manufacturing,Ke Guihua,57.0,China,Shanghai,Auto parts,Manufacturing,China,,True,U,M,10/13/1965 0:00,Ke,Guihua,Founder & Entrepreneur,4/4/2023 5:01,,,1965.0,10.0,13.0,125.08,2.9,"$19,910,000,000,000 ",50.6,100.2,77.0,9.4,59.2,1397715000.0,35.86166,104.195397,Auto parts,1
2259,1200,Healthcare,Ke Yunfeng & family,56.0,China,Guangzhou,Retailing,Healthcare,China,,True,U,M,1/1/1967 0:00,Ke,Yunfeng,Controlling Shareholder & (Family Estate),4/4/2023 5:01,,,1967.0,1.0,1.0,125.08,2.9,"$19,910,000,000,000 ",50.6,100.2,77.0,9.4,59.2,1397715000.0,35.86166,104.195397,Retailing,1
2259,1200,Real Estate,Alexander Klyachin,55.0,Russia,Moscow,Real estate,Real Estate,Russia,,True,R,M,5/18/1967 0:00,Klyachin,Alexander,Founder & Entrepreneur,4/4/2023 5:01,,,1967.0,5.0,18.0,180.75,4.5,"$1,699,876,578,871 ",81.9,102.6,72.7,11.4,46.2,144373535.0,61.52401,105.318756,Real estate,1
2259,1200,Manufacturing,Christine Knauf,,Germany,Berlin,Building materials,Manufacturing,Germany,,False,D,F,,Knauf,Christine,Heir & Major Shareholder,4/4/2023 5:01,,,,,,112.85,1.4,"$3,845,630,030,824 ",70.2,104.0,80.9,11.5,48.8,83132799.0,51.165691,10.451526,Building materials,1
2259,1200,Manufacturing,Karl Knauf,,Germany,Iphofen,Building materials,Manufacturing,Germany,,False,D,M,,Knauf,Karl,Heir & Major Shareholder,4/4/2023 5:01,,,,,,112.85,1.4,"$3,845,630,030,824 ",70.2,104.0,80.9,11.5,48.8,83132799.0,51.165691,10.451526,Building materials,1
2259,1200,Automotive,Suresh Krishna,86.0,India,Chennai,Auto parts,Automotive,India,,False,U,M,12/24/1936 0:00,Krishna,Suresh,Heir & Major Shareholder,4/4/2023 5:01,,,1936.0,12.0,24.0,180.44,7.7,"$2,611,000,000,000 ",28.1,113.0,69.4,11.2,49.7,1366417754.0,20.593684,78.96288,Auto parts,1
2259,1200,Media & Entertainment,Guy Laliberté,63.0,Canada,Montreal,Cirque du Soleil,Media & Entertainment,Canada,Cirque du Soleil,True,E,M,1/1/1960 0:00,Laliberté,Guy,Cofounder and CEO,4/4/2023 5:01,,,1960.0,1.0,1.0,116.76,1.9,"$1,736,425,629,520 ",68.9,100.9,81.9,12.8,24.5,36991981.0,56.130366,-106.346771,Cirque du Soleil,1
2259,1200,Technology,Lee Su-jin,45.0,South Korea,,Hospitality,Technology,South Korea,,True,N,M,2/1/1978 0:00,Lee,Su-jin,Founder & Entrepreneur,4/4/2023 5:01,,,1978.0,2.0,1.0,115.16,0.4,"$2,029,000,000,000 ",94.3,98.1,82.6,15.6,33.2,51709098.0,35.907757,127.766922,Hospitality,1
2259,1200,Manufacturing,Li Guoqing,53.0,China,Hangzhou,Petro Fibre,Manufacturing,China,,True,D,M,2/22/1970 0:00,Li,Guoqing,Founder & Entrepreneur,4/4/2023 5:01,,,1970.0,2.0,22.0,125.08,2.9,"$19,910,000,000,000 ",50.6,100.2,77.0,9.4,59.2,1397715000.0,35.86166,104.195397,Petro Fibre,1
2259,1200,Healthcare,Li Li,59.0,China,Shenzhen,Pharmaceuticals,Healthcare,China,,True,D,M,2/9/1964 0:00,Li,Li,Founder & Entrepreneur,4/4/2023 5:01,,,1964.0,2.0,9.0,125.08,2.9,"$19,910,000,000,000 ",50.6,100.2,77.0,9.4,59.2,1397715000.0,35.86166,104.195397,Pharmaceuticals,1
2259,1200,Healthcare,Li Ruiqiang,43.0,China,Beijing,Medical services,Healthcare,China,,True,D,M,11/1/1979 0:00,Li,Ruiqiang,Founder & Entrepreneur,4/4/2023 5:01,,,1979.0,11.0,1.0,125.08,2.9,"$19,910,000,000,000 ",50.6,100.2,77.0,9.4,59.2,1397715000.0,35.86166,104.195397,Medical services,1
2259,1200,Manufacturing,Zhen Li & family,59.0,China,Hefei,Lithium batteries,Manufacturing,China,,True,D,M,1/23/1964 0:00,Li,Zhen,Controlling Shareholder & (Family Estate),4/4/2023 5:01,,,1964.0,1.0,23.0,125.08,2.9,"$19,910,000,000,000 ",50.6,100.2,77.0,9.4,59.2,1397715000.0,35.86166,104.195397,Lithium batteries,1
2259,1200,Manufacturing,Guangwei Liang,59.0,China,Shenzhen,Conglomerate,Manufacturing,China,,True,D,M,9/1/1963 0:00,Liang,Guangwei,Founder & Entrepreneur,4/4/2023 5:01,,,1963.0,9.0,1.0,125.08,2.9,"$19,910,000,000,000 ",50.6,100.2,77.0,9.4,59.2,1397715000.0,35.86166,104.195397,Conglomerate,1
2259,1200,Energy,Liu Ming Hui,60.0,Hong Kong,Hong Kong,Natural gas distribution,Energy,China,,True,D,M,1/1/1963 0:00,Liu,Ming Hui,Founder & Entrepreneur & gas,4/4/2023 5:01,,,1963.0,1.0,1.0,,,,,,,,,,,,Natural gas distribution,1
2259,1200,Technology,Frederic Luddy,68.0,United States,San Diego,Software,Technology,United States,ServiceNow,True,D,M,11/24/1954 0:00,Luddy,Frederic,Founder and Chief Product Officer,4/4/2023 5:01,California,West,1954.0,11.0,24.0,117.24,7.5,"$21,427,700,000,000 ",88.2,101.8,78.5,9.6,36.6,328239523.0,37.09024,-95.712891,"ServiceNow, Software",2
2259,1200,Food & Beverage,"Cargill MacMillan, III.",63.0,United States,Boulder,Cargill,Food & Beverage,United States,,False,D,M,12/21/1959 0:00,MacMillan,Cargill,Heir & Major Shareholder,4/4/2023 5:01,Colorado,West,1959.0,12.0,21.0,117.24,7.5,"$21,427,700,000,000 ",88.2,101.8,78.5,9.6,36.6,328239523.0,37.09024,-95.712891,Cargill,1
2259,1200,Food & Beverage,John MacMillan,73.0,United States,Plymouth,Cargill,Food & Beverage,United States,,False,D,M,9/20/1949 0:00,MacMillan,John,Heir & Major Shareholder,4/4/2023 5:01,Minnesota,Midwest,1949.0,9.0,20.0,117.24,7.5,"$21,427,700,000,000 ",88.2,101.8,78.5,9.6,36.6,328239523.0,37.09024,-95.712891,Cargill,1
2259,1200,Food & Beverage,Martha MacMillan,71.0,United States,Orono,Cargill,Food & Beverage,United States,,False,D,F,10/1/1951 0:00,MacMillan,Martha,Heir & Major Shareholder,4/4/2023 5:01,Minnesota,Midwest,1951.0,10.0,1.0,117.24,7.5,"$21,427,700,000,000 ",88.2,101.8,78.5,9.6,36.6,328239523.0,37.09024,-95.712891,Cargill,1
2259,1200,Food & Beverage,William MacMillan,68.0,United States,Englewood,Cargill,Food & Beverage,United States,,False,D,M,5/25/1954 0:00,MacMillan,William,Heir & Major Shareholder,4/4/2023 5:01,Colorado,West,1954.0,5.0,25.0,117.24,7.5,"$21,427,700,000,000 ",88.2,101.8,78.5,9.6,36.6,328239523.0,37.09024,-95.712891,Cargill,1
2259,1200,Diversified,Keshub Mahindra,99.0,India,Mumbai,Diversified,Diversified,India,,False,R,M,10/9/1923 0:00,Mahindra,Keshub,Heir & Major Shareholder,4/4/2023 5:01,,,1923.0,10.0,9.0,180.44,7.7,"$2,611,000,000,000 ",28.1,113.0,69.4,11.2,49.7,1366417754.0,20.593684,78.96288,Diversified,10
2259,1200,Manufacturing,Mao Zhongwu,60.0,China,Changsha,Manufacturing,Manufacturing,China,,True,D,M,8/13/1962 0:00,Mao,Zhongwu,Founder & Entrepreneur,4/4/2023 5:01,,,1962.0,8.0,13.0,125.08,2.9,"$19,910,000,000,000 ",50.6,100.2,77.0,9.4,59.2,1397715000.0,35.86166,104.195397,Manufacturing,1
2259,1200,Construction & Engineering,Jorge Mas,60.0,United States,Miami,Construction,Construction & Engineering,United States,,False,U,M,2/28/1963 0:00,Mas,Jorge,Heir & Major Shareholder,4/4/2023 5:01,Florida,South,1963.0,2.0,28.0,117.24,7.5,"$21,427,700,000,000 ",88.2,101.8,78.5,9.6,36.6,328239523.0,37.09024,-95.712891,Construction,1
2259,1200,Diversified,Lorinc Meszaros,57.0,Hungary,Felcsút,Diversified,Diversified,Hungary,,True,E,M,2/25/1966 0:00,Meszaros,Lorinc,Founder & Entrepreneur,4/4/2023 5:01,,,1966.0,2.0,25.0,121.64,3.3,"$160,967,157,504 ",48.5,100.8,75.8,23.0,37.9,9769949.0,47.162494,19.503304,Diversified,10
2259,1200,Technology,Jeffrey Michael & family,66.0,United States,Minnetonka,Data management,Technology,United States,,True,U,M,7/18/1956 0:00,Michael,Jeffrey,Controlling Shareholder & (Family Estate),4/4/2023 5:01,Minnesota,Midwest,1956.0,7.0,18.0,117.24,7.5,"$21,427,700,000,000 ",88.2,101.8,78.5,9.6,36.6,328239523.0,37.09024,-95.712891,Data management,1
2259,1200,Healthcare,Alan Miller & family,85.0,United States,Lower Merion,Healthcare services,Healthcare,United States,,True,D,M,8/17/1937 0:00,Miller,Alan,Controlling Shareholder & (Family Estate),4/4/2023 5:01,Pennsylvania,Northeast,1937.0,8.0,17.0,117.24,7.5,"$21,427,700,000,000 ",88.2,101.8,78.5,9.6,36.6,328239523.0,37.09024,-95.712891,Healthcare services,1
2259,1200,Automotive,Ulrich Mommert & family,82.0,,,Lighting,Automotive,Austria,,True,E,M,1/11/1941 0:00,Mommert,Ulrich,Controlling Shareholder & (Family Estate),4/4/2023 5:01,,,1941.0,1.0,11.0,,,,,,,,,,,,Lighting,1
2259,1200,Diversified,Neide Helena de Moraes,68.0,Brazil,Sao Paulo,Diversified,Diversified,Brazil,,False,D,F,2/15/1955 0:00,Moraes,Neide Helena de,Heir & Major Shareholder,4/4/2023 5:01,,,1955.0,2.0,15.0,167.4,3.7,"$1,839,758,040,766 ",51.3,115.4,75.7,14.2,65.1,212559417.0,-14.235004,-51.92528,Diversified,10
2259,1200,Finance & Investments,Scott Nuttall,50.0,United States,New York,Private equity,Finance & Investments,United States,,True,U,M,11/25/1972 0:00,Nuttall,Scott,Founder & Entrepreneur,4/4/2023 5:01,New York,Northeast,1972.0,11.0,25.0,117.24,7.5,"$21,427,700,000,000 ",88.2,101.8,78.5,9.6,36.6,328239523.0,37.09024,-95.712891,Private equity,1
2259,1200,Manufacturing,Kailashchandra Nuwal,65.0,,,Industrial explosives,Manufacturing,India,,False,N,M,7/6/1957 0:00,Nuwal,Kailashchandra,Heir & Major Shareholder,4/4/2023 5:01,,,1957.0,7.0,6.0,,,,,,,,,,,,Industrial explosives,1
2259,1200,Food & Beverage,Axel Oberwelland & family,56.0,Germany,Berlin,Candy,Food & Beverage,Germany,,False,Split Family Fortune,M,1/1/1967 0:00,Oberwelland,Axel,Controlling Shareholder & (Family Estate),4/4/2023 5:01,,,1967.0,1.0,1.0,112.85,1.4,"$3,845,630,030,824 ",70.2,104.0,80.9,11.5,48.8,83132799.0,51.165691,10.451526,Candy,1
2259,1200,Technology,Jonathan Oringer,48.0,United States,Miami Beach,Stock photos,Technology,United States,,True,D,M,5/2/1974 0:00,Oringer,Jonathan,Founder & Entrepreneur,4/4/2023 5:01,Florida,South,1974.0,5.0,2.0,117.24,7.5,"$21,427,700,000,000 ",88.2,101.8,78.5,9.6,36.6,328239523.0,37.09024,-95.712891,Stock photos,1
2259,1200,Food & Beverage,Vitaly Orlov,58.0,Russia,Murmansk,Fisheries,Food & Beverage,Russia,,True,R,M,1/1/1965 0:00,Orlov,Vitaly,Founder & Entrepreneur,4/4/2023 5:01,,,1965.0,1.0,1.0,180.75,4.5,"$1,699,876,578,871 ",81.9,102.6,72.7,11.4,46.2,144373535.0,61.52401,105.318756,Fisheries,1
2259,1200,Real Estate,Jose Isaac Peres & family,82.0,Brazil,Rio de Janeiro,Shopping malls,Real Estate,Brazil,,True,U,M,7/18/1940 0:00,Peres,Jose Isaac,Controlling Shareholder & (Family Estate),4/4/2023 5:01,,,1940.0,7.0,18.0,167.4,3.7,"$1,839,758,040,766 ",51.3,115.4,75.7,14.2,65.1,212559417.0,-14.235004,-51.92528,Shopping malls,1
2259,1200,Media & Entertainment,Markus Persson,43.0,Sweden,Stockholm,Computer games,Media & Entertainment,Sweden,,True,D,M,6/1/1979 0:00,Persson,Markus,Founder & Entrepreneur,4/4/2023 5:01,,,1979.0,6.0,1.0,110.51,1.8,"$530,832,908,738 ",67.0,126.6,82.5,27.9,49.1,10285453.0,60.128161,18.643501,Computer games,1
2259,1200,Technology,Mark Pincus,57.0,United States,San Francisco,Online games,Technology,United States,Zynga Inc,True,D,M,2/13/1966 0:00,Pincus,Mark,Chairman,4/4/2023 5:01,California,West,1966.0,2.0,13.0,117.24,7.5,"$21,427,700,000,000 ",88.2,101.8,78.5,9.6,36.6,328239523.0,37.09024,-95.712891,"Online games, Zynga Inc",2
2259,1200,Diversified,Murdaya Poo,82.0,Indonesia,Jakarta,Diversified,Diversified,Indonesia,,False,E,M,1/12/1941 0:00,Poo,Murdaya,Heir & Major Shareholder,4/4/2023 5:01,,,1941.0,1.0,12.0,151.18,3.0,"$1,119,190,780,753 ",36.3,106.4,71.5,10.2,30.1,270203917.0,-0.789275,113.921327,Diversified,10
2259,1200,Healthcare,Forrest Preston,90.0,United States,Cleveland,Health care,Healthcare,United States,,True,D,M,3/22/1933 0:00,Preston,Forrest,Founder & Entrepreneur,4/4/2023 5:01,Tennessee,South,1933.0,3.0,22.0,117.24,7.5,"$21,427,700,000,000 ",88.2,101.8,78.5,9.6,36.6,328239523.0,37.09024,-95.712891,Health care,1
2259,1200,Food & Beverage,Qian Ying,57.0,China,Nanyang,Pig breeding,Food & Beverage,China,,True,D,F,1/1/1966 0:00,Qian,Ying,Founder & Entrepreneur & Pig,4/4/2023 5:01,,,1966.0,1.0,1.0,125.08,2.9,"$19,910,000,000,000 ",50.6,100.2,77.0,9.4,59.2,1397715000.0,35.86166,104.195397,Pig breeding,1
2259,1200,Manufacturing,Jimmy Rane,76.0,United States,Abbeville,Lumber,Manufacturing,United States,,True,N,M,9/15/1946 0:00,Rane,Jimmy,Founder & Entrepreneur,4/4/2023 5:01,Alabama,South,1946.0,9.0,15.0,117.24,7.5,"$21,427,700,000,000 ",88.2,101.8,78.5,9.6,36.6,328239523.0,37.09024,-95.712891,Lumber,1
2259,1200,Finance & Investments,Andrei Rappoport,59.0,Switzerland,Lugano,Investments,Finance & Investments,Russia,,True,E,M,6/22/1963 0:00,Rappoport,Andrei,Founder & Entrepreneur,4/4/2023 5:01,,,1963.0,6.0,22.0,99.55,0.4,"$703,082,435,360 ",59.6,105.2,83.6,10.1,28.8,8574832.0,46.818188,8.227512,Investments,1
2259,1200,Food & Beverage,Hugo Ribeiro & family,,Brazil,Rondonopolis,Agribusiness,Food & Beverage,Brazil,,False,Split Family Fortune,M,,Ribeiro,Hugo,Controlling Shareholder & (Family Estate),4/4/2023 5:01,,,,,,167.4,3.7,"$1,839,758,040,766 ",51.3,115.4,75.7,14.2,65.1,212559417.0,-14.235004,-51.92528,Agribusiness,1
2259,1200,Finance & Investments,Bennett Rosenthal,59.0,United States,Los Angeles,Finance,Finance & Investments,United States,,True,N,M,9/24/1963 0:00,Rosenthal,Bennett,Founder & Entrepreneur,4/4/2023 5:01,California,West,1963.0,9.0,24.0,117.24,7.5,"$21,427,700,000,000 ",88.2,101.8,78.5,9.6,36.6,328239523.0,37.09024,-95.712891,Finance,1
2259,1200,Real Estate,Atul Ruia,52.0,India,Mumbai,Real estate,Real Estate,India,,False,N,M,2/26/1971 0:00,Ruia,Atul,Heir & Major Shareholder,4/4/2023 5:01,,,1971.0,2.0,26.0,180.44,7.7,"$2,611,000,000,000 ",28.1,113.0,69.4,11.2,49.7,1366417754.0,20.593684,78.96288,Real estate,1
2259,1200,Finance & Investments,Thomas Sandell,62.0,United Kingdom,London,Hedge funds,Finance & Investments,Sweden,Sandell Asset Management,True,D,M,2/1/1961 0:00,Sandell,Thomas,Founder,4/4/2023 5:01,,,1961.0,2.0,1.0,119.62,1.7,"$2,827,113,184,696 ",60.0,101.2,81.3,25.5,30.6,66834405.0,55.378051,-3.435973,"Hedge funds, Sandell Asset Management",2
2259,1200,Food & Beverage,Francesco Saputo,,Canada,Montreal,Cheese,Food & Beverage,Canada,,False,N,M,,Saputo,Francesco,Heir & Major Shareholder,4/4/2023 5:01,,,,,,116.76,1.9,"$1,736,425,629,520 ",68.9,100.9,81.9,12.8,24.5,36991981.0,56.130366,-106.346771,Cheese,1
2259,1200,Construction & Engineering,Dhruv Sawhney,78.0,United Arab Emirates,Dubai,"Engineering, sugar",Construction & Engineering,India,,False,U,M,6/26/1944 0:00,Sawhney,Dhruv,Heir & Major Shareholder & Engineering,4/4/2023 5:01,,,1944.0,6.0,26.0,114.52,-1.9,"$421,142,267,938 ",36.8,108.4,77.8,0.1,15.9,9770529.0,23.424076,53.847818,"Engineering, sugar",2
2259,1200,Finance & Investments,Gerald Schwartz,81.0,Canada,Toronto,Finance,Finance & Investments,Canada,,True,D,M,11/24/1941 0:00,Schwartz,Gerald,Founder & Entrepreneur,4/4/2023 5:01,,,1941.0,11.0,24.0,116.76,1.9,"$1,736,425,629,520 ",68.9,100.9,81.9,12.8,24.5,36991981.0,56.130366,-106.346771,Finance,1
2259,1200,Fashion & Retail,Antonio Luiz Seabra,80.0,United Kingdom,London,Cosmetics,Fashion & Retail,Brazil,,True,D,M,1/1/1943 0:00,Seabra,Antonio Luiz,Founder & Entrepreneur,4/4/2023 5:01,,,1943.0,1.0,1.0,119.62,1.7,"$2,827,113,184,696 ",60.0,101.2,81.3,25.5,30.6,66834405.0,55.378051,-3.435973,Cosmetics,1
2259,1200,Technology,Eric Ya Shen,52.0,China,Guangzhou,Online apparel retail,Technology,China,,True,R,M,1/1/1971 0:00,Shen,Eric Ya,Founder & Entrepreneur,4/4/2023 5:01,,,1971.0,1.0,1.0,125.08,2.9,"$19,910,000,000,000 ",50.6,100.2,77.0,9.4,59.2,1397715000.0,35.86166,104.195397,Online apparel retail,1
2259,1200,Technology,Sytse 'Sid' Sijbrandij,43.0,United States,San Francisco,Software,Technology,Netherlands,,True,N,M,8/1/1979 0:00,Sijbrandij,Sytse 'Sid',Founder & Entrepreneur,4/4/2023 5:01,California,West,1979.0,8.0,1.0,117.24,7.5,"$21,427,700,000,000 ",88.2,101.8,78.5,9.6,36.6,328239523.0,37.09024,-95.712891,Software,1
2259,1200,Automotive,Alexander Sixt,43.0,Germany,Munich,Car rentals,Automotive,Germany,,False,D,M,10/24/1979 0:00,Sixt,Alexander,Heir & Major Shareholder & Car,4/4/2023 5:01,,,1979.0,10.0,24.0,112.85,1.4,"$3,845,630,030,824 ",70.2,104.0,80.9,11.5,48.8,83132799.0,51.165691,10.451526,Car rentals,1
2259,1200,Automotive,Konstantin Sixt,40.0,Germany,Munich,Car rentals,Automotive,Germany,,False,D,M,12/2/1982 0:00,Sixt,Konstantin,Heir & Major Shareholder & Car,4/4/2023 5:01,,,1982.0,12.0,2.0,112.85,1.4,"$3,845,630,030,824 ",70.2,104.0,80.9,11.5,48.8,83132799.0,51.165691,10.451526,Car rentals,1
2259,1200,Energy,Edwin Soeryadjaya,73.0,Indonesia,Jakarta,"Coal, investments",Energy,Indonesia,,False,D,M,7/17/1949 0:00,Soeryadjaya,Edwin,Heir & Major Shareholder & Coal,4/4/2023 5:01,,,1949.0,7.0,17.0,151.18,3.0,"$1,119,190,780,753 ",36.3,106.4,71.5,10.2,30.1,270203917.0,-0.789275,113.921327,"Coal, investments",2
2259,1200,Healthcare,Abhay Soi,49.0,India,Mumbai,Healthcare,Healthcare,India,,True,N,M,8/19/1973 0:00,Soi,Abhay,Founder & Entrepreneur,4/4/2023 5:01,,,1973.0,8.0,19.0,180.44,7.7,"$2,611,000,000,000 ",28.1,113.0,69.4,11.2,49.7,1366417754.0,20.593684,78.96288,Healthcare,1
2259,1200,Technology,Mike Speiser,52.0,United Kingdom,London,Software,Technology,United States,Sutter Hill Ventures,True,U,M,1/25/1971 0:00,Speiser,Mike,Founder & Lead Investor,4/4/2023 5:01,,,1971.0,1.0,25.0,119.62,1.7,"$2,827,113,184,696 ",60.0,101.2,81.3,25.5,30.6,66834405.0,55.378051,-3.435973,"Software, Sutter Hill Ventures",2
2259,1200,Construction & Engineering,Marco Squinzi,51.0,Italy,Milan,Chemical products,Construction & Engineering,Italy,,False,D,M,9/23/1971 0:00,Squinzi,Marco,Heir & Major Shareholder,4/4/2023 5:01,,,1971.0,9.0,23.0,110.62,0.6,"$2,001,244,392,042 ",61.9,101.9,82.9,24.3,59.1,60297396.0,41.87194,12.56738,Chemical products,1
2259,1200,Construction & Engineering,Veronica Squinzi,51.0,Italy,Milan,Chemical products,Construction & Engineering,Italy,,False,D,F,1/1/1972 0:00,Squinzi,Veronica,Heir & Major Shareholder,4/4/2023 5:01,,,1972.0,1.0,1.0,110.62,0.6,"$2,001,244,392,042 ",61.9,101.9,82.9,24.3,59.1,60297396.0,41.87194,12.56738,Chemical products,1
2259,1200,Finance & Investments,Michael Steinhardt,82.0,United States,Mount Kisco,Hedge funds,Finance & Investments,United States,,True,E,M,12/7/1940 0:00,Steinhardt,Michael,Founder & Entrepreneur,4/4/2023 5:01,New York,Northeast,1940.0,12.0,7.0,117.24,7.5,"$21,427,700,000,000 ",88.2,101.8,78.5,9.6,36.6,328239523.0,37.09024,-95.712891,Hedge funds,1
2259,1200,Technology,Ion Stoica,58.0,United States,Berkeley,Data analytics,Technology,Romania,,True,D,M,2/12/1965 0:00,Stoica,Ion,Founder & Entrepreneur,4/4/2023 5:01,California,West,1965.0,2.0,12.0,117.24,7.5,"$21,427,700,000,000 ",88.2,101.8,78.5,9.6,36.6,328239523.0,37.09024,-95.712891,Data analytics,1
2259,1200,Metals & Mining,Eddy Sugianto,77.0,Indonesia,Jakarta,Coal,Metals & Mining,Indonesia,,True,N,M,2/11/1946 0:00,Sugianto,Eddy,Founder & Entrepreneur,4/4/2023 5:01,,,1946.0,2.0,11.0,151.18,3.0,"$1,119,190,780,753 ",36.3,106.4,71.5,10.2,30.1,270203917.0,-0.789275,113.921327,Coal,1
2259,1200,Manufacturing,Luc Tack,61.0,Belgium,Deinze,"Textile, chemicals",Manufacturing,Belgium,,True,E,M,9/1/1961 0:00,Tack,Luc,Founder & Entrepreneur & Textile,4/4/2023 5:01,,,1961.0,9.0,1.0,117.11,1.4,"$529,606,710,418 ",79.7,103.9,81.6,24.0,55.4,11484055.0,50.503887,4.469936,"Textile, chemicals",2
2259,1200,Food & Beverage,Tony Tan Caktiong,70.0,Philippines,Manila,Food,Food & Beverage,Philippines,,True,D,M,1/5/1953 0:00,Tan Caktiong,Tony,Founder & Entrepreneur,4/4/2023 5:01,,,1953.0,1.0,5.0,129.61,2.5,"$376,795,508,680 ",35.5,107.5,71.1,14.0,43.1,108116615.0,12.879721,121.774017,Food,1
2259,1200,Manufacturing,Xiuguo Tang,59.0,China,Changsha,Manufacturing,Manufacturing,China,,True,U,M,8/25/1963 0:00,Tang,Xiuguo,Founder & Entrepreneur,4/4/2023 5:01,,,1963.0,8.0,25.0,125.08,2.9,"$19,910,000,000,000 ",50.6,100.2,77.0,9.4,59.2,1397715000.0,35.86166,104.195397,Manufacturing,1
2259,1200,Real Estate,Sam Tarascio,78.0,Australia,Melbourne,Real estate,Real Estate,Australia,,True,E,M,7/22/1944 0:00,Tarascio,Sam,Founder & Entrepreneur,4/4/2023 5:01,,,1944.0,7.0,22.0,119.8,1.6,"$1,392,680,589,329 ",113.1,100.3,82.7,23.0,47.4,25766605.0,-25.274398,133.775136,Real estate,1
2259,1200,Finance & Investments,Lina Tombolato,75.0,Italy,Tombolo,Financial services,Finance & Investments,Italy,,False,D,F,7/28/1947 0:00,Tombolato,Lina,Heir & Major Shareholder,4/4/2023 5:01,,,1947.0,7.0,28.0,110.62,0.6,"$2,001,244,392,042 ",61.9,101.9,82.9,24.3,59.1,60297396.0,41.87194,12.56738,Financial services,1
2259,1200,Manufacturing,Ching Bor Tung,60.0,China,Dongguan,Manufacturing,Manufacturing,China,,True,D,M,1/1/1963 0:00,Tung,Ching Bor,Founder & Entrepreneur,4/4/2023 5:01,,,1963.0,1.0,1.0,125.08,2.9,"$19,910,000,000,000 ",50.6,100.2,77.0,9.4,59.2,1397715000.0,35.86166,104.195397,Manufacturing,1
2259,1200,Media & Entertainment,Joop van den Ende,81.0,Netherlands,Baarn,TV shows,Media & Entertainment,Netherlands,,True,D,M,2/23/1942 0:00,van den Ende,Joop,Founder & Entrepreneur & TV,4/4/2023 5:01,,,1942.0,2.0,23.0,115.91,2.6,"$909,070,395,161 ",85.0,104.2,81.8,23.0,41.2,17332850.0,52.132633,5.291266,TV shows,1
2259,1200,Finance & Investments,Ruben Vardanyan & family,54.0,Armenia,Erevan,Investment banking,Finance & Investments,Armenia,,True,R,M,5/25/1968 0:00,Vardanyan,Ruben,Controlling Shareholder & (Family Estate),4/4/2023 5:01,,,1968.0,5.0,25.0,129.18,1.4,"$13,672,802,158 ",54.6,92.7,74.9,20.9,22.6,2957731.0,40.069099,45.038189,Investment banking,1
2259,1200,Fashion & Retail,Sandro Veronesi & family,63.0,Italy,Milan,Fashion,Fashion & Retail,Italy,,True,D,M,10/18/1959 0:00,Veronesi,Sandro,Controlling Shareholder & (Family Estate),4/4/2023 5:01,,,1959.0,10.0,18.0,110.62,0.6,"$2,001,244,392,042 ",61.9,101.9,82.9,24.3,59.1,60297396.0,41.87194,12.56738,Fashion,1
2259,1200,Real Estate,Thongma Vijitpongpun,65.0,Thailand,Bangkok,Real estate,Real Estate,Thailand,,True,E,M,7/8/1957 0:00,Vijitpongpun,Thongma,Founder & Entrepreneur,4/4/2023 5:01,,,1957.0,7.0,8.0,113.27,0.7,"$543,649,976,166 ",49.3,99.8,76.9,14.9,29.5,69625582.0,15.870032,100.992541,Real estate,1
2259,1200,Finance & Investments,Thomas von Koch,57.0,Hong Kong,Hong Kong,Asset management,Finance & Investments,Sweden,,True,D,M,3/24/1966 0:00,von Koch,Thomas,Founder & Entrepreneur,4/4/2023 5:01,,,1966.0,3.0,24.0,,,,,,,,,,,,Asset management,1
2259,1200,Healthcare,Wang Fuji,,China,Zhangzhou,Pharmaceuticals,Healthcare,China,,True,D,M,,Wang,Fuji,Founder & Entrepreneur,4/4/2023 5:01,,,,,,125.08,2.9,"$19,910,000,000,000 ",50.6,100.2,77.0,9.4,59.2,1397715000.0,35.86166,104.195397,Pharmaceuticals,1
2259,1200,Manufacturing,Wang Shih-Chung,61.0,Taiwan,Taipei,Pneumatic equipments,Manufacturing,Taiwan,,True,N,M,1/1/1962 0:00,Wang,Shih-Chung,Founder & Entrepreneur,4/4/2023 5:01,,,1962.0,1.0,1.0,,,,,,,,,,,,Pneumatic equipments,1
2259,1200,Manufacturing,Wang Xiaoshen,54.0,China,Urumchi,Lithium,Manufacturing,China,,True,D,M,10/1/1968 0:00,Wang,Xiaoshen,Founder & Entrepreneur,4/4/2023 5:01,,,1968.0,10.0,1.0,125.08,2.9,"$19,910,000,000,000 ",50.6,100.2,77.0,9.4,59.2,1397715000.0,35.86166,104.195397,Lithium,1
2259,1200,Diversified,J. Wayne Weaver,87.0,United States,Jacksonville,Shoes,Diversified,United States,,True,E,M,9/1/1935 0:00,Weaver,J. Wayne,Founder & Entrepreneur,4/4/2023 5:01,Florida,South,1935.0,9.0,1.0,117.24,7.5,"$21,427,700,000,000 ",88.2,101.8,78.5,9.6,36.6,328239523.0,37.09024,-95.712891,Shoes,1
2259,1200,Food & Beverage,Drorit Wertheim,67.0,Israel,Bnei Atarot,Coca Cola Israel,Food & Beverage,Israel,,False,D,F,1/1/1956 0:00,Wertheim,Drorit,Heir & Major Shareholder,4/4/2023 5:01,,,1956.0,1.0,1.0,108.15,0.8,"$395,098,666,122 ",63.4,104.9,82.8,23.1,25.3,9053300.0,31.046051,34.851612,Coca Cola Israel,1
2259,1200,Finance & Investments,Cameron Winklevoss,41.0,United States,New York,Cryptocurrency,Finance & Investments,United States,,True,D,M,8/21/1981 0:00,Winklevoss,Cameron,Founder & Entrepreneur,4/4/2023 5:01,New York,Northeast,1981.0,8.0,21.0,117.24,7.5,"$21,427,700,000,000 ",88.2,101.8,78.5,9.6,36.6,328239523.0,37.09024,-95.712891,Cryptocurrency,1
2259,1200,Finance & Investments,Tyler Winklevoss,41.0,United States,New York,Cryptocurrency,Finance & Investments,United States,,True,D,M,8/21/1981 0:00,Winklevoss,Tyler,Founder & Entrepreneur,4/4/2023 5:01,New York,Northeast,1981.0,8.0,21.0,117.24,7.5,"$21,427,700,000,000 ",88.2,101.8,78.5,9.6,36.6,328239523.0,37.09024,-95.712891,Cryptocurrency,1
2259,1200,Manufacturing,Wu Chung-yi,67.0,Taiwan,Chang Hwa County,Manufacturing,Manufacturing,Taiwan,,False,E,M,7/1/1955 0:00,Wu,Chung-yi,Heir & Major Shareholder,4/4/2023 5:01,,,1955.0,7.0,1.0,,,,,,,,,,,,Manufacturing,1
2259,1200,Finance & Investments,Eugene Wu,77.0,Taiwan,Taipei,Finance,Finance & Investments,Taiwan,,False,D,M,5/3/1945 0:00,Wu,Eugene,Heir & Major Shareholder,4/4/2023 5:01,,,1945.0,5.0,3.0,,,,,,,,,,,,Finance,1
2259,1200,Fashion & Retail,Wu Yonghua,52.0,China,Xiamen,Apparel,Fashion & Retail,China,,True,U,M,1/1/1971 0:00,Wu,Yonghua,Founder & Entrepreneur,4/4/2023 5:01,,,1971.0,1.0,1.0,125.08,2.9,"$19,910,000,000,000 ",50.6,100.2,77.0,9.4,59.2,1397715000.0,35.86166,104.195397,Apparel,1
2259,1200,Manufacturing,Xia Xinde,58.0,China,Guangzhou,Batteries,Manufacturing,China,,True,U,M,10/15/1964 0:00,Xia,Xinde,Founder & Entrepreneur,4/4/2023 5:01,,,1964.0,10.0,15.0,125.08,2.9,"$19,910,000,000,000 ",50.6,100.2,77.0,9.4,59.2,1397715000.0,35.86166,104.195397,Batteries,1
2259,1200,Manufacturing,Wenbo Xiang,60.0,China,Changsha,Manufacturing,Manufacturing,China,,True,D,M,6/21/1962 0:00,Xiang,Wenbo,Founder & Entrepreneur,4/4/2023 5:01,,,1962.0,6.0,21.0,125.08,2.9,"$19,910,000,000,000 ",50.6,100.2,77.0,9.4,59.2,1397715000.0,35.86166,104.195397,Manufacturing,1
2259,1200,Food & Beverage,Xu Jin,58.0,China,Huaibei city,Wine,Food & Beverage,China,,True,D,M,1/24/1965 0:00,Xu,Jin,Founder & Entrepreneur,4/4/2023 5:01,,,1965.0,1.0,24.0,125.08,2.9,"$19,910,000,000,000 ",50.6,100.2,77.0,9.4,59.2,1397715000.0,35.86166,104.195397,Wine,1
2259,1200,Manufacturing,Xu Shijun & family,60.0,China,Nantong,Manufacturing,Manufacturing,China,,True,D,M,3/1/1963 0:00,Xu,Shijun,Controlling Shareholder & (Family Estate),4/4/2023 5:01,,,1963.0,3.0,1.0,125.08,2.9,"$19,910,000,000,000 ",50.6,100.2,77.0,9.4,59.2,1397715000.0,35.86166,104.195397,Manufacturing,1
2259,1200,Service,Wanmao Xu,78.0,China,Ningbo,Education,Service,China,,True,D,M,1/1/1945 0:00,Xu,Wanmao,Founder & Entrepreneur,4/4/2023 5:01,,,1945.0,1.0,1.0,125.08,2.9,"$19,910,000,000,000 ",50.6,100.2,77.0,9.4,59.2,1397715000.0,35.86166,104.195397,Education,1
2259,1200,Manufacturing,Xu Yuejuan,61.0,China,Hangzhou,Petro Fibre,Manufacturing,China,,True,D,F,1/24/1962 0:00,Xu,Yuejuan,Founder & Entrepreneur,4/4/2023 5:01,,,1962.0,1.0,24.0,125.08,2.9,"$19,910,000,000,000 ",50.6,100.2,77.0,9.4,59.2,1397715000.0,35.86166,104.195397,Petro Fibre,1
2259,1200,Healthcare,Vadim Yakunin,60.0,Russia,Moscow,Pharmacy,Healthcare,Russia,,True,R,M,1/5/1963 0:00,Yakunin,Vadim,Founder & Entrepreneur,4/4/2023 5:01,,,1963.0,1.0,5.0,180.75,4.5,"$1,699,876,578,871 ",81.9,102.6,72.7,11.4,46.2,144373535.0,61.52401,105.318756,Pharmacy,1
2259,1200,Fashion & Retail,Yang Yunyun,46.0,China,Guangzhou,Retail,Fashion & Retail,China,,True,R,F,1/1/1977 0:00,Yang,Yunyun,Founder & Entrepreneur,4/4/2023 5:01,,,1977.0,1.0,1.0,125.08,2.9,"$19,910,000,000,000 ",50.6,100.2,77.0,9.4,59.2,1397715000.0,35.86166,104.195397,Retail,1
2259,1200,Technology,Matei Zaharia,37.0,United States,Berkeley,Data analytics,Technology,Romania,,True,D,M,4/21/1985 0:00,Zaharia,Matei,Founder & Entrepreneur,4/4/2023 5:01,California,West,1985.0,4.0,21.0,117.24,7.5,"$21,427,700,000,000 ",88.2,101.8,78.5,9.6,36.6,328239523.0,37.09024,-95.712891,Data analytics,1
2259,1200,Diversified,Zan Shengda,60.0,China,Nantong,Diversified,Diversified,China,,True,D,M,4/2/1963 0:00,Zan,Shengda,Founder & Entrepreneur,4/4/2023 5:01,,,1963.0,4.0,2.0,125.08,2.9,"$19,910,000,000,000 ",50.6,100.2,77.0,9.4,59.2,1397715000.0,35.86166,104.195397,Diversified,10
2259,1200,Technology,Zhang Xuezheng,47.0,China,Jiaxing,Telecom,Technology,China,,True,D,M,6/1/1975 0:00,Zhang,Xuezheng,Founder & Entrepreneur,4/4/2023 5:01,,,1975.0,6.0,1.0,125.08,2.9,"$19,910,000,000,000 ",50.6,100.2,77.0,9.4,59.2,1397715000.0,35.86166,104.195397,Telecom,1
2259,1200,Manufacturing,Zhang Yin,66.0,China,Dongguan,Paper manufacturing,Manufacturing,China,,True,D,F,2/1/1957 0:00,Zhang,Yin,Founder & Entrepreneur,4/4/2023 5:01,,,1957.0,2.0,1.0,125.08,2.9,"$19,910,000,000,000 ",50.6,100.2,77.0,9.4,59.2,1397715000.0,35.86166,104.195397,Paper manufacturing,1
2259,1200,Healthcare,Ning Zhao,56.0,China,Shanghai,Pharmaceuticals,Healthcare,United States,,True,Split Family Fortune,F,1/1/1967 0:00,Zhao,Ning,Founder & Entrepreneur,4/4/2023 5:01,,,1967.0,1.0,1.0,125.08,2.9,"$19,910,000,000,000 ",50.6,100.2,77.0,9.4,59.2,1397715000.0,35.86166,104.195397,Pharmaceuticals,1
2259,1200,Manufacturing,Zhou Wen & family,58.0,China,Shanghai,Chemicals,Manufacturing,China,,True,U,M,3/6/1965 0:00,Zhou,Wen,Controlling Shareholder & (Family Estate),4/4/2023 5:01,,,1965.0,3.0,6.0,125.08,2.9,"$19,910,000,000,000 ",50.6,100.2,77.0,9.4,59.2,1397715000.0,35.86166,104.195397,Chemicals,1
2259,1200,Construction & Engineering,Zhu Xingliang,63.0,China,Suzhou,Construction,Construction & Engineering,China,,True,D,M,5/1/1959 0:00,Zhu,Xingliang,Founder & Entrepreneur,4/4/2023 5:01,,,1959.0,5.0,1.0,125.08,2.9,"$19,910,000,000,000 ",50.6,100.2,77.0,9.4,59.2,1397715000.0,35.86166,104.195397,Construction,1
2405,1100,Fashion & Retail,Hari Krishan Agarwal,66.0,India,Delhi,Sports shoes,Fashion & Retail,India,,True,N,M,4/5/1956 0:00,Agarwal,Hari Krishan,Founder & Entrepreneur,4/4/2023 5:01,,,1956.0,4.0,5.0,180.44,7.7,"$2,611,000,000,000 ",28.1,113.0,69.4,11.2,49.7,1366417754.0,20.593684,78.96288,Sports shoes,1
2405,1100,Energy,Farkhad Akhmedov,67.0,Russia,Moscow,Investments,Energy,Russia,,True,D,M,9/15/1955 0:00,Akhmedov,Farkhad,Founder & Entrepreneur,4/4/2023 5:01,,,1955.0,9.0,15.0,180.75,4.5,"$1,699,876,578,871 ",81.9,102.6,72.7,11.4,46.2,144373535.0,61.52401,105.318756,Investments,1
2405,1100,Healthcare,Prem Kumar Arora,84.0,,,Pharmaceuticals,Healthcare,India,,False,N,M,9/11/1938 0:00,Arora,Prem Kumar,Heir & Major Shareholder,4/4/2023 5:01,,,1938.0,9.0,11.0,,,,,,,,,,,,Pharmaceuticals,1
2405,1100,Finance & Investments,Joseph Bae,51.0,United States,New York,Private equity,Finance & Investments,United States,,True,N,M,1/12/1972 0:00,Bae,Joseph,Founder & Entrepreneur,4/4/2023 5:01,New York,Northeast,1972.0,1.0,12.0,117.24,7.5,"$21,427,700,000,000 ",88.2,101.8,78.5,9.6,36.6,328239523.0,37.09024,-95.712891,Private equity,1
2405,1100,Food & Beverage,Abigail Bennett,42.0,United States,Rochester,Liquor,Food & Beverage,United States,,False,Split Family Fortune,F,12/27/1980 0:00,Bennett,Abigail,Heir & Major Shareholder,4/4/2023 5:01,New York,Northeast,1980.0,12.0,27.0,117.24,7.5,"$21,427,700,000,000 ",88.2,101.8,78.5,9.6,36.6,328239523.0,37.09024,-95.712891,Liquor,1
2405,1100,Fashion & Retail,Sara Blakely,52.0,United States,Atlanta,Spanx,Fashion & Retail,United States,Spanx,True,E,F,2/27/1971 0:00,Blakely,Sara,Founder,4/4/2023 5:01,Georgia,South,1971.0,2.0,27.0,117.24,7.5,"$21,427,700,000,000 ",88.2,101.8,78.5,9.6,36.6,328239523.0,37.09024,-95.712891,Spanx,1
2405,1100,Finance & Investments,Lloyd Blankfein,68.0,United States,New York,Banking,Finance & Investments,United States,Goldman Sachs Group,True,E,M,9/20/1954 0:00,Blankfein,Lloyd,CEO,4/4/2023 5:01,New York,Northeast,1954.0,9.0,20.0,117.24,7.5,"$21,427,700,000,000 ",88.2,101.8,78.5,9.6,36.6,328239523.0,37.09024,-95.712891,"Banking, Goldman Sachs Group",2
2405,1100,Diversified,Henadiy Boholyubov,61.0,Ukraine,Dnipro,"Banking, investments",Diversified,Ukraine,,True,E,M,1/1/1962 0:00,Boholyubov,Henadiy,Founder & Entrepreneur & Banking,4/4/2023 5:01,,,1962.0,1.0,1.0,281.66,7.9,"$153,781,069,118 ",82.7,99.0,71.6,20.1,45.2,44385155.0,48.379433,31.16558,"Banking, investments",2
2405,1100,Real Estate,Stephane Bonvin,56.0,Switzerland,Lens,Real estate,Real Estate,Switzerland,,True,D,M,1/1/1967 0:00,Bonvin,Stephane,Founder & Entrepreneur,4/4/2023 5:01,,,1967.0,1.0,1.0,99.55,0.4,"$703,082,435,360 ",59.6,105.2,83.6,10.1,28.8,8574832.0,46.818188,8.227512,Real estate,1
2405,1100,Diversified,Oleg Boyko,58.0,Switzerland,Lipperswil,Diversified,Diversified,Russia,,True,D,M,9/28/1964 0:00,Boyko,Oleg,Founder & Entrepreneur,4/4/2023 5:01,,,1964.0,9.0,28.0,99.55,0.4,"$703,082,435,360 ",59.6,105.2,83.6,10.1,28.8,8574832.0,46.818188,8.227512,Diversified,10
2405,1100,Technology,Ryan Breslow,28.0,United States,Miami,E-commerce software,Technology,United States,Bolt,True,D,M,5/20/1994 0:00,Breslow,Ryan,Founder & Lead Investor,4/4/2023 5:01,Florida,South,1994.0,5.0,20.0,117.24,7.5,"$21,427,700,000,000 ",88.2,101.8,78.5,9.6,36.6,328239523.0,37.09024,-95.712891,"Bolt, E-commerce software",2
2405,1100,Fashion & Retail,Thomas Bruch,72.0,Germany,St. Wendel,Retail,Fashion & Retail,Germany,,False,D,M,4/25/1950 0:00,Bruch,Thomas,Heir & Major Shareholder,4/4/2023 5:01,,,1950.0,4.0,25.0,112.85,1.4,"$3,845,630,030,824 ",70.2,104.0,80.9,11.5,48.8,83132799.0,51.165691,10.451526,Retail,1
2405,1100,Technology,Marina Budiman,61.0,Indonesia,Jakarta,Data centers,Technology,Indonesia,,True,D,F,9/5/1961 0:00,Budiman,Marina,Founder & Entrepreneur,4/4/2023 5:01,,,1961.0,9.0,5.0,151.18,3.0,"$1,119,190,780,753 ",36.3,106.4,71.5,10.2,30.1,270203917.0,-0.789275,113.921327,Data centers,1
2405,1100,Food & Beverage,Pradip Burman,80.0,India,Delhi,Consumer goods,Food & Beverage,India,,False,D,M,11/2/1942 0:00,Burman,Pradip,Heir & Major Shareholder,4/4/2023 5:01,,,1942.0,11.0,2.0,180.44,7.7,"$2,611,000,000,000 ",28.1,113.0,69.4,11.2,49.7,1366417754.0,20.593684,78.96288,Consumer goods,1
2405,1100,Healthcare,Cai Hongbin,,China,Lianyungang,Pharmaceuticals,Healthcare,China,,True,D,M,,Cai,Hongbin,Founder & Entrepreneur,4/4/2023 5:01,,,,,,125.08,2.9,"$19,910,000,000,000 ",50.6,100.2,77.0,9.4,59.2,1397715000.0,35.86166,104.195397,Pharmaceuticals,1
2405,1100,Manufacturing,Cao Kejian,60.0,China,Quzhou,Air compressors,Manufacturing,China,,True,E,M,4/10/1962 0:00,Cao,Kejian,Founder & Entrepreneur & Air,4/4/2023 5:01,,,1962.0,4.0,10.0,125.08,2.9,"$19,910,000,000,000 ",50.6,100.2,77.0,9.4,59.2,1397715000.0,35.86166,104.195397,Air compressors,1
2405,1100,Food & Beverage,Giuliana Caprotti,82.0,Italy,Milan,Supermarkets,Food & Beverage,Italy,,False,D,F,11/21/1940 0:00,Caprotti,Giuliana,Heir & Major Shareholder,4/4/2023 5:01,,,1940.0,11.0,21.0,110.62,0.6,"$2,001,244,392,042 ",61.9,101.9,82.9,24.3,59.1,60297396.0,41.87194,12.56738,Supermarkets,1
2405,1100,Food & Beverage,Marina Caprotti,45.0,Italy,Milan,Supermarkets,Food & Beverage,Italy,,False,D,F,1/17/1978 0:00,Caprotti,Marina,Heir & Major Shareholder,4/4/2023 5:01,,,1978.0,1.0,17.0,110.62,0.6,"$2,001,244,392,042 ",61.9,101.9,82.9,24.3,59.1,60297396.0,41.87194,12.56738,Supermarkets,1
2405,1100,Technology,Chang Jing,40.0,China,Beijing,Technology,Technology,China,,True,D,M,8/1/1982 0:00,Chang,Jing,Founder & Entrepreneur,4/4/2023 5:01,,,1982.0,8.0,1.0,125.08,2.9,"$19,910,000,000,000 ",50.6,100.2,77.0,9.4,59.2,1397715000.0,35.86166,104.195397,Technology,1
2405,1100,Healthcare,Chen Baohua,61.0,China,Linhai,Pharmaceutical,Healthcare,China,,True,D,M,1/1/1962 0:00,Chen,Baohua,Founder & Entrepreneur,4/4/2023 5:01,,,1962.0,1.0,1.0,125.08,2.9,"$19,910,000,000,000 ",50.6,100.2,77.0,9.4,59.2,1397715000.0,35.86166,104.195397,Pharmaceutical,1
2405,1100,Energy,Gang Chen,55.0,China,Guangzhou,Solar energy,Energy,China,,True,D,M,1/1/1968 0:00,Chen,Gang,Founder & Entrepreneur,4/4/2023 5:01,,,1968.0,1.0,1.0,125.08,2.9,"$19,910,000,000,000 ",50.6,100.2,77.0,9.4,59.2,1397715000.0,35.86166,104.195397,Solar energy,1
2405,1100,Logistics,Liying Chen,47.0,China,Shanghai,Package delivery,Logistics,China,,True,D,F,10/30/1975 0:00,Chen,Liying,Founder & Entrepreneur,4/4/2023 5:01,,,1975.0,10.0,30.0,125.08,2.9,"$19,910,000,000,000 ",50.6,100.2,77.0,9.4,59.2,1397715000.0,35.86166,104.195397,Package delivery,1
2405,1100,Technology,Tony Chen,73.0,Taiwan,Taichung,Electronics,Technology,Taiwan,,True,U,M,7/1/1949 0:00,Chen,Tony,Founder & Entrepreneur,4/4/2023 5:01,,,1949.0,7.0,1.0,,,,,,,,,,,,Electronics,1
2405,1100,Manufacturing,Chen Xueling,55.0,China,Shantou,Stationery,Manufacturing,China,,True,D,F,10/16/1967 0:00,Chen,Xueling,Founder & Entrepreneur,4/4/2023 5:01,,,1967.0,10.0,16.0,125.08,2.9,"$19,910,000,000,000 ",50.6,100.2,77.0,9.4,59.2,1397715000.0,35.86166,104.195397,Stationery,1
2405,1100,Food & Beverage,Cheng Lili,58.0,China,Changzhou,Poultry breeding,Food & Beverage,China,,True,D,M,1/1/1965 0:00,Cheng,Lili,Founder & Entrepreneur,4/4/2023 5:01,,,1965.0,1.0,1.0,125.08,2.9,"$19,910,000,000,000 ",50.6,100.2,77.0,9.4,59.2,1397715000.0,35.86166,104.195397,Poultry breeding,1
2405,1100,Technology,Cho Jyh-jer,,,,Semiconductors,Technology,Taiwan,,True,D,M,,Cho,Jyh-jer,Founder & Entrepreneur,4/4/2023 5:01,,,,,,,,,,,,,,,,,Semiconductors,1
2405,1100,Technology,Weili Dai,61.0,United States,Las Vegas,Semiconductors,Technology,United States,Marvell Technology Group Ltd.,True,D,F,9/14/1961 0:00,Dai,Weili,Founder & Lead Investor,4/4/2023 5:01,Nevada,West,1961.0,9.0,14.0,117.24,7.5,"$21,427,700,000,000 ",88.2,101.8,78.5,9.6,36.6,328239523.0,37.09024,-95.712891,"Marvell Technology Group Ltd., Semiconductors",2
2405,1100,Food & Beverage,Carmen Daurella Aguilera,,Spain,Barcelona,Coca-Cola bottler,Food & Beverage,Spain,,False,R,F,,Daurella Aguilera,Carmen,Heir & Major Shareholder,4/4/2023 5:01,,,,,,110.96,0.7,"$1,394,116,310,769 ",88.9,102.7,83.3,14.2,47.0,47076781.0,40.463667,-3.74922,Coca-Cola bottler,1
2405,1100,Manufacturing,Deng Yingzhong,72.0,China,Zhongshan,Paper,Manufacturing,China,,True,D,M,1/1/1951 0:00,Deng,Yingzhong,Founder & Entrepreneur,4/4/2023 5:01,,,1951.0,1.0,1.0,125.08,2.9,"$19,910,000,000,000 ",50.6,100.2,77.0,9.4,59.2,1397715000.0,35.86166,104.195397,Paper,1
2405,1100,Finance & Investments,Shlomo Eliahu,87.0,Israel,Tel Aviv,Insurance,Finance & Investments,Israel,,True,D,M,1/18/1936 0:00,Eliahu,Shlomo,Founder & Entrepreneur,4/4/2023 5:01,,,1936.0,1.0,18.0,108.15,0.8,"$395,098,666,122 ",63.4,104.9,82.8,23.1,25.3,9053300.0,31.046051,34.851612,Insurance,1
2405,1100,Finance & Investments,Henry Engelhardt,65.0,United Kingdom,Cardiff,Insurance,Finance & Investments,United States,Admiral Group ,True,D,M,1/17/1958 0:00,Engelhardt,Henry,Founder & Lead Investor,4/4/2023 5:01,,,1958.0,1.0,17.0,119.62,1.7,"$2,827,113,184,696 ",60.0,101.2,81.3,25.5,30.6,66834405.0,55.378051,-3.435973,"Admiral Group, Insurance",2
2405,1100,Service,Gabriel Escarrer,88.0,Spain,Palma de Majorca,Hotels,Service,Spain,,True,E,M,3/2/1935 0:00,Escarrer,Gabriel,Founder & Entrepreneur,4/4/2023 5:01,,,1935.0,3.0,2.0,110.96,0.7,"$1,394,116,310,769 ",88.9,102.7,83.3,14.2,47.0,47076781.0,40.463667,-3.74922,Hotels,1
2405,1100,Manufacturing,Daniel Feffer,63.0,Brazil,São Paulo,Pulp and paper,Manufacturing,Brazil,,False,D,M,10/28/1959 0:00,Feffer,Daniel,Heir & Major Shareholder & and,4/4/2023 5:01,,,1959.0,10.0,28.0,167.4,3.7,"$1,839,758,040,766 ",51.3,115.4,75.7,14.2,65.1,212559417.0,-14.235004,-51.92528,Pulp and paper,1
2405,1100,Manufacturing,Ruben Feffer,53.0,Brazil,São Paulo,Pulp and paper,Manufacturing,Brazil,,False,D,M,,Feffer,Ruben,Heir & Major Shareholder & and,4/4/2023 5:01,,,,,,167.4,3.7,"$1,839,758,040,766 ",51.3,115.4,75.7,14.2,65.1,212559417.0,-14.235004,-51.92528,Pulp and paper,1
2405,1100,Telecom,Gleb Fetisov,56.0,Cyprus,Limassol,Investments,Telecom,Russia,,True,D,M,6/5/1966 0:00,Fetisov,Gleb,Founder & Entrepreneur,4/4/2023 5:01,,,1966.0,6.0,5.0,102.51,0.3,"$24,564,647,935 ",75.9,99.3,80.8,24.5,22.4,1198575.0,35.126413,33.429859,Investments,1
2405,1100,Fashion & Retail,Paul Fireman,79.0,United States,Brookline,Reebok,Fashion & Retail,United States,,True,E,M,2/14/1944 0:00,Fireman,Paul,Founder & Entrepreneur,4/4/2023 5:01,Massachusetts,Northeast,1944.0,2.0,14.0,117.24,7.5,"$21,427,700,000,000 ",88.2,101.8,78.5,9.6,36.6,328239523.0,37.09024,-95.712891,Reebok,1
2405,1100,Fashion & Retail,Robert Fisher,69.0,United States,San Francisco,Gap,Fashion & Retail,United States,Gap Inc.,False,D,M,8/1/1953 0:00,Fisher,Robert,Chairman,4/4/2023 5:01,California,West,1953.0,8.0,1.0,117.24,7.5,"$21,427,700,000,000 ",88.2,101.8,78.5,9.6,36.6,328239523.0,37.09024,-95.712891,"Gap, Gap Inc.",2
2405,1100,Fashion & Retail,Bernd Freier,66.0,Germany,Rottendorf,Fashion retail,Fashion & Retail,Germany,,True,D,M,1/1/1957 0:00,Freier,Bernd,Founder & Entrepreneur,4/4/2023 5:01,,,1957.0,1.0,1.0,112.85,1.4,"$3,845,630,030,824 ",70.2,104.0,80.9,11.5,48.8,83132799.0,51.165691,10.451526,Fashion retail,1
2405,1100,Manufacturing,Donald Friese,82.0,United States,Los Angeles,Manufacturing,Manufacturing,United States,,True,E,M,10/3/1940 0:00,Friese,Donald,Founder & Entrepreneur,4/4/2023 5:01,California,West,1940.0,10.0,3.0,117.24,7.5,"$21,427,700,000,000 ",88.2,101.8,78.5,9.6,36.6,328239523.0,37.09024,-95.712891,Manufacturing,1
2405,1100,Healthcare,Gan Zhongru,74.0,China,Beijing,Pharmaceuticals,Healthcare,China,,True,D,M,7/1/1948 0:00,Gan,Zhongru,Founder & Entrepreneur,4/4/2023 5:01,,,1948.0,7.0,1.0,125.08,2.9,"$19,910,000,000,000 ",50.6,100.2,77.0,9.4,59.2,1397715000.0,35.86166,104.195397,Pharmaceuticals,1
2405,1100,Fashion & Retail,Rahul Gautam,70.0,India,Delhi,Mattresses,Fashion & Retail,India,,False,D,M,11/18/1952 0:00,Gautam,Rahul,Heir & Major Shareholder,4/4/2023 5:01,,,1952.0,11.0,18.0,180.44,7.7,"$2,611,000,000,000 ",28.1,113.0,69.4,11.2,49.7,1366417754.0,20.593684,78.96288,Mattresses,1
2405,1100,Finance & Investments,David Golub,60.0,United States,New York,Private equity,Finance & Investments,United States,,True,E,M,4/16/1962 0:00,Golub,David,Founder & Lead Investor,4/4/2023 5:01,New York,Northeast,1962.0,4.0,16.0,117.24,7.5,"$21,427,700,000,000 ",88.2,101.8,78.5,9.6,36.6,328239523.0,37.09024,-95.712891,Private equity,1
2405,1100,Real Estate,Pavel Golubkov,47.0,Russia,Moscow,"Building, development",Real Estate,Russia,,True,N,M,3/13/1976 0:00,Golubkov,Pavel,Founder & Entrepreneur & Building,4/4/2023 5:01,,,1976.0,3.0,13.0,180.75,4.5,"$1,699,876,578,871 ",81.9,102.6,72.7,11.4,46.2,144373535.0,61.52401,105.318756,"Building, development",2
2405,1100,Fashion & Retail,Cristina Green,,United Kingdom,London,Fashion retail,Fashion & Retail,United Kingdom,,True,Split Family Fortune,F,,Green,Cristina,Founder & Entrepreneur,4/4/2023 5:01,,,,,,119.62,1.7,"$2,827,113,184,696 ",60.0,101.2,81.3,25.5,30.6,66834405.0,55.378051,-3.435973,Fashion retail,1
2405,1100,Fashion & Retail,Philip Green,,United Kingdom,London,Fashion retail,Fashion & Retail,United Kingdom,,True,Split Family Fortune,M,,Green,Philip,Founder & Entrepreneur,4/4/2023 5:01,,,,,,119.62,1.7,"$2,827,113,184,696 ",60.0,101.2,81.3,25.5,30.6,66834405.0,55.378051,-3.435973,Fashion retail,1
2405,1100,Energy,Said Gutseriev,34.0,United Kingdom,London,"Retail, investments",Energy,Russia,,False,R,M,4/18/1988 0:00,Gutseriev,Said,Heir & Major Shareholder,4/4/2023 5:01,,,1988.0,4.0,18.0,119.62,1.7,"$2,827,113,184,696 ",60.0,101.2,81.3,25.5,30.6,66834405.0,55.378051,-3.435973,"Retail, investments",2
2405,1100,Service,Polys Haji-Ioannou,63.0,Monaco,Monaco,EasyJet,Service,Cyprus,,False,U,M,1/11/1960 0:00,Haji-Ioannou,Polys,Heir & Major Shareholder,4/4/2023 5:01,,,1960.0,1.0,11.0,,,"$7,184,844,193 ",,,,,,38964.0,43.7384176,7.4246158,EasyJet,1
2405,1100,Food & Beverage,He Zuxun,57.0,China,Kunming,Pig breeding,Food & Beverage,China,,True,D,M,10/28/1965 0:00,He,Zuxun,Founder & Entrepreneur & Pig,4/4/2023 5:01,,,1965.0,10.0,28.0,125.08,2.9,"$19,910,000,000,000 ",50.6,100.2,77.0,9.4,59.2,1397715000.0,35.86166,104.195397,Pig breeding,1
2405,1100,Finance & Investments,Christian Herz,,Germany,Hamburg,Coffee,Finance & Investments,Germany,,False,E,M,,Herz,Christian,Heir & Major Shareholder,4/4/2023 5:01,,,,,,112.85,1.4,"$3,845,630,030,824 ",70.2,104.0,80.9,11.5,48.8,83132799.0,51.165691,10.451526,Coffee,1
2405,1100,Finance & Investments,Michaela Herz,,Germany,Hamburg,Coffee,Finance & Investments,Germany,,False,E,F,,Herz,Michaela,Heir & Major Shareholder,4/4/2023 5:01,,,,,,112.85,1.4,"$3,845,630,030,824 ",70.2,104.0,80.9,11.5,48.8,83132799.0,51.165691,10.451526,Coffee,1
2405,1100,Technology,David Hindawi,78.0,United States,Seattle,Software,Technology,United States,Tanium,True,D,M,12/8/1944 0:00,Hindawi,David,Executive Chairman,4/4/2023 5:01,Washington,West,1944.0,12.0,8.0,117.24,7.5,"$21,427,700,000,000 ",88.2,101.8,78.5,9.6,36.6,328239523.0,37.09024,-95.712891,"Software, Tanium",2
2405,1100,Technology,Huang Shan,52.0,China,Shenzhen,Software,Technology,China,,True,R,M,8/9/1970 0:00,Huang,Shan,Founder & Entrepreneur,4/4/2023 5:01,,,1970.0,8.0,9.0,125.08,2.9,"$19,910,000,000,000 ",50.6,100.2,77.0,9.4,59.2,1397715000.0,35.86166,104.195397,Software,1
2405,1100,Technology,Huang Xiaofen & family,61.0,China,Shenzhen,Printed circuit boards,Technology,China,,True,D,F,1/1/1962 0:00,Huang,Xiaofen,Controlling Shareholder & (Family Estate),4/4/2023 5:01,,,1962.0,1.0,1.0,125.08,2.9,"$19,910,000,000,000 ",50.6,100.2,77.0,9.4,59.2,1397715000.0,35.86166,104.195397,Printed circuit boards,1
2405,1100,Automotive,Hiroshi Ishibashi,76.0,Japan,Tokyo,Tires,Automotive,Japan,,False,U,M,8/1/1946 0:00,Ishibashi,Hiroshi,Heir & Major Shareholder,4/4/2023 5:01,,,1946.0,8.0,1.0,105.48,0.5,"$5,081,769,542,380 ",63.2,98.8,84.2,11.9,46.7,126226568.0,36.204824,138.252924,Tires,1
2405,1100,Gambling & Casinos,Masayuki Ishihara,74.0,Japan,Tokyo,Pachinko machines,Gambling & Casinos,Japan,,False,R,M,12/15/1948 0:00,Ishihara,Masayuki,Heir & Major Shareholder,4/4/2023 5:01,,,1948.0,12.0,15.0,105.48,0.5,"$5,081,769,542,380 ",63.2,98.8,84.2,11.9,46.7,126226568.0,36.204824,138.252924,Pachinko machines,1
2405,1100,Finance & Investments,Chatchai Kaewbootta,71.0,Thailand,Bangkok,Auto loans,Finance & Investments,Thailand,,True,D,M,7/5/1951 0:00,Kaewbootta,Chatchai,Founder & Entrepreneur,4/4/2023 5:01,,,1951.0,7.0,5.0,113.27,0.7,"$543,649,976,166 ",49.3,99.8,76.9,14.9,29.5,69625582.0,15.870032,100.992541,Auto loans,1
2405,1100,Finance & Investments,Nikhil Kamath,36.0,India,Bangalore,Financial services,Finance & Investments,India,,True,N,M,9/5/1986 0:00,Kamath,Nikhil,Founder & Entrepreneur,4/4/2023 5:01,,,1986.0,9.0,5.0,180.44,7.7,"$2,611,000,000,000 ",28.1,113.0,69.4,11.2,49.7,1366417754.0,20.593684,78.96288,Financial services,1
2405,1100,Finance & Investments,Jonas Kamprad,57.0,United Kingdom,London,IKEA,Finance & Investments,Sweden,,False,E,M,3/4/1966 0:00,Kamprad,Jonas,Heir & Major Shareholder,4/4/2023 5:01,,,1966.0,3.0,4.0,119.62,1.7,"$2,827,113,184,696 ",60.0,101.2,81.3,25.5,30.6,66834405.0,55.378051,-3.435973,IKEA,1
2405,1100,Finance & Investments,Mathias Kamprad,53.0,United Kingdom,London,IKEA,Finance & Investments,Sweden,,False,E,M,6/27/1969 0:00,Kamprad,Mathias,Heir & Major Shareholder,4/4/2023 5:01,,,1969.0,6.0,27.0,119.62,1.7,"$2,827,113,184,696 ",60.0,101.2,81.3,25.5,30.6,66834405.0,55.378051,-3.435973,IKEA,1
2405,1100,Finance & Investments,Peter Kamprad,59.0,Belgium,Tervuren,IKEA,Finance & Investments,Sweden,,False,E,M,3/29/1964 0:00,Kamprad,Peter,Heir & Major Shareholder,4/4/2023 5:01,,,1964.0,3.0,29.0,117.11,1.4,"$529,606,710,418 ",79.7,103.9,81.6,24.0,55.4,11484055.0,50.503887,4.469936,IKEA,1
2405,1100,Service,Fumio Kaneko,66.0,Japan,Kobe,Waste management,Service,Japan,,True,N,M,10/17/1956 0:00,Kaneko,Fumio,Founder & Entrepreneur,4/4/2023 5:01,,,1956.0,10.0,17.0,105.48,0.5,"$5,081,769,542,380 ",63.2,98.8,84.2,11.9,46.7,126226568.0,36.204824,138.252924,Waste management,1
2405,1100,Automotive,Sunjay Kapur,51.0,India,Delhi,Auto parts,Automotive,United States,,False,D,M,10/15/1971 0:00,Kapur,Sunjay,Heir & Major Shareholder,4/4/2023 5:01,,,1971.0,10.0,15.0,180.44,7.7,"$2,611,000,000,000 ",28.1,113.0,69.4,11.2,49.7,1366417754.0,20.593684,78.96288,Auto parts,1
2405,1100,Energy,Ali Metin Kazanci,88.0,Turkey,Istanbul,Energy,Energy,Turkey,,True,R,M,8/30/1934 0:00,Kazanci,Ali Metin,Founder & Entrepreneur,4/4/2023 5:01,,,1934.0,8.0,30.0,234.44,15.2,"$754,411,708,203 ",23.9,93.2,77.4,17.9,42.3,83429615.0,38.963745,35.243322,Energy,1
2405,1100,Healthcare,Kangbao Ke & family,60.0,China,Guangzhou,Retailing,Healthcare,China,,True,U,M,1/1/1963 0:00,Ke,Kangbao,Controlling Shareholder & (Family Estate),4/4/2023 5:01,,,1963.0,1.0,1.0,125.08,2.9,"$19,910,000,000,000 ",50.6,100.2,77.0,9.4,59.2,1397715000.0,35.86166,104.195397,Retailing,1
2405,1100,Sports,Carsten Koerl,58.0,Switzerland,Zurich,Sports data,Sports,Germany,,True,D,M,11/27/1964 0:00,Koerl,Carsten,Founder & Lead Investor,4/4/2023 5:01,,,1964.0,11.0,27.0,99.55,0.4,"$703,082,435,360 ",59.6,105.2,83.6,10.1,28.8,8574832.0,46.818188,8.227512,Sports data,1
2405,1100,Technology,Koo Bon-sik,64.0,South Korea,Seoul,LG,Technology,South Korea,Heesung,False,E,M,6/28/1958 0:00,Koo,Bon-sik,Heir & Major Shareholder & LG,4/4/2023 5:01,,,1958.0,6.0,28.0,115.16,0.4,"$2,029,000,000,000 ",94.3,98.1,82.6,15.6,33.2,51709098.0,35.907757,127.766922,"Heesung, LG",2
2405,1100,Energy,Andrei Kosogov,62.0,Russia,Moscow,Banking,Energy,Russia,,True,D,M,3/15/1961 0:00,Kosogov,Andrei,Founder & Entrepreneur,4/4/2023 5:01,,,1961.0,3.0,15.0,180.75,4.5,"$1,699,876,578,871 ",81.9,102.6,72.7,11.4,46.2,144373535.0,61.52401,105.318756,Banking,1
2405,1100,Manufacturing,Yogesh Kothari,74.0,India,Mumbai,Specialty chemicals,Manufacturing,India,,True,D,M,1/1/1949 0:00,Kothari,Yogesh,Founder & Entrepreneur,4/4/2023 5:01,,,1949.0,1.0,1.0,180.44,7.7,"$2,611,000,000,000 ",28.1,113.0,69.4,11.2,49.7,1366417754.0,20.593684,78.96288,Specialty chemicals,1
2405,1100,Healthcare,Arvind Lal,73.0,India,Delhi,Medical diagnostics,Healthcare,India,,False,D,M,8/22/1949 0:00,Lal,Arvind,Heir & Major Shareholder,4/4/2023 5:01,,,1949.0,8.0,22.0,180.44,7.7,"$2,611,000,000,000 ",28.1,113.0,69.4,11.2,49.7,1366417754.0,20.593684,78.96288,Medical diagnostics,1
2405,1100,Gambling & Casinos,Manuel Lao Hernández,78.0,Spain,Matadepera,Casinos,Gambling & Casinos,Spain,,True,D,M,6/10/1944 0:00,Lao Hernández,Manuel,Founder & Entrepreneur,4/4/2023 5:01,,,1944.0,6.0,10.0,110.96,0.7,"$1,394,116,310,769 ",88.9,102.7,83.3,14.2,47.0,47076781.0,40.463667,-3.74922,Casinos,1
2405,1100,Construction & Engineering,Lee Joong-keun,82.0,South Korea,Seoul,"Construction, real estate",Construction & Engineering,South Korea,Booyoung Group,True,D,M,1/11/1941 0:00,Lee,Joong-keun,Founder & Entrepreneur & Construction,4/4/2023 5:01,,,1941.0,1.0,11.0,115.16,0.4,"$2,029,000,000,000 ",94.3,98.1,82.6,15.6,33.2,51709098.0,35.907757,127.766922,"Booyoung Group, Construction, real estate",3
2405,1100,Finance & Investments,Nancy Lerner,62.0,United States,Cleveland,"Banking, credit cards",Finance & Investments,United States,,False,E,F,5/11/1960 0:00,Lerner,Nancy,Heir & Major Shareholder & Banking,4/4/2023 5:01,Ohio,Midwest,1960.0,5.0,11.0,117.24,7.5,"$21,427,700,000,000 ",88.2,101.8,78.5,9.6,36.6,328239523.0,37.09024,-95.712891,"Banking, credit cards",2
2405,1100,Finance & Investments,Norma Lerner,87.0,United States,Cleveland,Banking,Finance & Investments,United States,,False,E,F,3/28/1936 0:00,Lerner,Norma,Heir & Major Shareholder,4/4/2023 5:01,Ohio,Midwest,1936.0,3.0,28.0,117.24,7.5,"$21,427,700,000,000 ",88.2,101.8,78.5,9.6,36.6,328239523.0,37.09024,-95.712891,Banking,1
2405,1100,Finance & Investments,Randolph Lerner,61.0,United States,Cleveland,"Banking, credit cards",Finance & Investments,United States,,False,E,M,2/21/1962 0:00,Lerner,Randolph,Heir & Major Shareholder & Banking,4/4/2023 5:01,Ohio,Midwest,1962.0,2.0,21.0,117.24,7.5,"$21,427,700,000,000 ",88.2,101.8,78.5,9.6,36.6,328239523.0,37.09024,-95.712891,"Banking, credit cards",2
2405,1100,Healthcare,Lin Zhijun,47.0,China,Xiamen,Medical devices,Healthcare,China,,True,D,M,9/1/1975 0:00,Lin,Zhijun,Founder & Entrepreneur,4/4/2023 5:01,,,1975.0,9.0,1.0,125.08,2.9,"$19,910,000,000,000 ",50.6,100.2,77.0,9.4,59.2,1397715000.0,35.86166,104.195397,Medical devices,1
2405,1100,Healthcare,Lin Zhixiong & family,49.0,China,Xiamen,Medical devices,Healthcare,China,,True,D,M,7/1/1973 0:00,Lin,Zhixiong,Controlling Shareholder & (Family Estate),4/4/2023 5:01,,,1973.0,7.0,1.0,125.08,2.9,"$19,910,000,000,000 ",50.6,100.2,77.0,9.4,59.2,1397715000.0,35.86166,104.195397,Medical devices,1
2405,1100,Manufacturing,Jeffrey Lorberbaum,68.0,United States,Chattanooga,Flooring,Manufacturing,United States,,False,D,M,10/25/1954 0:00,Lorberbaum,Jeffrey,Heir & Major Shareholder,4/4/2023 5:01,Tennessee,South,1954.0,10.0,25.0,117.24,7.5,"$21,427,700,000,000 ",88.2,101.8,78.5,9.6,36.6,328239523.0,37.09024,-95.712891,Flooring,1
2405,1100,Telecom,Lu Rongfu,52.0,China,Xiamen,Telecommunication,Telecom,China,,True,D,M,1/1/1971 0:00,Lu,Rongfu,Founder & Entrepreneur,4/4/2023 5:01,,,1971.0,1.0,1.0,125.08,2.9,"$19,910,000,000,000 ",50.6,100.2,77.0,9.4,59.2,1397715000.0,35.86166,104.195397,Telecommunication,1
2405,1100,Fashion & Retail,Lyu Yixiong,60.0,China,Shanghai,Cosmetics,Fashion & Retail,China,,True,N,M,1/1/1963 0:00,Lyu,Yixiong,Founder & Entrepreneur,4/4/2023 5:01,,,1963.0,1.0,1.0,125.08,2.9,"$19,910,000,000,000 ",50.6,100.2,77.0,9.4,59.2,1397715000.0,35.86166,104.195397,Cosmetics,1
2405,1100,Technology,Soichiro Minami,46.0,Japan,Tokyo,Internet and software,Technology,Japan,,True,E,M,6/15/1976 0:00,Minami,Soichiro,Founder & Entrepreneur & and,4/4/2023 5:01,,,1976.0,6.0,15.0,105.48,0.5,"$5,081,769,542,380 ",63.2,98.8,84.2,11.9,46.7,126226568.0,36.204824,138.252924,Internet and software,1
2405,1100,Automotive,Pawan Munjal,68.0,India,Delhi,Two wheelers,Automotive,India,,False,Split Family Fortune,M,10/28/1954 0:00,Munjal,Pawan,Heir & Major Shareholder & Two,4/4/2023 5:01,,,1954.0,10.0,28.0,180.44,7.7,"$2,611,000,000,000 ",28.1,113.0,69.4,11.2,49.7,1366417754.0,20.593684,78.96288,Two wheelers,1
2405,1100,Automotive,Renu Munjal,68.0,India,Delhi,Two wheelers,Automotive,India,,False,Split Family Fortune,F,3/6/1955 0:00,Munjal,Renu,Heir & Major Shareholder & Two,4/4/2023 5:01,,,1955.0,3.0,6.0,180.44,7.7,"$2,611,000,000,000 ",28.1,113.0,69.4,11.2,49.7,1366417754.0,20.593684,78.96288,Two wheelers,1
2405,1100,Automotive,Suman Munjal,70.0,India,Delhi,Motorcycles,Automotive,India,,False,Split Family Fortune,M,2/26/1953 0:00,Munjal,Suman,Heir & Major Shareholder,4/4/2023 5:01,,,1953.0,2.0,26.0,180.44,7.7,"$2,611,000,000,000 ",28.1,113.0,69.4,11.2,49.7,1366417754.0,20.593684,78.96288,Motorcycles,1
2405,1100,Energy,Dmitry Nikolaev,56.0,Russia,Kemerovo,Coal,Energy,Russia,,True,N,M,8/17/1966 0:00,Nikolaev,Dmitry ,Founder & Entrepreneur,4/4/2023 5:01,,,1966.0,8.0,17.0,180.75,4.5,"$1,699,876,578,871 ",81.9,102.6,72.7,11.4,46.2,144373535.0,61.52401,105.318756,Coal,1
2405,1100,Automotive,Sjamsul Nursalim,81.0,Singapore,Singapore,"Tires, retail",Automotive,Indonesia,,False,R,M,1/19/1942 0:00,Nursalim,Sjamsul,Heir & Major Shareholder & Tires,4/4/2023 5:01,,,1942.0,1.0,19.0,114.41,0.6,"$372,062,527,489 ",84.8,100.6,83.1,13.1,21.0,5703569.0,1.352083,103.819836,"Tires, retail",2
2405,1100,Fashion & Retail,Adrian Paval,54.0,Romania,Bacau,Retail,Fashion & Retail,Romania,,True,U,M,9/23/1968 0:00,Paval,Adrian,Founder & Entrepreneur,4/4/2023 5:01,,,1968.0,9.0,23.0,123.78,3.8,"$250,077,444,017 ",49.4,85.2,75.4,14.6,20.0,19356544.0,45.943161,24.96676,Retail,1
2405,1100,Diversified,Antonio Percassi,69.0,Italy,Bergamo,"Real estate, diversified",Diversified,Italy,,True,D,M,6/9/1953 0:00,Percassi,Antonio,Founder & Entrepreneur & estate,4/4/2023 5:01,,,1953.0,6.0,9.0,110.62,0.6,"$2,001,244,392,042 ",61.9,101.9,82.9,24.3,59.1,60297396.0,41.87194,12.56738,"Real estate, diversified",10
2405,1100,Fashion & Retail,Kevin Plank,50.0,United States,Lutherville-Timonium,Under Armour,Fashion & Retail,United States,Under Armour,True,D,M,8/13/1972 0:00,Plank,Kevin,Chairman and CEO,4/4/2023 5:01,Maryland,South,1972.0,8.0,13.0,117.24,7.5,"$21,427,700,000,000 ",88.2,101.8,78.5,9.6,36.6,328239523.0,37.09024,-95.712891,Under Armour,1
2405,1100,Healthcare,G.V. Prasad,62.0,India,Hyderabad,Pharmaceuticals,Healthcare,India,,False,U,M,11/22/1960 0:00,Prasad,G.V.,Heir & Major Shareholder,4/4/2023 5:01,,,1960.0,11.0,22.0,180.44,7.7,"$2,611,000,000,000 ",28.1,113.0,69.4,11.2,49.7,1366417754.0,20.593684,78.96288,Pharmaceuticals,1
2405,1100,Healthcare,Pu Zhongjie & family,60.0,China,Beijing,Medical equipment,Healthcare,China,,True,E,M,1/1/1963 0:00,Pu,Zhongjie,Controlling Shareholder & (Family Estate),4/4/2023 5:01,,,1963.0,1.0,1.0,125.08,2.9,"$19,910,000,000,000 ",50.6,100.2,77.0,9.4,59.2,1397715000.0,35.86166,104.195397,Medical equipment,1
2405,1100,Healthcare,Rao Wei & family,58.0,China,Shenzhen,Pharmaceuticals,Healthcare,China,,True,R,M,11/12/1964 0:00,Rao,Wei,Controlling Shareholder & (Family Estate),4/4/2023 5:01,,,1964.0,11.0,12.0,125.08,2.9,"$19,910,000,000,000 ",50.6,100.2,77.0,9.4,59.2,1397715000.0,35.86166,104.195397,Pharmaceuticals,1
2405,1100,Service,Helena Revoredo,76.0,Spain,Madrid,Security services,Service,Spain,,False,D,F,2/10/1947 0:00,Revoredo,Helena,Heir & Major Shareholder,4/4/2023 5:01,,,1947.0,2.0,10.0,110.96,0.7,"$1,394,116,310,769 ",88.9,102.7,83.3,14.2,47.0,47076781.0,40.463667,-3.74922,Security services,1
2405,1100,Finance & Investments,Matthew Roszak,50.0,United States,Chicago,Cryptocurrency,Finance & Investments,United States,,True,D,M,12/9/1972 0:00,Roszak,Matthew,Founder & Entrepreneur,4/4/2023 5:01,Illinois,Midwest,1972.0,12.0,9.0,117.24,7.5,"$21,427,700,000,000 ",88.2,101.8,78.5,9.6,36.6,328239523.0,37.09024,-95.712891,Cryptocurrency,1
2405,1100,Technology,Paul Sciarra,42.0,United States,San Francisco,Pinterest,Technology,United States,,True,D,M,2/15/1981 0:00,Sciarra,Paul,Founder & Entrepreneur,4/4/2023 5:01,California,West,1981.0,2.0,15.0,117.24,7.5,"$21,427,700,000,000 ",88.2,101.8,78.5,9.6,36.6,328239523.0,37.09024,-95.712891,Pinterest,1
2405,1100,Finance & Investments,Rajesh Sharma,53.0,India,Mumbai,Finance,Finance & Investments,India,,False,N,M,2/25/1970 0:00,Sharma,Rajesh,Heir & Major Shareholder,4/4/2023 5:01,,,1970.0,2.0,25.0,180.44,7.7,"$2,611,000,000,000 ",28.1,113.0,69.4,11.2,49.7,1366417754.0,20.593684,78.96288,Finance,1
2405,1100,Energy,Dean Solon,58.0,United States,Gallatin,Solar systems,Energy,United States,,True,U,M,1/1/1965 0:00,Solon,Dean,Founder & Entrepreneur,4/4/2023 5:01,Tennessee,South,1965.0,1.0,1.0,117.24,7.5,"$21,427,700,000,000 ",88.2,101.8,78.5,9.6,36.6,328239523.0,37.09024,-95.712891,Solar systems,1
2405,1100,Finance & Investments,Michael Spencer,67.0,United Kingdom,"London, Suffolk",Stock exchange,Finance & Investments,United Kingdom,,True,E,M,5/30/1955 0:00,Spencer,Michael,Founder & Entrepreneur,4/4/2023 5:01,,,1955.0,5.0,30.0,119.62,1.7,"$2,827,113,184,696 ",60.0,101.2,81.3,25.5,30.6,66834405.0,55.378051,-3.435973,Stock exchange,1
2405,1100,Finance & Investments,Joseph Steinberg,79.0,United States,New York,Investments,Finance & Investments,United States,,True,U,M,2/5/1944 0:00,Steinberg,Joseph,Founder & Entrepreneur,4/4/2023 5:01,New York,Northeast,1944.0,2.0,5.0,117.24,7.5,"$21,427,700,000,000 ",88.2,101.8,78.5,9.6,36.6,328239523.0,37.09024,-95.712891,Investments,1
2405,1100,Food & Beverage,Zachary Stern,41.0,United States,Jackson,Liquor,Food & Beverage,United States,,False,Split Family Fortune,M,1/9/1982 0:00,Stern,Zachary,Heir & Major Shareholder,4/4/2023 5:01,Wyoming,South,1982.0,1.0,9.0,117.24,7.5,"$21,427,700,000,000 ",88.2,101.8,78.5,9.6,36.6,328239523.0,37.09024,-95.712891,Liquor,1
2405,1100,Manufacturing,Manny Stul,73.0,Australia,Melbourne,Toys,Manufacturing,Australia,,True,D,M,5/9/1949 0:00,Stul,Manny,Founder & Entrepreneur,4/4/2023 5:01,,,1949.0,5.0,9.0,119.8,1.6,"$1,392,680,589,329 ",113.1,100.3,82.7,23.0,47.4,25766605.0,-25.274398,133.775136,Toys,1
2405,1100,Technology,Sun Hongjun,49.0,China,Shanghai,Semiconductors,Technology,China,,True,D,M,7/1/1973 0:00,Sun,Hongjun,Founder & Entrepreneur,4/4/2023 5:01,,,1973.0,7.0,1.0,125.08,2.9,"$19,910,000,000,000 ",50.6,100.2,77.0,9.4,59.2,1397715000.0,35.86166,104.195397,Semiconductors,1
2405,1100,Manufacturing,Sun Weijie,59.0,China,Yantai,Oilfield equipment,Manufacturing,China,,True,D,M,7/26/1963 0:00,Sun,Weijie,Founder & Entrepreneur,4/4/2023 5:01,,,1963.0,7.0,26.0,125.08,2.9,"$19,910,000,000,000 ",50.6,100.2,77.0,9.4,59.2,1397715000.0,35.86166,104.195397,Oilfield equipment,1
2405,1100,Technology,Sehat Sutardja,61.0,United States,Las Vegas,Semiconductors,Technology,United States,,True,D,M,7/9/1961 0:00,Sutardja,Sehat,Founder & Entrepreneur,4/4/2023 5:01,Nevada,West,1961.0,7.0,9.0,117.24,7.5,"$21,427,700,000,000 ",88.2,101.8,78.5,9.6,36.6,328239523.0,37.09024,-95.712891,Semiconductors,1
2405,1100,Media & Entertainment,Min-Liang Tan,45.0,Singapore,Singapore,gaming,Media & Entertainment,Singapore,,True,R,M,11/5/1977 0:00,Tan,Min-Liang,Founder & Entrepreneur,4/4/2023 5:01,,,1977.0,11.0,5.0,114.41,0.6,"$372,062,527,489 ",84.8,100.6,83.1,13.1,21.0,5703569.0,1.352083,103.819836,gaming,1
2405,1100,Fashion & Retail,Tan Yu Yeh,52.0,Malaysia,Selangor,Retail,Fashion & Retail,Malaysia,,True,D,M,1/1/1971 0:00,Tan,Yu Yeh,Founder & Entrepreneur,4/4/2023 5:01,,,1971.0,1.0,1.0,121.46,0.7,"$364,701,517,788 ",45.1,105.3,76.0,12.0,38.7,32447385.0,4.210484,101.975766,Retail,1
2405,1100,Automotive,Tang Aoqi & family,77.0,China,Changzhou,Auto parts,Automotive,China,,True,N,M,4/11/1945 0:00,Tang,Aoqi,Controlling Shareholder & (Family Estate),4/4/2023 5:01,,,1945.0,4.0,11.0,125.08,2.9,"$19,910,000,000,000 ",50.6,100.2,77.0,9.4,59.2,1397715000.0,35.86166,104.195397,Auto parts,1
2405,1100,Manufacturing,Vonnarat Tangkaravakoon,51.0,Thailand,Bangkok,"Wire & cables, paints",Manufacturing,Thailand,,False,D,M,9/11/1971 0:00,Tangkaravakoon,Vonnarat,Heir & Major Shareholder & cables,4/4/2023 5:01,,,1971.0,9.0,11.0,113.27,0.7,"$543,649,976,166 ",49.3,99.8,76.9,14.9,29.5,69625582.0,15.870032,100.992541,"Wire & cables, paints",2
2405,1100,Food & Beverage,Tsao Ter-fung,76.0,Taiwan,Taipei,Food,Food & Beverage,Taiwan,,True,N,M,1/1/1947 0:00,Tsao,Ter-fung,Founder & Entrepreneur,4/4/2023 5:01,,,1947.0,1.0,1.0,,,,,,,,,,,,Food,1
2405,1100,Manufacturing,Tung Ching Sai,58.0,China,Dongguan,Manufacturing,Manufacturing,China,,True,D,M,1/1/1965 0:00,Tung,Ching Sai,Founder & Entrepreneur,4/4/2023 5:01,,,1965.0,1.0,1.0,125.08,2.9,"$19,910,000,000,000 ",50.6,100.2,77.0,9.4,59.2,1397715000.0,35.86166,104.195397,Manufacturing,1
2405,1100,Technology,Arkady Volozh,59.0,Israel,Tel Aviv,Search engine,Technology,Russia,,True,R,M,2/11/1964 0:00,Volozh,Arkady,Founder & Entrepreneur,4/4/2023 5:01,,,1964.0,2.0,11.0,108.15,0.8,"$395,098,666,122 ",63.4,104.9,82.8,23.1,25.3,9053300.0,31.046051,34.851612,Search engine,1
2405,1100,Manufacturing,Peter-Alexander Wacker,71.0,Germany,Starnberg,Chemicals,Manufacturing,Germany,,False,U,M,10/2/1951 0:00,Wacker,Peter-Alexander,Heir & Major Shareholder,4/4/2023 5:01,,,1951.0,10.0,2.0,112.85,1.4,"$3,845,630,030,824 ",70.2,104.0,80.9,11.5,48.8,83132799.0,51.165691,10.451526,Chemicals,1
2405,1100,Food & Beverage,Wan Long,82.0,China,Luohe,Food,Food & Beverage,China,,True,D,M,9/1/1940 0:00,Wan,Long,Founder & Entrepreneur,4/4/2023 5:01,,,1940.0,9.0,1.0,125.08,2.9,"$19,910,000,000,000 ",50.6,100.2,77.0,9.4,59.2,1397715000.0,35.86166,104.195397,Food,1
2405,1100,Diversified,Wang Han,35.0,China,Shanghai,Airline,Diversified,China,,False,D,M,8/1/1987 0:00,Wang,Han,Heir & Major Shareholder,4/4/2023 5:01,,,1987.0,8.0,1.0,125.08,2.9,"$19,910,000,000,000 ",50.6,100.2,77.0,9.4,59.2,1397715000.0,35.86166,104.195397,Airline,1
2405,1100,Media & Entertainment,Lars Wingefors,46.0,Sweden,Karlstad,Video games,Media & Entertainment,Sweden,,True,D,M,4/2/1977 0:00,Wingefors,Lars,Founder & Entrepreneur,4/4/2023 5:01,,,1977.0,4.0,2.0,110.51,1.8,"$530,832,908,738 ",67.0,126.6,82.5,27.9,49.1,10285453.0,60.128161,18.643501,Video games,1
2405,1100,Manufacturing,Allan Wong,73.0,Hong Kong,Hong Kong,Electronics,Manufacturing,Hong Kong,,True,E,M,4/1/1950 0:00,Wong,Allan,Founder & Entrepreneur,4/4/2023 5:01,,,1950.0,4.0,1.0,,,,,,,,,,,,Electronics,1
2405,1100,Sports,Tiger Woods,47.0,United States,Jupiter Island,Golf,Sports,United States,PGA,True,N,M,12/30/1975 0:00,Woods,Tiger,Founder & Lead Investor,4/4/2023 5:01,Florida,South,1975.0,12.0,30.0,117.24,7.5,"$21,427,700,000,000 ",88.2,101.8,78.5,9.6,36.6,328239523.0,37.09024,-95.712891,"Golf, PGA",2
2405,1100,Fashion & Retail,Horst Wortmann,81.0,Germany,Detmold,Footwear,Fashion & Retail,Germany,,True,D,M,5/8/1941 0:00,Wortmann,Horst,Founder & Entrepreneur,4/4/2023 5:01,,,1941.0,5.0,8.0,112.85,1.4,"$3,845,630,030,824 ",70.2,104.0,80.9,11.5,48.8,83132799.0,51.165691,10.451526,Footwear,1
2405,1100,Telecom,Wu Kaiting,53.0,China,Xiamen,Electronics,Telecom,Hong Kong,,True,D,M,12/1/1969 0:00,Wu,Kaiting,Founder & Entrepreneur,4/4/2023 5:01,,,1969.0,12.0,1.0,125.08,2.9,"$19,910,000,000,000 ",50.6,100.2,77.0,9.4,59.2,1397715000.0,35.86166,104.195397,Electronics,1
2405,1100,Manufacturing,Wu Li-gann,82.0,Taiwan,Kaohsiung,Electronic components,Manufacturing,Taiwan,,True,D,M,1/1/1941 0:00,Wu,Li-gann,Founder & Entrepreneur,4/4/2023 5:01,,,1941.0,1.0,1.0,,,,,,,,,,,,Electronic components,1
2405,1100,Food & Beverage,Wu Xiangdong,54.0,China,Beijing,Consumer,Food & Beverage,China,,True,D,M,1/1/1969 0:00,Wu,Xiangdong,Founder & Entrepreneur,4/4/2023 5:01,,,1969.0,1.0,1.0,125.08,2.9,"$19,910,000,000,000 ",50.6,100.2,77.0,9.4,59.2,1397715000.0,35.86166,104.195397,Consumer,1
2405,1100,Healthcare,Xiu Laigui,68.0,China,Tonghua,Pharmaceuticals,Healthcare,China,,True,D,M,7/1/1954 0:00,Xiu,Laigui,Founder & Entrepreneur,4/4/2023 5:01,,,1954.0,7.0,1.0,125.08,2.9,"$19,910,000,000,000 ",50.6,100.2,77.0,9.4,59.2,1397715000.0,35.86166,104.195397,Pharmaceuticals,1
2405,1100,Healthcare,Xu Jiangnan,61.0,China,Leping,Vitamins,Healthcare,China,,True,N,M,1/1/1962 0:00,Xu,Jiangnan,Founder & Entrepreneur,4/4/2023 5:01,,,1962.0,1.0,1.0,125.08,2.9,"$19,910,000,000,000 ",50.6,100.2,77.0,9.4,59.2,1397715000.0,35.86166,104.195397,Vitamins,1
2405,1100,Telecom,Xue Jiping,72.0,China,Nantong,Cable,Telecom,China,,True,D,M,1/1/1951 0:00,Xue,Jiping,Founder & Entrepreneur,4/4/2023 5:01,,,1951.0,1.0,1.0,125.08,2.9,"$19,910,000,000,000 ",50.6,100.2,77.0,9.4,59.2,1397715000.0,35.86166,104.195397,Cable,1
2405,1100,Manufacturing,Yao Hsiao Tung,83.0,Singapore,Singapore,Manufacturing,Manufacturing,Singapore,,True,U,M,1/1/1940 0:00,Yao,Hsiao Tung,Founder & Entrepreneur,4/4/2023 5:01,,,1940.0,1.0,1.0,114.41,0.6,"$372,062,527,489 ",84.8,100.6,83.1,13.1,21.0,5703569.0,1.352083,103.819836,Manufacturing,1
2405,1100,Technology,Ye Qiongjiu,68.0,China,Hangzhou,Software,Technology,China,,True,U,F,10/14/1954 0:00,Ye,Qiongjiu,Founder & Entrepreneur,4/4/2023 5:01,,,1954.0,10.0,14.0,125.08,2.9,"$19,910,000,000,000 ",50.6,100.2,77.0,9.4,59.2,1397715000.0,35.86166,104.195397,Software,1
2405,1100,Food & Beverage,Yanqiao Ye,53.0,China,Foshan,Soy sauce,Food & Beverage,China,,True,D,M,10/1/1969 0:00,Ye,Yanqiao,Founder & Entrepreneur & Soy,4/4/2023 5:01,,,1969.0,10.0,1.0,125.08,2.9,"$19,910,000,000,000 ",50.6,100.2,77.0,9.4,59.2,1397715000.0,35.86166,104.195397,Soy sauce,1
2405,1100,Manufacturing,Yeh Kuo-I,81.0,,,Manufacturing,Manufacturing,Taiwan,,True,D,M,4/21/1941 0:00,Yeh,Kuo-I,Founder & Entrepreneur,4/4/2023 5:01,,,1941.0,4.0,21.0,,,,,,,,,,,,Manufacturing,1
2405,1100,Media & Entertainment,Yu Faxiang,51.0,China,Shaoxing,"Tourism, cultural industry",Media & Entertainment,China,,True,D,M,10/7/1971 0:00,Yu,Faxiang,Founder & Entrepreneur & Tourism,4/4/2023 5:01,,,1971.0,10.0,7.0,125.08,2.9,"$19,910,000,000,000 ",50.6,100.2,77.0,9.4,59.2,1397715000.0,35.86166,104.195397,"Tourism, cultural industry",2
2405,1100,Metals & Mining,Zeng Chaolin,40.0,China,Yongzhou,Aluminium,Metals & Mining,China,,False,D,M,8/1/1982 0:00,Zeng,Chaolin,Heir & Major Shareholder,4/4/2023 5:01,,,1982.0,8.0,1.0,125.08,2.9,"$19,910,000,000,000 ",50.6,100.2,77.0,9.4,59.2,1397715000.0,35.86166,104.195397,Aluminium,1
2405,1100,Construction & Engineering,Kapeng Zhang,58.0,China,Linhai,Building materials,Construction & Engineering,China,,True,U,M,1/1/1965 0:00,Zhang,Kapeng,Founder & Entrepreneur,4/4/2023 5:01,,,1965.0,1.0,1.0,125.08,2.9,"$19,910,000,000,000 ",50.6,100.2,77.0,9.4,59.2,1397715000.0,35.86166,104.195397,Building materials,1
2405,1100,Fashion & Retail,Zhang Xuansong,51.0,China,Fuzhou,Supermarkets,Fashion & Retail,China,,True,D,M,10/9/1971 0:00,Zhang,Xuansong,Founder & Entrepreneur,4/4/2023 5:01,,,1971.0,10.0,9.0,125.08,2.9,"$19,910,000,000,000 ",50.6,100.2,77.0,9.4,59.2,1397715000.0,35.86166,104.195397,Supermarkets,1
2405,1100,Food & Beverage,Zhang Xuewu,48.0,China,Changsha,Snacks,Food & Beverage,China,,True,R,M,8/19/1974 0:00,Zhang,Xuewu,Founder & Entrepreneur,4/4/2023 5:01,,,1974.0,8.0,19.0,125.08,2.9,"$19,910,000,000,000 ",50.6,100.2,77.0,9.4,59.2,1397715000.0,35.86166,104.195397,Snacks,1
2405,1100,Technology,Zhu Yiming,50.0,China,Beijing,Semiconductors,Technology,China,,True,D,M,7/1/1972 0:00,Zhu,Yiming,Founder & Entrepreneur,4/4/2023 5:01,,,1972.0,7.0,1.0,125.08,2.9,"$19,910,000,000,000 ",50.6,100.2,77.0,9.4,59.2,1397715000.0,35.86166,104.195397,Semiconductors,1
2405,1100,Manufacturing,Zhu Zhaojiang,49.0,China,Shenzhen,Smartphones,Manufacturing,China,,True,D,M,1/1/1974 0:00,Zhu,Zhaojiang,Founder & Entrepreneur,4/4/2023 5:01,,,1974.0,1.0,1.0,125.08,2.9,"$19,910,000,000,000 ",50.6,100.2,77.0,9.4,59.2,1397715000.0,35.86166,104.195397,Smartphones,1
2405,1100,Manufacturing,Zhuo Jun,57.0,Hong Kong,Hong Kong,Printed circuit boards,Manufacturing,Hong Kong,,False,D,F,1/1/1966 0:00,Zhuo,Jun,Heir & Major Shareholder,4/4/2023 5:01,,,1966.0,1.0,1.0,,,,,,,,,,,,Printed circuit boards,1
2540,1000,Food & Beverage,Manohar Lal Agarwal,68.0,India,Delhi,Snacks,Food & Beverage,India,,False,N,M,10/30/1954 0:00,Agarwal,Manohar Lal,Heir & Major Shareholder,4/4/2023 5:01,,,1954.0,10.0,30.0,180.44,7.7,"$2,611,000,000,000 ",28.1,113.0,69.4,11.2,49.7,1366417754.0,20.593684,78.96288,Snacks,1
2540,1000,Finance & Investments,Christian Angermayer,44.0,United Kingdom,London,Investments,Finance & Investments,Germany,,True,D,M,4/26/1978 0:00,Angermayer,Christian,Founder & Entrepreneur,4/4/2023 5:01,,,1978.0,4.0,26.0,119.62,1.7,"$2,827,113,184,696 ",60.0,101.2,81.3,25.5,30.6,66834405.0,55.378051,-3.435973,Investments,1
2540,1000,Fashion & Retail,Ryuji Arai,76.0,Japan,Tokyo,Retail,Fashion & Retail,Japan,,True,D,M,5/28/1946 0:00,Arai,Ryuji,Founder & Entrepreneur,4/4/2023 5:01,,,1946.0,5.0,28.0,105.48,0.5,"$5,081,769,542,380 ",63.2,98.8,84.2,11.9,46.7,126226568.0,36.204824,138.252924,Retail,1
2540,1000,Healthcare,Anna Maria Braun,44.0,Germany,Melsungen,Medical technology,Healthcare,Germany,,False,D,F,1/1/1979 0:00,Braun,Anna Maria,Heir & Major Shareholder,4/4/2023 5:01,,,1979.0,1.0,1.0,112.85,1.4,"$3,845,630,030,824 ",70.2,104.0,80.9,11.5,48.8,83132799.0,51.165691,10.451526,Medical technology,1
2540,1000,Healthcare,Johanna Braun,43.0,Germany,Melsungen,Medical technology,Healthcare,Germany,,False,E,F,1/1/1980 0:00,Braun,Johanna,Heir & Major Shareholder,4/4/2023 5:01,,,1980.0,1.0,1.0,112.85,1.4,"$3,845,630,030,824 ",70.2,104.0,80.9,11.5,48.8,83132799.0,51.165691,10.451526,Medical technology,1
2540,1000,Healthcare,Karl Friedrich Braun,40.0,Germany,Melsungen,Medical technology,Healthcare,Germany,,False,E,M,1/1/1983 0:00,Braun,Karl Friedrich,Heir & Major Shareholder,4/4/2023 5:01,,,1983.0,1.0,1.0,112.85,1.4,"$3,845,630,030,824 ",70.2,104.0,80.9,11.5,48.8,83132799.0,51.165691,10.451526,Medical technology,1
2540,1000,Healthcare,Ludwig Theodor Braun,33.0,Germany,Melsungen,Medical technology,Healthcare,Germany,,False,D,M,1/1/1990 0:00,Braun,Ludwig Theodor,Heir & Major Shareholder,4/4/2023 5:01,,,1990.0,1.0,1.0,112.85,1.4,"$3,845,630,030,824 ",70.2,104.0,80.9,11.5,48.8,83132799.0,51.165691,10.451526,Medical technology,1
2540,1000,Diversified,Ana Maria Brescia Cafferata,98.0,Peru,Lima,"Mining, banking",Diversified,Peru,,False,D,F,4/19/1924 0:00,Brescia Cafferata,Ana Maria,Heir & Major Shareholder & Mining,4/4/2023 5:01,,,1924.0,4.0,19.0,129.78,2.1,"$226,848,050,820 ",70.7,106.9,76.5,14.3,36.8,32510453.0,-9.189967,-75.015152,"Mining, banking",2
2540,1000,Media & Entertainment,Jimmy Buffett,76.0,United States,Palm Beach,"Entertainment, Margaritaville",Media & Entertainment,United States,,True,N,M,12/25/1946 0:00,Buffett,Jimmy,Founder & Lead Investor & Entertainment,4/4/2023 5:01,Florida,,1946.0,12.0,25.0,117.24,7.5,"$21,427,700,000,000 ",88.2,101.8,78.5,9.6,36.6,328239523.0,37.09024,-95.712891,"Entertainment, Margaritaville",2
2540,1000,Gambling & Casinos,Hideyuki Busujima,70.0,Japan,Tokyo,Pachinko machines,Gambling & Casinos,Japan,,False,R,M,9/30/1952 0:00,Busujima,Hideyuki,Heir & Major Shareholder,4/4/2023 5:01,,,1952.0,9.0,30.0,105.48,0.5,"$5,081,769,542,380 ",63.2,98.8,84.2,11.9,46.7,126226568.0,36.204824,138.252924,Pachinko machines,1
2540,1000,Finance & Investments,Edouard Carmignac,75.0,France,Paris,Asset management,Finance & Investments,France,,True,D,M,9/4/1947 0:00,Carmignac,Edouard,Founder & Entrepreneur,4/4/2023 5:01,,,1947.0,9.0,4.0,110.05,1.1,"$2,715,518,274,227 ",65.6,102.5,82.5,24.2,60.7,67059887.0,46.227638,2.213749,Asset management,1
2540,1000,Logistics,Chang Kuo-Ming,,Taiwan,Taipei,Transportation,Logistics,Taiwan,,False,D,M,,Chang,Kuo-Ming,Heir & Major Shareholder,4/4/2023 5:01,,,,,,,,,,,,,,,,,Transportation,1
2540,1000,Manufacturing,Chen Jiancheng,64.0,China,Shangyu,Manufacturing,Manufacturing,China,,True,D,M,1/13/1959 0:00,Chen,Jiancheng,Founder & Entrepreneur,4/4/2023 5:01,,,1959.0,1.0,13.0,125.08,2.9,"$19,910,000,000,000 ",50.6,100.2,77.0,9.4,59.2,1397715000.0,35.86166,104.195397,Manufacturing,1
2540,1000,Media & Entertainment,Rui Chen,45.0,China,Shanghai,Online entertainment,Media & Entertainment,China,,True,R,M,1/1/1978 0:00,Chen,Rui,Founder & Entrepreneur,4/4/2023 5:01,,,1978.0,1.0,1.0,125.08,2.9,"$19,910,000,000,000 ",50.6,100.2,77.0,9.4,59.2,1397715000.0,35.86166,104.195397,Online entertainment,1
2540,1000,Manufacturing,Chen Shiliang,59.0,China,Tongxiang,Polyester,Manufacturing,China,,True,D,M,12/1/1963 0:00,Chen,Shiliang,Founder & Entrepreneur,4/4/2023 5:01,,,1963.0,12.0,1.0,125.08,2.9,"$19,910,000,000,000 ",50.6,100.2,77.0,9.4,59.2,1397715000.0,35.86166,104.195397,Polyester,1
2540,1000,Technology,Tianqiao Chen,49.0,United States,Atherton,Online games,Technology,China,,True,D,M,5/16/1973 0:00,Chen,Tianqiao,Founder & Entrepreneur,4/4/2023 5:01,California,West,1973.0,5.0,16.0,117.24,7.5,"$21,427,700,000,000 ",88.2,101.8,78.5,9.6,36.6,328239523.0,37.09024,-95.712891,Online games,1
2540,1000,Energy,Yuantai Chen,55.0,China,Ningde,Batteries,Energy,China,,True,D,M,3/1/1968 0:00,Chen,Yuantai,Founder & Entrepreneur,4/4/2023 5:01,,,1968.0,3.0,1.0,125.08,2.9,"$19,910,000,000,000 ",50.6,100.2,77.0,9.4,59.2,1397715000.0,35.86166,104.195397,Batteries,1
2540,1000,Food & Beverage,Cheng Antares,65.0,Hong Kong,Hong Kong,Liquor,Food & Beverage,Hong Kong,,True,D,M,11/1/1957 0:00,Cheng,Antares,Founder & Entrepreneur,4/4/2023 5:01,,,1957.0,11.0,1.0,,,,,,,,,,,,Liquor,1
2540,1000,Manufacturing,Kochouseph Chittilappilly,72.0,India,Kochi,Electrical appliances,Manufacturing,India,,True,R,M,12/27/1950 0:00,Chittilappilly,Kochouseph,Founder & Entrepreneur,4/4/2023 5:01,,,1950.0,12.0,27.0,180.44,7.7,"$2,611,000,000,000 ",28.1,113.0,69.4,11.2,49.7,1366417754.0,20.593684,78.96288,Electrical appliances,1
2540,1000,Real Estate,John Christodoulou,57.0,Monaco,Monaco,Real estate,Real Estate,United Kingdom,,True,N,M,5/24/1965 0:00,Christodoulou,John,Founder & Entrepreneur,4/4/2023 5:01,,,1965.0,5.0,24.0,,,"$7,184,844,193 ",,,,,,38964.0,43.7384176,7.4246158,Real estate,1
2540,1000,Finance & Investments,Pollyanna Chu,64.0,Hong Kong,Hong Kong,"Financial services, property",Finance & Investments,Hong Kong,,True,E,F,8/3/1958 0:00,Chu,Pollyanna,Founder & Entrepreneur & services,4/4/2023 5:01,,,1958.0,8.0,3.0,,,,,,,,,,,,"Financial services, property",2
2540,1000,Diversified,Turgay Ciner,67.0,Turkey,Istanbul,Diversified,Diversified,Turkey,,True,D,M,3/1/1956 0:00,Ciner,Turgay,Founder & Entrepreneur,4/4/2023 5:01,,,1956.0,3.0,1.0,234.44,15.2,"$754,411,708,203 ",23.9,93.2,77.4,17.9,42.3,83429615.0,38.963745,35.243322,Diversified,10
2540,1000,Technology,Benoit Dageville,56.0,United States,San Carlos,Software,Technology,United States,,True,D,M,6/29/1966 0:00,Dageville,Benoit,Founder & Entrepreneur,4/4/2023 5:01,California,West,1966.0,6.0,29.0,117.24,7.5,"$21,427,700,000,000 ",88.2,101.8,78.5,9.6,36.6,328239523.0,37.09024,-95.712891,Software,1
2540,1000,Real Estate,Mark Dixon,63.0,Monaco,Monaco,Office real estate,Real Estate,United Kingdom,,True,D,M,11/2/1959 0:00,Dixon,Mark,Founder & Entrepreneur,4/4/2023 5:01,,,1959.0,11.0,2.0,,,"$7,184,844,193 ",,,,,,38964.0,43.7384176,7.4246158,Office real estate,1
2540,1000,Technology,Du Yulin & family,50.0,China,Guangzhou,Software,Technology,China,,True,N,M,8/1/1972 0:00,Du,Yulin,Controlling Shareholder & (Family Estate),4/4/2023 5:01,,,1972.0,8.0,1.0,125.08,2.9,"$19,910,000,000,000 ",50.6,100.2,77.0,9.4,59.2,1397715000.0,35.86166,104.195397,Software,1
2540,1000,Healthcare,Feng Yuxia,58.0,China,Beijing,Pharmaceuticals,Healthcare,China,,True,D,F,11/6/1964 0:00,Feng,Yuxia,Founder & Entrepreneur,4/4/2023 5:01,,,1964.0,11.0,6.0,125.08,2.9,"$19,910,000,000,000 ",50.6,100.2,77.0,9.4,59.2,1397715000.0,35.86166,104.195397,Pharmaceuticals,1
2540,1000,Healthcare,Benedicte Find,68.0,Denmark,Copenhagen,Medical devices,Healthcare,Denmark,,False,D,F,9/21/1954 0:00,Find,Benedicte,Heir & Major Shareholder,4/4/2023 5:01,,,1954.0,9.0,21.0,110.35,0.8,"$348,078,018,464 ",80.6,101.3,81.0,32.4,23.8,5818553.0,56.26392,9.501785,Medical devices,1
2540,1000,Fashion & Retail,William Fisher,66.0,United States,San Francisco,Gap,Fashion & Retail,United States,Gap Inc.,False,D,M,4/1/1957 0:00,Fisher,William,Heir & Major Shareholder & Gap,4/4/2023 5:01,California,West,1957.0,4.0,1.0,117.24,7.5,"$21,427,700,000,000 ",88.2,101.8,78.5,9.6,36.6,328239523.0,37.09024,-95.712891,"Gap, Gap Inc.",2
2540,1000,Manufacturing,Gao Yunfeng,56.0,China,Shenzhen,Industrial lasers,Manufacturing,China,,True,D,M,2/1/1967 0:00,Gao,Yunfeng,Founder & Entrepreneur,4/4/2023 5:01,,,1967.0,2.0,1.0,125.08,2.9,"$19,910,000,000,000 ",50.6,100.2,77.0,9.4,59.2,1397715000.0,35.86166,104.195397,Industrial lasers,1
2540,1000,Real Estate,Jianming Geng,60.0,China,Langfang,Real estate,Real Estate,China,,True,D,M,9/1/1962 0:00,Geng,Jianming,Founder & Entrepreneur,4/4/2023 5:01,,,1962.0,9.0,1.0,125.08,2.9,"$19,910,000,000,000 ",50.6,100.2,77.0,9.4,59.2,1397715000.0,35.86166,104.195397,Real estate,1
2540,1000,Finance & Investments,Sven Hagströmer,79.0,Sweden,Stockholm,Financial services,Finance & Investments,Sweden,,True,D,M,11/30/1943 0:00,Hagströmer,Sven,Founder & Entrepreneur,4/4/2023 5:01,,,1943.0,11.0,30.0,110.51,1.8,"$530,832,908,738 ",67.0,126.6,82.5,27.9,49.1,10285453.0,60.128161,18.643501,Financial services,1
2540,1000,Service,Clelia Haji-Ioannou,52.0,Monaco,Monte Carlo,EasyJet,Service,Cyprus,,False,R,F,1/1/1971 0:00,Haji-Ioannou,Clelia,Heir & Major Shareholder,4/4/2023 5:01,,,1971.0,1.0,1.0,,,"$7,184,844,193 ",,,,,,38964.0,43.7384176,7.4246158,EasyJet,1
2540,1000,Service,Stelios Haji-Ioannou,56.0,Monaco,Monte Carlo,EasyJet,Service,Cyprus,,False,D,M,2/14/1967 0:00,Haji-Ioannou,Stelios,Heir & Major Shareholder,4/4/2023 5:01,,,1967.0,2.0,14.0,,,"$7,184,844,193 ",,,,,,38964.0,43.7384176,7.4246158,EasyJet,1
2540,1000,Manufacturing,Hang Hong,55.0,China,Wuxi,Machinery,Manufacturing,China,,True,D,F,1/1/1968 0:00,Hang,Hong,Founder & Entrepreneur,4/4/2023 5:01,,,1968.0,1.0,1.0,125.08,2.9,"$19,910,000,000,000 ",50.6,100.2,77.0,9.4,59.2,1397715000.0,35.86166,104.195397,Machinery,1
2540,1000,Manufacturing,He Yamin & family,66.0,China,Chengdu,Manufacturing,Manufacturing,China,,True,D,M,2/23/1957 0:00,He,Yamin,Controlling Shareholder & (Family Estate),4/4/2023 5:01,,,1957.0,2.0,23.0,125.08,2.9,"$19,910,000,000,000 ",50.6,100.2,77.0,9.4,59.2,1397715000.0,35.86166,104.195397,Manufacturing,1
2540,1000,Energy,Ghan Djoe Hiang,79.0,Indonesia,Jakarta,Coal,Energy,Indonesia,,False,N,F,9/3/1943 0:00,Hiang,Ghan Djoe,Heir & Major Shareholder,4/4/2023 5:01,,,1943.0,9.0,3.0,151.18,3.0,"$1,119,190,780,753 ",36.3,106.4,71.5,10.2,30.1,270203917.0,-0.789275,113.921327,Coal,1
2540,1000,Technology,Hong Feng,46.0,China,Beijing,Smartphones,Technology,China,,True,D,M,1/1/1977 0:00,Hong,Feng,Founder & Entrepreneur,4/4/2023 5:01,,,1977.0,1.0,1.0,125.08,2.9,"$19,910,000,000,000 ",50.6,100.2,77.0,9.4,59.2,1397715000.0,35.86166,104.195397,Smartphones,1
2540,1000,Fashion & Retail,Hong Seok-joh,70.0,South Korea,Seoul,Convenience stores,Fashion & Retail,South Korea,BGF Co. Ltd.,False,D,M,1/8/1953 0:00,Hong,Seok-joh,Heir & Major Shareholder,4/4/2023 5:01,,,1953.0,1.0,8.0,115.16,0.4,"$2,029,000,000,000 ",94.3,98.1,82.6,15.6,33.2,51709098.0,35.907757,127.766922,"BGF Co. Ltd., Convenience stores",2
2540,1000,Healthcare,Hu Gengxi & family,59.0,China,Shanghai,Bio-Pharma,Healthcare,China,,True,R,M,1/9/1964 0:00,Hu,Gengxi,Controlling Shareholder & (Family Estate),4/4/2023 5:01,,,1964.0,1.0,9.0,125.08,2.9,"$19,910,000,000,000 ",50.6,100.2,77.0,9.4,59.2,1397715000.0,35.86166,104.195397,Bio-Pharma,1
2540,1000,Technology,Danilo Iervolino,45.0,Italy,Rome,Online universities,Technology,Italy,,True,N,M,4/2/1978 0:00,Iervolino,Danilo,Founder & Entrepreneur,4/4/2023 5:01,,,1978.0,4.0,2.0,110.62,0.6,"$2,001,244,392,042 ",61.9,101.9,82.9,24.3,59.1,60297396.0,41.87194,12.56738,Online universities,1
2540,1000,Finance & Investments,Hedda im Brahm-Droege,68.0,Germany,Dusseldorf,Investments,Finance & Investments,Germany,,True,D,F,1/1/1955 0:00,im Brahm-Droege,Hedda,Founder & Entrepreneur,4/4/2023 5:01,,,1955.0,1.0,1.0,112.85,1.4,"$3,845,630,030,824 ",70.2,104.0,80.9,11.5,48.8,83132799.0,51.165691,10.451526,Investments,1
2540,1000,Manufacturing,Inder Jaisinghani,70.0,India,Mumbai,Cables & wires,Manufacturing,India,,True,N,M,3/29/1953 0:00,Jaisinghani,Inder ,Founder & Entrepreneur &,4/4/2023 5:01,,,1953.0,3.0,29.0,180.44,7.7,"$2,611,000,000,000 ",28.1,113.0,69.4,11.2,49.7,1366417754.0,20.593684,78.96288,Cables & wires,1
2540,1000,Sports,LeBron James,38.0,United States,Los Angeles,Basketball,Sports,United States,NBA,True,N,M,12/30/1984 0:00,James,LeBron,Founder & Lead Investor,4/4/2023 5:01,California,West,1984.0,12.0,30.0,117.24,7.5,"$21,427,700,000,000 ",88.2,101.8,78.5,9.6,36.6,328239523.0,37.09024,-95.712891,"Basketball, NBA",2
2540,1000,Fashion & Retail,Johan Johannson,56.0,Norway,Oslo,Grocery stores,Fashion & Retail,Norway,,False,D,M,1/1/1967 0:00,Johannson,Johan,Heir & Major Shareholder,4/4/2023 5:01,,,1967.0,1.0,1.0,120.27,2.2,"$403,336,363,636 ",82.0,100.3,82.8,23.9,36.2,5347896.0,60.472024,8.468946,Grocery stores,1
2540,1000,Technology,Morris Kahn,93.0,Israel,Beit Yanay,Software,Technology,Israel,,True,E,M,1/1/1930 0:00,Kahn,Morris,Founder & Entrepreneur,4/4/2023 5:01,,,1930.0,1.0,1.0,108.15,0.8,"$395,098,666,122 ",63.4,104.9,82.8,23.1,25.3,9053300.0,31.046051,34.851612,Software,1
2540,1000,Manufacturing,Ashok Kajaria,75.0,India,Delhi,Tiles,Manufacturing,India,,True,R,M,8/1/1947 0:00,Kajaria,Ashok,Founder & Entrepreneur,4/4/2023 5:01,,,1947.0,8.0,1.0,180.44,7.7,"$2,611,000,000,000 ",28.1,113.0,69.4,11.2,49.7,1366417754.0,20.593684,78.96288,Tiles,1
2540,1000,Finance & Investments,Marcelo Kalim,53.0,Brazil,Sao Paulo,Banking,Finance & Investments,Brazil,,True,E,M,10/15/1969 0:00,Kalim,Marcelo,Founder & Entrepreneur,4/4/2023 5:01,,,1969.0,10.0,15.0,167.4,3.7,"$1,839,758,040,766 ",51.3,115.4,75.7,14.2,65.1,212559417.0,-14.235004,-51.92528,Banking,1
2540,1000,Sports,Ken Kendrick,79.0,United States,Paradise Valley,"Banking, sports team",Sports,United States,,True,E,M,9/2/1943 0:00,Kendrick,Ken,Founder & Entrepreneur & Banking,4/4/2023 5:01,Arizona,West,1943.0,9.0,2.0,117.24,7.5,"$21,427,700,000,000 ",88.2,101.8,78.5,9.6,36.6,328239523.0,37.09024,-95.712891,"Banking, sports team",2
2540,1000,Technology,Brad Keywell,53.0,United States,Chicago,"Software, investments",Technology,United States,,True,N,M,10/27/1969 0:00,Keywell,Brad,Founder & Entrepreneur & Software,4/4/2023 5:01,Illinois,Midwest,1969.0,10.0,27.0,117.24,7.5,"$21,427,700,000,000 ",88.2,101.8,78.5,9.6,36.6,328239523.0,37.09024,-95.712891,"Software, investments",2
2540,1000,Energy,Muhammed Aziz Khan,68.0,Singapore,Singapore,Power,Energy,Bangladesh,,True,N,M,3/1/1955 0:00,Khan,Muhammed Aziz,Founder & Entrepreneur,4/4/2023 5:01,,,1955.0,3.0,1.0,114.41,0.6,"$372,062,527,489 ",84.8,100.6,83.1,13.1,21.0,5703569.0,1.352083,103.819836,Power,1
2540,1000,Fashion & Retail,Kim Jung-woong,48.0,South Korea,Seoul,Cosmetics,Fashion & Retail,South Korea,,True,D,M,1/1/1975 0:00,Kim,Jung-woong,Founder & Entrepreneur,4/4/2023 5:01,,,1975.0,1.0,1.0,115.16,0.4,"$2,029,000,000,000 ",94.3,98.1,82.6,15.6,33.2,51709098.0,35.907757,127.766922,Cosmetics,1
2540,1000,Diversified,Ihor Kolomoyskyy,60.0,Ukraine,Kiev,"Banking, investments",Diversified,Israel,,True,E,M,2/13/1963 0:00,Kolomoyskyy,Ihor,Founder & Entrepreneur & Banking,4/4/2023 5:01,,,1963.0,2.0,13.0,281.66,7.9,"$153,781,069,118 ",82.7,99.0,71.6,20.1,45.2,44385155.0,48.379433,31.16558,"Banking, investments",2
2540,1000,Real Estate,Kong Jian Min,55.0,China,Guangzhou,Real estate,Real Estate,China,,True,D,M,1/1/1968 0:00,Kong,Jian Min,Founder & Entrepreneur,4/4/2023 5:01,,,1968.0,1.0,1.0,125.08,2.9,"$19,910,000,000,000 ",50.6,100.2,77.0,9.4,59.2,1397715000.0,35.86166,104.195397,Real estate,1
2540,1000,Manufacturing,Koo Bon-neung,74.0,South Korea,Seoul,Electronics,Manufacturing,South Korea,Heesung Electronics,False,D,M,3/26/1949 0:00,Koo,Bon-neung,Heir & Major Shareholder,4/4/2023 5:01,,,1949.0,3.0,26.0,115.16,0.4,"$2,029,000,000,000 ",94.3,98.1,82.6,15.6,33.2,51709098.0,35.907757,127.766922,"Electronics, Heesung Electronics",2
2540,1000,Real Estate,Michael Kum,78.0,Singapore,Singapore,Hotels,Real Estate,Singapore,,True,N,M,1/1/1945 0:00,Kum,Michael,Founder & Entrepreneur,4/4/2023 5:01,,,1945.0,1.0,1.0,114.41,0.6,"$372,062,527,489 ",84.8,100.6,83.1,13.1,21.0,5703569.0,1.352083,103.819836,Hotels,1
2540,1000,Real Estate,Richard Kurtz,82.0,United States,Palm Beach,Real estate,Real Estate,United States,,True,N,M,5/15/1940 0:00,Kurtz,Richard,Founder & Entrepreneur,4/4/2023 5:01,Florida,South,1940.0,5.0,15.0,117.24,7.5,"$21,427,700,000,000 ",88.2,101.8,78.5,9.6,36.6,328239523.0,37.09024,-95.712891,Real estate,1
2540,1000,Finance & Investments,Lev Kvetnoi,57.0,Russia,Moscow,Cement,Finance & Investments,Russia,,True,R,M,8/27/1965 0:00,Kvetnoi,Lev,Founder & Entrepreneur,4/4/2023 5:01,,,1965.0,8.0,27.0,180.75,4.5,"$1,699,876,578,871 ",81.9,102.6,72.7,11.4,46.2,144373535.0,61.52401,105.318756,Cement,1
2540,1000,Finance & Investments,Michiel Le Roux,73.0,South Africa,Stellenbosch,Banking,Finance & Investments,South Africa,,True,D,M,5/20/1949 0:00,Le Roux,Michiel,Founder & Entrepreneur,4/4/2023 5:01,,,1949.0,5.0,20.0,158.93,4.1,"$351,431,649,241 ",22.4,100.9,63.9,27.5,29.2,58558270.0,-30.559482,22.937506,Banking,1
2540,1000,Technology,Li Wanqiang,45.0,China,Beijing,Smartphones,Technology,China,,True,D,M,8/1/1977 0:00,Li,Wanqiang,Founder & Entrepreneur,4/4/2023 5:01,,,1977.0,8.0,1.0,125.08,2.9,"$19,910,000,000,000 ",50.6,100.2,77.0,9.4,59.2,1397715000.0,35.86166,104.195397,Smartphones,1
2540,1000,Fashion & Retail,Liu Baolin,69.0,China,Wuhan,Pharmacies,Fashion & Retail,China,,True,E,M,6/1/1953 0:00,Liu,Baolin,Founder & Entrepreneur,4/4/2023 5:01,,,1953.0,6.0,1.0,125.08,2.9,"$19,910,000,000,000 ",50.6,100.2,77.0,9.4,59.2,1397715000.0,35.86166,104.195397,Pharmacies,1
2540,1000,Healthcare,Loo Choon Yong,74.0,Singapore,Singapore,Healthcare,Healthcare,Singapore,,True,N,M,2/27/1949 0:00,Loo,Choon Yong,Founder & Entrepreneur,4/4/2023 5:01,,,1949.0,2.0,27.0,114.41,0.6,"$372,062,527,489 ",84.8,100.6,83.1,13.1,21.0,5703569.0,1.352083,103.819836,Healthcare,1
2540,1000,Technology,Lu Yonghua & family,59.0,China,Shanghai,Electronics,Technology,China,,True,D,M,7/26/1963 0:00,Lu,Yonghua,Controlling Shareholder & (Family Estate),4/4/2023 5:01,,,1963.0,7.0,26.0,125.08,2.9,"$19,910,000,000,000 ",50.6,100.2,77.0,9.4,59.2,1397715000.0,35.86166,104.195397,Electronics,1
2540,1000,Manufacturing,Ma Xiuhui,52.0,China,Shanghai,LED lighting,Manufacturing,China,,True,D,F,1/7/1971 0:00,Ma,Xiuhui,Founder & Entrepreneur & LED,4/4/2023 5:01,,,1971.0,1.0,7.0,125.08,2.9,"$19,910,000,000,000 ",50.6,100.2,77.0,9.4,59.2,1397715000.0,35.86166,104.195397,LED lighting,1
2540,1000,Technology,Apoorva Mehta,36.0,United States,San Francisco,Grocery delivery service,Technology,Canada,Instacart,True,D,M,7/19/1986 0:00,Mehta,Apoorva,Founder,4/4/2023 5:01,California,West,1986.0,7.0,19.0,117.24,7.5,"$21,427,700,000,000 ",88.2,101.8,78.5,9.6,36.6,328239523.0,37.09024,-95.712891,"Grocery delivery service, Instacart",2
2540,1000,Manufacturing,Gabriella Meister,,Germany,Landsberg am Lech,Appliances,Manufacturing,Germany,,False,D,F,,Meister,Gabriella,Heir & Major Shareholder,4/4/2023 5:01,,,,,,112.85,1.4,"$3,845,630,030,824 ",70.2,104.0,80.9,11.5,48.8,83132799.0,51.165691,10.451526,Appliances,1
2540,1000,Manufacturing,Ulrike Meister,56.0,Germany,Landsberg,Appliances,Manufacturing,Germany,,False,D,F,3/13/1967 0:00,Meister,Ulrike,Heir & Major Shareholder,4/4/2023 5:01,,,1967.0,3.0,13.0,112.85,1.4,"$3,845,630,030,824 ",70.2,104.0,80.9,11.5,48.8,83132799.0,51.165691,10.451526,Appliances,1
2540,1000,Construction & Engineering,Andrei Molchanov,51.0,Russia,Moscow,Construction materials,Construction & Engineering,Russia,,True,R,M,9/24/1971 0:00,Molchanov,Andrei,Founder & Entrepreneur,4/4/2023 5:01,,,1971.0,9.0,24.0,180.75,4.5,"$1,699,876,578,871 ",81.9,102.6,72.7,11.4,46.2,144373535.0,61.52401,105.318756,Construction materials,1
2540,1000,Manufacturing,Fulvio Montipò & family,78.0,Italy,Reggio Emilia,Hydraulic pumps,Manufacturing,Italy,,True,N,M,10/22/1944 0:00,Montipò,Fulvio,Controlling Shareholder & (Family Estate),4/4/2023 5:01,,,1944.0,10.0,22.0,110.62,0.6,"$2,001,244,392,042 ",61.9,101.9,82.9,24.3,59.1,60297396.0,41.87194,12.56738,Hydraulic pumps,1
2540,1000,Finance & Investments,Stanley Motta,77.0,,,Finance,Finance & Investments,Panama,,False,N,M,6/15/1945 0:00,Motta,Stanley,Heir & Major Shareholder,4/4/2023 5:01,,,1945.0,6.0,15.0,,,,,,,,,,,,Finance,1
2540,1000,Media & Entertainment,Tyler Perry,53.0,United States,Atlanta,"Movies, television",Media & Entertainment,United States,Television,True,E,M,9/14/1969 0:00,Perry,Tyler,Founder & Lead Investor & Movies,4/4/2023 5:01,Georgia,South,1969.0,9.0,14.0,117.24,7.5,"$21,427,700,000,000 ",88.2,101.8,78.5,9.6,36.6,328239523.0,37.09024,-95.712891,"Movies, Television, television",3
2540,1000,Fashion & Retail,Réal Plourde,,Canada,Westmount,Convenience stores,Fashion & Retail,Canada,,True,N,M,,Plourde,Réal,Founder & Entrepreneur,4/4/2023 5:01,,,,,,116.76,1.9,"$1,736,425,629,520 ",68.9,100.9,81.9,12.8,24.5,36991981.0,56.130366,-106.346771,Convenience stores,1
2540,1000,Food & Beverage,Vera Rechulski Santo Domingo,74.0,Bermuda,,Beer,Food & Beverage,Brazil,,False,E,F,12/26/1948 0:00,Rechulski Santo Domingo,Vera,Heir & Major Shareholder,4/4/2023 5:01,,,1948.0,12.0,26.0,,,,,,,,,,,,Beer,1
2540,1000,Energy,George Sakellaris,76.0,United States,Milton,Energy services,Energy,United States,,True,D,M,6/3/1946 0:00,Sakellaris,George,Founder & Entrepreneur,4/4/2023 5:01,Massachusetts,Northeast,1946.0,6.0,3.0,117.24,7.5,"$21,427,700,000,000 ",88.2,101.8,78.5,9.6,36.6,328239523.0,37.09024,-95.712891,Energy services,1
2540,1000,Media & Entertainment,Eddy Kusnadi Sariaatmadja,69.0,Indonesia,Jakarta,"Media, tech",Media & Entertainment,Indonesia,,True,D,M,8/23/1953 0:00,Sariaatmadja,Eddy Kusnadi,Founder & Entrepreneur & Media,4/4/2023 5:01,,,1953.0,8.0,23.0,151.18,3.0,"$1,119,190,780,753 ",36.3,106.4,71.5,10.2,30.1,270203917.0,-0.789275,113.921327,"Media, tech",2
2540,1000,Technology,Neerja Sethi,68.0,United States,Fisher Island,"IT consulting, outsourcing",Technology,United States,,True,E,F,1/16/1955 0:00,Sethi,Neerja,Founder & Entrepreneur & IT consulting,4/4/2023 5:01,Florida,South,1955.0,1.0,16.0,117.24,7.5,"$21,427,700,000,000 ",88.2,101.8,78.5,9.6,36.6,328239523.0,37.09024,-95.712891,"IT consulting, outsourcing",2
2540,1000,Technology,Scott Smith,73.0,United States,Provo,Cloud computing,Technology,United States,,True,D,M,4/12/1949 0:00,Smith,Scott,Founder & Entrepreneur,4/4/2023 5:01,Utah,West,1949.0,4.0,12.0,117.24,7.5,"$21,427,700,000,000 ",88.2,101.8,78.5,9.6,36.6,328239523.0,37.09024,-95.712891,Cloud computing,1
2540,1000,Service,Petter Stordalen & family,60.0,Norway,Oslo,Hotels,Service,Norway,,True,D,M,11/29/1962 0:00,Stordalen,Petter,Controlling Shareholder & (Family Estate),4/4/2023 5:01,,,1962.0,11.0,29.0,120.27,2.2,"$403,336,363,636 ",82.0,100.3,82.8,23.9,36.2,5347896.0,60.472024,8.468946,Hotels,1
2540,1000,Diversified,Ivan Streshinsky,53.0,Russia,Moscow,"Metals, telecom",Diversified,Russia,,True,N,M,10/2/1969 0:00,Streshinsky,Ivan,Founder & Entrepreneur & Metals,4/4/2023 5:01,,,1969.0,10.0,2.0,180.75,4.5,"$1,699,876,578,871 ",81.9,102.6,72.7,11.4,46.2,144373535.0,61.52401,105.318756,"Metals, telecom",2
2540,1000,Finance & Investments,Sergei Sudarikov,51.0,Russia,Moscow,"Finance, development",Finance & Investments,Russia,,True,R,M,5/12/1971 0:00,Sudarikov,Sergei,Founder & Entrepreneur & Finance,4/4/2023 5:01,,,1971.0,5.0,12.0,180.75,4.5,"$1,699,876,578,871 ",81.9,102.6,72.7,11.4,46.2,144373535.0,61.52401,105.318756,"Finance, development",2
2540,1000,Manufacturing,Wijono Tanoko,70.0,Indonesia,Surabaya,Paints,Manufacturing,Indonesia,,False,Split Family Fortune,M,8/28/1952 0:00,Tanoko,Wijono,Heir & Major Shareholder,4/4/2023 5:01,,,1952.0,8.0,28.0,151.18,3.0,"$1,119,190,780,753 ",36.3,106.4,71.5,10.2,30.1,270203917.0,-0.789275,113.921327,Paints,1
2540,1000,Manufacturing,Haryanto Tjiptodihardjo,59.0,Indonesia,Jakarta,Manufacturing,Manufacturing,Indonesia,,False,N,M,4/30/1963 0:00,Tjiptodihardjo,Haryanto,Heir & Major Shareholder,4/4/2023 5:01,,,1963.0,4.0,30.0,151.18,3.0,"$1,119,190,780,753 ",36.3,106.4,71.5,10.2,30.1,270203917.0,-0.789275,113.921327,Manufacturing,1
2540,1000,Food & Beverage,David Tran & family,77.0,United States,Arcadia,Hot sauce,Food & Beverage,United States,,True,N,M,11/19/1945 0:00,Tran,David,Controlling Shareholder & Hot  (Family Estate),4/4/2023 5:01,California,West,1945.0,11.0,19.0,117.24,7.5,"$21,427,700,000,000 ",88.2,101.8,78.5,9.6,36.6,328239523.0,37.09024,-95.712891,Hot sauce,1
2540,1000,Media & Entertainment,Kenzo Tsujimoto,82.0,Japan,Osaka,Video games,Media & Entertainment,Japan,,True,N,M,12/15/1940 0:00,Tsujimoto,Kenzo,Founder & Entrepreneur,4/4/2023 5:01,,,1940.0,12.0,15.0,105.48,0.5,"$5,081,769,542,380 ",63.2,98.8,84.2,11.9,46.7,126226568.0,36.204824,138.252924,Video games,1
2540,1000,Telecom,Murat Vargi,75.0,Turkey,Istanbul,Telecom,Telecom,Turkey,,True,D,M,11/14/1947 0:00,Vargi,Murat,Founder & Entrepreneur,4/4/2023 5:01,,,1947.0,11.0,14.0,234.44,15.2,"$754,411,708,203 ",23.9,93.2,77.4,17.9,42.3,83429615.0,38.963745,35.243322,Telecom,1
2540,1000,Technology,Shigefumi Wada,70.0,Japan,"Nakano, Tokyo",Software,Technology,Japan,,True,E,M,8/30/1952 0:00,Wada,Shigefumi,Founder & Entrepreneur,4/4/2023 5:01,,,1952.0,8.0,30.0,105.48,0.5,"$5,081,769,542,380 ",63.2,98.8,84.2,11.9,46.7,126226568.0,36.204824,138.252924,Software,1
2540,1000,Healthcare,Wan Feng & family,54.0,China,Shenzhen,Medical equipment,Healthcare,China,,True,R,M,1/1/1969 0:00,Wan,Feng,Controlling Shareholder & (Family Estate),4/4/2023 5:01,,,1969.0,1.0,1.0,125.08,2.9,"$19,910,000,000,000 ",50.6,100.2,77.0,9.4,59.2,1397715000.0,35.86166,104.195397,Medical equipment,1
2540,1000,Automotive,Wang Jianfeng & family,53.0,China,Ningbo,Auto parts,Automotive,China,,True,D,M,,Wang,Jianfeng,Controlling Shareholder & (Family Estate),4/4/2023 5:01,,,,,,125.08,2.9,"$19,910,000,000,000 ",50.6,100.2,77.0,9.4,59.2,1397715000.0,35.86166,104.195397,Auto parts,1
2540,1000,Logistics,Masaru Wasami,77.0,,,Logistics,Logistics,Japan,,True,R,M,5/23/1945 0:00,Wasami,Masaru,Founder & Entrepreneur,4/4/2023 5:01,,,1945.0,5.0,23.0,,,,,,,,,,,,Logistics,1
2540,1000,Finance & Investments,V. Prem Watsa,72.0,Canada,Toronto,"Insurance, investments",Finance & Investments,Canada,,True,R,M,8/5/1950 0:00,Watsa,V. Prem,Founder & Entrepreneur & Insurance,4/4/2023 5:01,,,1950.0,8.0,5.0,116.76,1.9,"$1,736,425,629,520 ",68.9,100.9,81.9,12.8,24.5,36991981.0,56.130366,-106.346771,"Insurance, investments",2
2540,1000,Food & Beverage,Wen Pengcheng & family,60.0,China,Yunfu,Agribusiness,Food & Beverage,China,,True,D,M,10/8/1962 0:00,Wen,Pengcheng,Controlling Shareholder & (Family Estate),4/4/2023 5:01,,,1962.0,10.0,8.0,125.08,2.9,"$19,910,000,000,000 ",50.6,100.2,77.0,9.4,59.2,1397715000.0,35.86166,104.195397,Agribusiness,1
2540,1000,Sports,Toto Wolff,51.0,Monaco,,Sports,Sports,Austria,,True,N,M,1/12/1972 0:00,Wolff,Toto,Founder & Entrepreneur,4/4/2023 5:01,,,1972.0,1.0,12.0,,,"$7,184,844,193 ",,,,,,38964.0,43.7384176,7.4246158,Sports,1
2540,1000,Manufacturing,Franziska Wuerbser,35.0,,,Kitchen appliances,Manufacturing,Germany,,False,D,F,3/21/1988 0:00,Wuerbser,Franziska,Heir & Major Shareholder,4/4/2023 5:01,,,1988.0,3.0,21.0,,,,,,,,,,,,Kitchen appliances,1
2540,1000,Fashion & Retail,Xie Bingzheng & family,54.0,China,Guangzhou,Apparel,Fashion & Retail,China,,True,N,M,1/1/1969 0:00,Xie,Bingzheng,Controlling Shareholder & (Family Estate),4/4/2023 5:01,,,1969.0,1.0,1.0,125.08,2.9,"$19,910,000,000,000 ",50.6,100.2,77.0,9.4,59.2,1397715000.0,35.86166,104.195397,Apparel,1
2540,1000,Manufacturing,Xu Gang,59.0,China,Jiaozuo,Chemicals,Manufacturing,China,,True,D,M,4/17/1963 0:00,Xu,Gang,Founder & Entrepreneur,4/4/2023 5:01,,,1963.0,4.0,17.0,125.08,2.9,"$19,910,000,000,000 ",50.6,100.2,77.0,9.4,59.2,1397715000.0,35.86166,104.195397,Chemicals,1
2540,1000,Manufacturing,Yan Junxu,53.0,China,Taicang,Manufacturing,Manufacturing,China,,True,D,M,7/17/1969 0:00,Yan,Junxu,Founder & Entrepreneur,4/4/2023 5:01,,,1969.0,7.0,17.0,125.08,2.9,"$19,910,000,000,000 ",50.6,100.2,77.0,9.4,59.2,1397715000.0,35.86166,104.195397,Manufacturing,1
2540,1000,Healthcare,Yi Xianzhong & family,63.0,China,Guangzhou,Pharmaceuticals,Healthcare,China,,True,D,M,5/1/1959 0:00,Yi,Xianzhong,Controlling Shareholder & (Family Estate),4/4/2023 5:01,,,1959.0,5.0,1.0,125.08,2.9,"$19,910,000,000,000 ",50.6,100.2,77.0,9.4,59.2,1397715000.0,35.86166,104.195397,Pharmaceuticals,1
2540,1000,Healthcare,Yu Rong,51.0,China,Shanghai,Health clinics,Healthcare,China,,True,D,M,12/14/1971 0:00,Yu,Rong,Founder & Entrepreneur,4/4/2023 5:01,,,1971.0,12.0,14.0,125.08,2.9,"$19,910,000,000,000 ",50.6,100.2,77.0,9.4,59.2,1397715000.0,35.86166,104.195397,Health clinics,1
2540,1000,Food & Beverage,"Richard Yuengling, Jr.",80.0,United States,Pottsville,Beer,Food & Beverage,United States,,False,E,M,3/10/1943 0:00,Yuengling,Richard,Heir & Major Shareholder,4/4/2023 5:01,Pennsylvania,Northeast,1943.0,3.0,10.0,117.24,7.5,"$21,427,700,000,000 ",88.2,101.8,78.5,9.6,36.6,328239523.0,37.09024,-95.712891,Beer,1
2540,1000,Manufacturing,Zhang Gongyun,60.0,China,Gaomi,Tyre manufacturing machinery,Manufacturing,China,,True,R,M,12/18/1962 0:00,Zhang,Gongyun,Founder & Entrepreneur,4/4/2023 5:01,,,1962.0,12.0,18.0,125.08,2.9,"$19,910,000,000,000 ",50.6,100.2,77.0,9.4,59.2,1397715000.0,35.86166,104.195397,Tyre manufacturing machinery,1
2540,1000,Real Estate,Zhang Guiping & family,71.0,China,Nanjing,Real estate,Real Estate,China,,True,D,M,8/21/1951 0:00,Zhang,Guiping,Controlling Shareholder & (Family ),4/4/2023 5:01,,,1951.0,8.0,21.0,125.08,2.9,"$19,910,000,000,000 ",50.6,100.2,77.0,9.4,59.2,1397715000.0,35.86166,104.195397,Real estate,1
2540,1000,Diversified,Inigo Zobel,66.0,Philippines,Makati,Diversified,Diversified,Philippines,,False,R,M,11/1/1956 0:00,Zobel,Inigo,Heir & Major Shareholder,4/4/2023 5:01,,,1956.0,11.0,1.0,129.61,2.5,"$376,795,508,680 ",35.5,107.5,71.1,14.0,43.1,108116615.0,12.879721,121.774017,Diversified,10
